candidate_query,normalized_intent,body_area,symptom,situation,timing,closest_existing_url,closest_existing_topic,overlap_risk,unique_intent,medical_value,commercial_relevance,funnel_target_url,red_flag_sensitivity,recommended_action,priority,notes
Hals Klossgefühl ohne Erkältung,hals: klossgefühl ohne erkältung,Hals,Klossgefühl,ohne Erkältung,,/beschwerden/stress-burnout/,Stress & Burnout,low,yes,medium,medium,/beschwerden/stress-burnout/,medium,CREATE,P1,"P1: Globusgefühl nirgends abgedeckt; stressassoziiert mit klarer Abklärungslogik (HNO/Reflux). Links: stress-burnout, sodbrennen. UMGESETZT 09/2026 als /koerpersignale/klossgefuehl-im-hals/."
Ohr pocht im Takt des Herzschlags nachts,ohr: pocht im takt des herzschlags nachts,Ohr,pocht im Takt des Herzschlags,nachts,nachts,/beschwerden/tinnitus/,Tinnitus,low,yes,high,medium,/beschwerden/tinnitus/,high,CREATE,P1,"P1: pulsatiler Tinnitus, medizinisch eigenes Muster. NUR mit prominenter ärztlicher Abklärung (Gefässursachen); TCM ausdrücklich nachrangig. Funnel: /beschwerden/tinnitus/. UMGESETZT 09/2026 als /koerpersignale/herzschlag-im-ohr/."
Schwindel beim Umdrehen im Bett,schwindel: tritt auf beim umdrehen im bett,Schwindel,tritt auf,beim Umdrehen im Bett,,/beschwerden/schwindel/,Schwindel,medium,yes,high,medium,/beschwerden/schwindel/,medium,CREATE,P1,"P1: BPLS-Muster, klar eigener Vor-Diagnose-Intent; Schwindel-Seite deckt das Lagerungs-Muster nicht spezifisch. Red Flags + HNO-/Neuro-Verweis zwingend; Funnel: /beschwerden/schwindel/. UMGESETZT 09/2026 als /koerpersignale/schwindel-beim-umdrehen-im-bett/."
Wade krampft nachts,wade: krampft nachts,Wade,krampft,nachts,nachts,/beschwerden/restless-legs/,Restless Legs,low,yes,medium,medium,/beschwerden/restless-legs/,none,CREATE,P1,"P1: kein bestehendes Leaf; Magnesium/Elektrolyte/Medikamente als Ursachen; Links: restless-legs, polyneuropathie. UMGESETZT 09/2026 als /koerpersignale/wadenkraempfe-nachts/."
Augenlid zuckt seit Tagen,augenlid: zuckt seit tagen,Augenlid,zuckt,seit Tagen,,/beschwerden/stress-burnout/,Stress & Burnout,low,yes,medium,low,/beschwerden/stress-burnout/,none,CREATE,P2,"P2: gutartiges Stress-/Schlafmangel-Signal; Links: stress-burnout, schlafprobleme."
Füsse sind kalt immer,füsse: sind kalt immer,Füsse,sind kalt,immer,,/beschwerden/raynaud-syndrom/,Raynaud-Syndrom,low,yes,medium,medium,/beschwerden/durchblutungsstoerungen/,none,SUPPORTING_SECTION,P2,"P2: zusammen mit ""Hände kalt"" EINE Kandidaten-Seite (kalte Hände & Füsse) — nicht zwei."
Hals ständiges Räuspern morgens,hals: ständiges räuspern morgens,Hals,ständiges Räuspern,morgens,morgens,/beschwerden/sodbrennen/,Sodbrennen & Reflux,low,yes,medium,medium,/beschwerden/sodbrennen/,none,CREATE,P2,"P2: Muster stiller Reflux/postnasaler Tropf; zusammen mit ""Schleim im Hals"" EINE Seite. Links: sodbrennen, sinusitis, allergien-heuschnupfen. UMGESETZT 09/2026 als /koerpersignale/staendiger-raeusperzwang/."
Herz stolpert im Liegen,herz: stolpert im liegen,Herz,stolpert,im Liegen,,/beschwerden/angststoerungen/,Angststörungen,low,yes,high,medium,/beschwerden/angststoerungen/,high,REVIEW_MANUALLY,P2,"P2 nur unter Auflagen: EKG/kardiologische Abklärung prominent, TCM ausschliesslich als Begleitung bei gutartigem Befund; sonst verwerfen."
Hände sind kalt immer,hände: sind kalt immer,Hände,sind kalt,immer,,/beschwerden/raynaud-syndrom/,Raynaud-Syndrom,low,yes,medium,medium,/beschwerden/raynaud-syndrom/,none,CREATE,P2,"P2: konstitutionelles Muster vs. Raynaud-Anfallsmuster abgrenzen; Links: raynaud-syndrom, durchblutungsstoerungen, eisenmangel. UMGESETZT 09/2026 als /koerpersignale/kalte-haende-einseitig/."
Körper schwitzt nachts stark,körper: schwitzt nachts stark,Körper,schwitzt,nachts stark,nachts,/beschwerden/hyperhidrose/,Starkes Schwitzen (Hyperhidrose) – TCM,high,no,high,low,/beschwerden/hyperhidrose/,high,CREATE,P2,P2: isolierter Nachtschweiss ≠ Hyperhidrose (tags) ≠ Wallungen; B-Symptomatik-Red-Flags zwingend. Funnel: hyperhidrose/wechseljahre/stress-burnout. UMGESETZT 09/2026 als /koerpersignale/starkes-schwitzen-ohne-sport/.
immer zur gleichen Uhrzeit aufwachen,schlaf: aufwachen immer zur gleichen uhrzeit,Schlaf,Aufwachen,immer zur gleichen Uhrzeit,,/beschwerden/schlafprobleme/,Schlafprobleme,high,no,medium,low,/beschwerden/schlafprobleme/,medium,CREATE,P2,P2: eigener populärer Intent. WICHTIG: KEINE Organuhr-/Meridian-Erklärung (Brand-Verbot energetischer Sprache) — Schlafarchitektur/Cortisol/Alkohol zuerst; TCM höchstens als traditionelles Modell eingeordnet. Wenn nicht tragfähig: verwerfen.
Schleim sitzt im Hals ständig,schleim: sitzt im hals ständig,Schleim,sitzt im Hals,ständig,,/beschwerden/sodbrennen/,Sodbrennen & Reflux,medium,yes,medium,medium,/beschwerden/sodbrennen/,none,SUPPORTING_SECTION,P2,P2: gehört auf dieselbe Kandidaten-Seite wie ständiges Räuspern — nicht separat bauen.
Schwindel beim Aufstehen aus dem Sitzen,schwindel: tritt auf beim aufstehen aus dem sitzen,Schwindel,tritt auf,beim Aufstehen aus dem Sitzen,,/beschwerden/schwindel/,Schwindel,high,no,medium,low,/beschwerden/schwindel/,medium,CREATE,P2,"P2: orthostatisches Muster (Kreislauf statt Vestibulärorgan); nur bauen wenn BPLS-Seite (P1) funktioniert, sonst Abschnitt auf /beschwerden/schwindel/. UMGESETZT 09/2026 als /koerpersignale/schwindel-beim-aufstehen/."
Zunge brennt abends,zunge: brennt abends,Zunge,brennt,abends,abends,/beschwerden/wechseljahre/,Wechseljahre,low,yes,medium,medium,/beschwerden/wechseljahre/,medium,CREATE,P2,"P2: Burning-Mouth-Muster (oft Frauen 50+); Zungendiagnose nur nüchtern erwähnen. Links: wechseljahre, eisenmangel. UMGESETZT 09/2026 als /koerpersignale/zungenbrennen/."
Arm wird taub beim Hochhalten,arm: wird taub beim hochhalten,Arm,wird taub,beim Hochhalten,,/beschwerden/karpaltunnelsyndrom/,Karpaltunnelsyndrom,low,yes,medium,medium,/beschwerden/karpaltunnelsyndrom/,medium,REVIEW_MANUALLY,P3,Muster-Intent plausibel eigenständig; manuell prüfen.
Arm wird taub beim Schlafen auf der Seite,arm: wird taub beim schlafen auf der seite,Arm,wird taub,beim Schlafen auf der Seite,,/beschwerden/karpaltunnelsyndrom/,Karpaltunnelsyndrom,low,yes,medium,medium,/beschwerden/karpaltunnelsyndrom/,medium,REVIEW_MANUALLY,P3,Muster-Intent plausibel eigenständig; manuell prüfen.
Arm wird taub beim Telefonieren,arm: wird taub beim telefonieren,Arm,wird taub,beim Telefonieren,,/beschwerden/karpaltunnelsyndrom/,Karpaltunnelsyndrom,low,yes,medium,medium,/beschwerden/karpaltunnelsyndrom/,medium,REVIEW_MANUALLY,P3,Muster-Intent plausibel eigenständig; manuell prüfen.
Auge druckt einseitig,auge: druckt einseitig,Auge,druckt,einseitig,,/beschwerden/sinusitis/,Sinusitis,low,yes,medium,medium,/beschwerden/sinusitis/,high,REVIEW_MANUALLY,P3,Muster-Intent plausibel eigenständig; manuell prüfen.
Auge druckt hinter dem Auge,auge: druckt hinter dem auge,Auge,druckt,hinter dem Auge,,/beschwerden/sinusitis/,Sinusitis,low,yes,medium,medium,/beschwerden/sinusitis/,high,REVIEW_MANUALLY,P3,Muster-Intent plausibel eigenständig; manuell prüfen.
Augen sind trocken am Bildschirm,augen: sind trocken am bildschirm,Augen,sind trocken,am Bildschirm,,/beschwerden/stress-burnout/,Stress & Burnout,low,yes,medium,medium,/beschwerden/stress-burnout/,none,REVIEW_MANUALLY,P3,P3: Office-Eye-Muster; kommerziell schwach für TCM.
Augen sind trocken beim Aufwachen,augen: sind trocken beim aufwachen,Augen,sind trocken,beim Aufwachen,,/beschwerden/stress-burnout/,Stress & Burnout,low,yes,medium,medium,/beschwerden/stress-burnout/,none,REVIEW_MANUALLY,P3,Muster-Intent plausibel eigenständig; manuell prüfen.
Augen sind trocken morgens,augen: sind trocken morgens,Augen,sind trocken,morgens,morgens,/beschwerden/stress-burnout/,Stress & Burnout,low,yes,medium,medium,/beschwerden/stress-burnout/,none,REVIEW_MANUALLY,P3,Muster-Intent plausibel eigenständig; manuell prüfen.
Augenlid zuckt bei Müdigkeit,augenlid: zuckt bei müdigkeit,Augenlid,zuckt,bei Müdigkeit,,/beschwerden/stress-burnout/,Stress & Burnout,low,yes,medium,medium,/beschwerden/stress-burnout/,none,REVIEW_MANUALLY,P3,Muster-Intent plausibel eigenständig; manuell prüfen.
Augenlid zuckt bei Stress,augenlid: zuckt bei stress,Augenlid,zuckt,bei Stress,,/beschwerden/stress-burnout/,Stress & Burnout,low,yes,medium,medium,/beschwerden/stress-burnout/,none,REVIEW_MANUALLY,P3,Muster-Intent plausibel eigenständig; manuell prüfen.
Augenlid zuckt immer wieder,augenlid: zuckt immer wieder,Augenlid,zuckt,immer wieder,,/beschwerden/stress-burnout/,Stress & Burnout,low,yes,medium,medium,/beschwerden/stress-burnout/,none,REVIEW_MANUALLY,P3,Muster-Intent plausibel eigenständig; manuell prüfen.
Augenringe fallen auf dunkler werdend,augenringe: fallen auf dunkler werdend,Augenringe,fallen auf,dunkler werdend,,/beschwerden/eisenmangel/,Eisenmangel – TCM-Begleitung,medium,yes,medium,medium,/beschwerden/eisenmangel/,none,REVIEW_MANUALLY,P3,Muster-Intent plausibel eigenständig; manuell prüfen.
Augenringe fallen auf seit Monaten,augenringe: fallen auf seit monaten,Augenringe,fallen auf,seit Monaten,,/beschwerden/eisenmangel/,Eisenmangel – TCM-Begleitung,medium,yes,medium,medium,/beschwerden/eisenmangel/,none,REVIEW_MANUALLY,P3,Muster-Intent plausibel eigenständig; manuell prüfen.
Bein wird taub beim Schneidersitz,bein: wird taub beim schneidersitz,Bein,wird taub,beim Schneidersitz,,/beschwerden/ischias/,Ischias,low,yes,medium,medium,/beschwerden/ischias/,medium,REVIEW_MANUALLY,P3,Muster-Intent plausibel eigenständig; manuell prüfen.
Bein wird taub beim Sitzen,bein: wird taub beim sitzen,Bein,wird taub,beim Sitzen,,/beschwerden/ischias/,Ischias,low,yes,medium,medium,/beschwerden/ischias/,medium,REVIEW_MANUALLY,P3,"P3: meist harmlos (Druck), Abgrenzung zu ischias nötig."
Bein wird taub beim Sitzen auf der Toilette,bein: wird taub beim sitzen auf der toilette,Bein,wird taub,beim Sitzen auf der Toilette,,/beschwerden/ischias/,Ischias,low,yes,medium,medium,/beschwerden/ischias/,medium,REVIEW_MANUALLY,P3,Muster-Intent plausibel eigenständig; manuell prüfen.
Blase drückt bei Kälte,blase: drückt bei kälte,Blase,drückt,bei Kälte,,/beschwerden/reizblase/,Reizblase,high,no,medium,low,/beschwerden/reizblase/,none,REVIEW_MANUALLY,P3,P3: reizblase deckt den Kern; Kälte-Muster als Abschnitt dort.
Druck sitzt im Ohr beim Bücken,druck: sitzt im ohr beim bücken,Druck,sitzt im Ohr,beim Bücken,,/beschwerden/hoersturz/,Hörsturz,medium,yes,medium,medium,/beschwerden/hoersturz/,medium,REVIEW_MANUALLY,P3,Muster-Intent plausibel eigenständig; manuell prüfen.
Druck sitzt im Ohr beim Fliegen dauerhaft,druck: sitzt im ohr beim fliegen dauerhaft,Druck,sitzt im Ohr,beim Fliegen dauerhaft,,/beschwerden/hoersturz/,Hörsturz,medium,yes,medium,medium,/beschwerden/hoersturz/,medium,REVIEW_MANUALLY,P3,Muster-Intent plausibel eigenständig; manuell prüfen.
Druck sitzt im Ohr seit der Erkältung,druck: sitzt im ohr seit der erkältung,Druck,sitzt im Ohr,seit der Erkältung,,/beschwerden/hoersturz/,Hörsturz,medium,yes,medium,medium,/beschwerden/hoersturz/,medium,REVIEW_MANUALLY,P3,Muster-Intent plausibel eigenständig; manuell prüfen.
Finger sind steif bei Kälte,finger: sind steif bei kälte,Finger,sind steif,bei Kälte,,/beschwerden/arthrose/,Arthrose,low,yes,medium,medium,/beschwerden/arthrose/,none,REVIEW_MANUALLY,P3,Muster-Intent plausibel eigenständig; manuell prüfen.
Finger sind steif morgens,finger: sind steif morgens,Finger,sind steif,morgens,morgens,/beschwerden/arthrose/,Arthrose,low,yes,medium,medium,/beschwerden/arthrose/,none,REVIEW_MANUALLY,P3,P3: Morgensteifigkeit = Arthrose/Rheuma-Kernsymptom — hohe Überlappung; eher Abschnitt auf arthrose/rheuma.
Finger sind steif nach dem Aufwachen,finger: sind steif nach dem aufwachen,Finger,sind steif,nach dem Aufwachen,,/beschwerden/arthrose/,Arthrose,low,yes,medium,medium,/beschwerden/arthrose/,none,REVIEW_MANUALLY,P3,Muster-Intent plausibel eigenständig; manuell prüfen.
Frieren tritt auf an Händen und Füssen,frieren: tritt auf an händen und füssen,Frieren,tritt auf,an Händen und Füssen,,/beschwerden/raynaud-syndrom/,Raynaud-Syndrom,medium,yes,medium,medium,/beschwerden/raynaud-syndrom/,none,REVIEW_MANUALLY,P3,Muster-Intent plausibel eigenständig; manuell prüfen.
Frieren tritt auf ständig,frieren: tritt auf ständig,Frieren,tritt auf,ständig,,/beschwerden/raynaud-syndrom/,Raynaud-Syndrom,medium,yes,medium,medium,/beschwerden/raynaud-syndrom/,none,REVIEW_MANUALLY,P3,Muster-Intent plausibel eigenständig; manuell prüfen.
Frieren tritt auf trotz Sommer,frieren: tritt auf trotz sommer,Frieren,tritt auf,trotz Sommer,,/beschwerden/raynaud-syndrom/,Raynaud-Syndrom,medium,yes,medium,medium,/beschwerden/raynaud-syndrom/,none,REVIEW_MANUALLY,P3,Muster-Intent plausibel eigenständig; manuell prüfen.
Fussgelenk knickt um auf unebenem Boden,fussgelenk: knickt um auf unebenem boden,Fussgelenk,knickt um,auf unebenem Boden,,/beschwerden/knieschmerzen/,Knieschmerzen,medium,yes,medium,medium,/beschwerden/knieschmerzen/,none,REVIEW_MANUALLY,P3,Muster-Intent plausibel eigenständig; manuell prüfen.
Fussgelenk knickt um beim Gehen,fussgelenk: knickt um beim gehen,Fussgelenk,knickt um,beim Gehen,,/beschwerden/knieschmerzen/,Knieschmerzen,medium,yes,medium,medium,/beschwerden/knieschmerzen/,none,REVIEW_MANUALLY,P3,Muster-Intent plausibel eigenständig; manuell prüfen.
Fussgelenk knickt um immer wieder,fussgelenk: knickt um immer wieder,Fussgelenk,knickt um,immer wieder,,/beschwerden/knieschmerzen/,Knieschmerzen,medium,yes,medium,medium,/beschwerden/knieschmerzen/,none,REVIEW_MANUALLY,P3,Muster-Intent plausibel eigenständig; manuell prüfen.
Fusssohle brennt abends,fusssohle: brennt abends,Fusssohle,brennt,abends,abends,/beschwerden/plantarfasziitis/,Plantarfasziitis,medium,yes,medium,medium,/beschwerden/plantarfasziitis/,medium,REVIEW_MANUALLY,P3,P3: Plantar-/PNP-Differential; polyneuropathie deckt Brennen nachts bereits teilweise.
Fusssohle brennt beim Stehen,fusssohle: brennt beim stehen,Fusssohle,brennt,beim Stehen,,/beschwerden/plantarfasziitis/,Plantarfasziitis,medium,yes,medium,medium,/beschwerden/plantarfasziitis/,medium,REVIEW_MANUALLY,P3,Muster-Intent plausibel eigenständig; manuell prüfen.
Fusssohle brennt nach langem Gehen,fusssohle: brennt nach langem gehen,Fusssohle,brennt,nach langem Gehen,,/beschwerden/plantarfasziitis/,Plantarfasziitis,medium,yes,medium,medium,/beschwerden/plantarfasziitis/,medium,REVIEW_MANUALLY,P3,Muster-Intent plausibel eigenständig; manuell prüfen.
Füsse sind kalt nachts im Bett,füsse: sind kalt nachts im bett,Füsse,sind kalt,nachts im Bett,nachts,/beschwerden/raynaud-syndrom/,Raynaud-Syndrom,low,yes,medium,medium,/beschwerden/raynaud-syndrom/,none,REVIEW_MANUALLY,P3,Muster-Intent plausibel eigenständig; manuell prüfen.
Füsse sind kalt trotz Socken,füsse: sind kalt trotz socken,Füsse,sind kalt,trotz Socken,,/beschwerden/raynaud-syndrom/,Raynaud-Syndrom,low,yes,medium,medium,/beschwerden/raynaud-syndrom/,none,REVIEW_MANUALLY,P3,Muster-Intent plausibel eigenständig; manuell prüfen.
Hals Klossgefühl bei Stress,hals: klossgefühl bei stress,Hals,Klossgefühl,bei Stress,,/beschwerden/stress-burnout/,Stress & Burnout,low,yes,medium,medium,/beschwerden/stress-burnout/,medium,REVIEW_MANUALLY,P3,Muster-Intent plausibel eigenständig; manuell prüfen.
Hals Klossgefühl beim Schlucken,hals: klossgefühl beim schlucken,Hals,Klossgefühl,beim Schlucken,,/beschwerden/stress-burnout/,Stress & Burnout,low,yes,medium,medium,/beschwerden/stress-burnout/,medium,REVIEW_MANUALLY,P3,Muster-Intent plausibel eigenständig; manuell prüfen.
Hals Klossgefühl seit Wochen,hals: klossgefühl seit wochen,Hals,Klossgefühl,seit Wochen,,/beschwerden/stress-burnout/,Stress & Burnout,low,yes,medium,medium,/beschwerden/stress-burnout/,medium,REVIEW_MANUALLY,P3,Muster-Intent plausibel eigenständig; manuell prüfen.
Hals fühlt sich eng an bei Stress,hals: fühlt sich eng an bei stress,Hals,fühlt sich eng an,bei Stress,,/beschwerden/stress-burnout/,Stress & Burnout,low,yes,medium,medium,/beschwerden/stress-burnout/,medium,REVIEW_MANUALLY,P3,Muster-Intent plausibel eigenständig; manuell prüfen.
Hals fühlt sich eng an beim Schlucken,hals: fühlt sich eng an beim schlucken,Hals,fühlt sich eng an,beim Schlucken,,/beschwerden/stress-burnout/,Stress & Burnout,low,yes,medium,medium,/beschwerden/stress-burnout/,medium,REVIEW_MANUALLY,P3,Muster-Intent plausibel eigenständig; manuell prüfen.
Hals fühlt sich eng an ohne Erkältung,hals: fühlt sich eng an ohne erkältung,Hals,fühlt sich eng an,ohne Erkältung,,/beschwerden/stress-burnout/,Stress & Burnout,low,yes,medium,medium,/beschwerden/stress-burnout/,medium,REVIEW_MANUALLY,P3,Muster-Intent plausibel eigenständig; manuell prüfen.
Hals ständiges Räuspern nach dem Essen,hals: ständiges räuspern nach dem essen,Hals,ständiges Räuspern,nach dem Essen,,/beschwerden/sodbrennen/,Sodbrennen & Reflux,low,yes,medium,medium,/beschwerden/sodbrennen/,none,REVIEW_MANUALLY,P3,Muster-Intent plausibel eigenständig; manuell prüfen.
Hals ständiges Räuspern ohne Erkältung,hals: ständiges räuspern ohne erkältung,Hals,ständiges Räuspern,ohne Erkältung,,/beschwerden/sodbrennen/,Sodbrennen & Reflux,low,yes,medium,medium,/beschwerden/sodbrennen/,none,REVIEW_MANUALLY,P3,Muster-Intent plausibel eigenständig; manuell prüfen.
Hand kribbelt beim Fahrradfahren,hand: kribbelt beim fahrradfahren,Hand,kribbelt,beim Fahrradfahren,,/beschwerden/karpaltunnelsyndrom/,Karpaltunnelsyndrom,medium,yes,medium,medium,/beschwerden/karpaltunnelsyndrom/,medium,REVIEW_MANUALLY,P3,"P3: Ulnaris-Muster, abgrenzbar von KTS — ABER do-not-create blockiert ""eingeschlafene Hände""; nur mit GSC-Beleg als Differential-Artikel."
Hand schläft ein beim Fahrradfahren,hand: schläft ein beim fahrradfahren,Hand,schläft ein,beim Fahrradfahren,,/beschwerden/karpaltunnelsyndrom/,Karpaltunnelsyndrom,medium,yes,medium,medium,/beschwerden/karpaltunnelsyndrom/,none,REVIEW_MANUALLY,P3,Muster-Intent plausibel eigenständig; manuell prüfen.
Haut juckt nach dem Duschen,haut: juckt nach dem duschen,Haut,juckt,nach dem Duschen,,/beschwerden/neurodermitis/,Neurodermitis,low,yes,medium,medium,/beschwerden/neurodermitis/,medium,REVIEW_MANUALLY,P3,Muster-Intent plausibel eigenständig; manuell prüfen.
Haut juckt nachts,haut: juckt nachts,Haut,juckt,nachts,nachts,/beschwerden/neurodermitis/,Neurodermitis,low,yes,medium,medium,/beschwerden/neurodermitis/,medium,REVIEW_MANUALLY,P3,Muster-Intent plausibel eigenständig; manuell prüfen.
Haut juckt ohne Ausschlag,haut: juckt ohne ausschlag,Haut,juckt,ohne Ausschlag,,/beschwerden/neurodermitis/,Neurodermitis,low,yes,medium,medium,/beschwerden/neurodermitis/,medium,REVIEW_MANUALLY,P3,Muster-Intent plausibel eigenständig; manuell prüfen.
Herz rast beim Einschlafen,herz: rast beim einschlafen,Herz,rast,beim Einschlafen,,/beschwerden/angststoerungen/,Angststörungen,low,yes,medium,medium,/beschwerden/angststoerungen/,high,REVIEW_MANUALLY,P3,Muster-Intent plausibel eigenständig; manuell prüfen.
Herz rast nachts beim Aufwachen,herz: rast nachts beim aufwachen,Herz,rast,nachts beim Aufwachen,nachts,/beschwerden/angststoerungen/,Angststörungen,low,yes,medium,medium,/beschwerden/angststoerungen/,high,REVIEW_MANUALLY,P3,Muster-Intent plausibel eigenständig; manuell prüfen.
Herz rast ohne Anstrengung,herz: rast ohne anstrengung,Herz,rast,ohne Anstrengung,,/beschwerden/angststoerungen/,Angststörungen,low,yes,medium,medium,/beschwerden/angststoerungen/,high,REVIEW_MANUALLY,P3,Muster-Intent plausibel eigenständig; manuell prüfen.
Herz stolpert abends zur Ruhe kommend,herz: stolpert abends zur ruhe kommend,Herz,stolpert,abends zur Ruhe kommend,abends,/beschwerden/angststoerungen/,Angststörungen,low,yes,medium,medium,/beschwerden/angststoerungen/,high,REVIEW_MANUALLY,P3,Muster-Intent plausibel eigenständig; manuell prüfen.
Herz stolpert bei Stress,herz: stolpert bei stress,Herz,stolpert,bei Stress,,/beschwerden/angststoerungen/,Angststörungen,low,yes,medium,medium,/beschwerden/angststoerungen/,high,REVIEW_MANUALLY,P3,Muster-Intent plausibel eigenständig; manuell prüfen.
Herz stolpert nach Kaffee,herz: stolpert nach kaffee,Herz,stolpert,nach Kaffee,,/beschwerden/angststoerungen/,Angststörungen,low,yes,medium,medium,/beschwerden/angststoerungen/,high,REVIEW_MANUALLY,P3,Muster-Intent plausibel eigenständig; manuell prüfen.
Husten bleibt nach Erkältung,husten: bleibt nach erkältung,Husten,bleibt,nach Erkältung,,/beschwerden/asthma/,Asthma,medium,yes,medium,medium,/beschwerden/asthma/,high,REVIEW_MANUALLY,P3,Muster-Intent plausibel eigenständig; manuell prüfen.
Husten bleibt nur nachts,husten: bleibt nur nachts,Husten,bleibt,nur nachts,nachts,/beschwerden/asthma/,Asthma,medium,yes,medium,medium,/beschwerden/asthma/,high,REVIEW_MANUALLY,P3,Muster-Intent plausibel eigenständig; manuell prüfen.
Husten bleibt trocken seit Wochen,husten: bleibt trocken seit wochen,Husten,bleibt,trocken seit Wochen,,/beschwerden/asthma/,Asthma,medium,yes,medium,medium,/beschwerden/asthma/,high,REVIEW_MANUALLY,P3,Muster-Intent plausibel eigenständig; manuell prüfen.
Hände sind kalt auch im Sommer,hände: sind kalt auch im sommer,Hände,sind kalt,auch im Sommer,,/beschwerden/raynaud-syndrom/,Raynaud-Syndrom,low,yes,medium,medium,/beschwerden/raynaud-syndrom/,none,REVIEW_MANUALLY,P3,Muster-Intent plausibel eigenständig; manuell prüfen.
Hände sind kalt bei Stress,hände: sind kalt bei stress,Hände,sind kalt,bei Stress,,/beschwerden/raynaud-syndrom/,Raynaud-Syndrom,low,yes,medium,medium,/beschwerden/raynaud-syndrom/,none,REVIEW_MANUALLY,P3,Muster-Intent plausibel eigenständig; manuell prüfen.
Hände zittern bei Aufregung,hände: zittern bei aufregung,Hände,zittern,bei Aufregung,,/beschwerden/stress-burnout/,Stress & Burnout,low,yes,medium,medium,/beschwerden/stress-burnout/,high,REVIEW_MANUALLY,P3,Muster-Intent plausibel eigenständig; manuell prüfen.
Hände zittern beim Halten einer Tasse,hände: zittern beim halten einer tasse,Hände,zittern,beim Halten einer Tasse,,/beschwerden/stress-burnout/,Stress & Burnout,low,yes,medium,medium,/beschwerden/stress-burnout/,high,REVIEW_MANUALLY,P3,Muster-Intent plausibel eigenständig; manuell prüfen.
Hände zittern seit Wochen,hände: zittern seit wochen,Hände,zittern,seit Wochen,,/beschwerden/stress-burnout/,Stress & Burnout,low,yes,medium,medium,/beschwerden/stress-burnout/,high,REVIEW_MANUALLY,P3,Muster-Intent plausibel eigenständig; manuell prüfen.
Knie knackt beim Aufstehen,knie: knackt beim aufstehen,Knie,knackt,beim Aufstehen,,/beschwerden/knieschmerzen/,Knieschmerzen,low,yes,medium,medium,/beschwerden/knieschmerzen/,none,REVIEW_MANUALLY,P3,Muster-Intent plausibel eigenständig; manuell prüfen.
Knie knackt beim In-die-Hocke-Gehen,knie: knackt beim in-die-hocke-gehen,Knie,knackt,beim In-die-Hocke-Gehen,,/beschwerden/knieschmerzen/,Knieschmerzen,low,yes,medium,medium,/beschwerden/knieschmerzen/,none,REVIEW_MANUALLY,P3,Muster-Intent plausibel eigenständig; manuell prüfen.
Knie knackt beim Treppensteigen,knie: knackt beim treppensteigen,Knie,knackt,beim Treppensteigen,,/beschwerden/knieschmerzen/,Knieschmerzen,low,yes,medium,medium,/beschwerden/knieschmerzen/,none,REVIEW_MANUALLY,P3,P3: Krepitation meist harmlos; eher Abschnitt auf knieschmerzen.
Konzentration lässt nach ab Mittag,konzentration: lässt nach ab mittag,Konzentration,lässt nach,ab Mittag,,/beschwerden/erschoepfung/,Erschöpfung,medium,yes,medium,medium,/beschwerden/erschoepfung/,medium,REVIEW_MANUALLY,P3,Muster-Intent plausibel eigenständig; manuell prüfen.
Konzentration lässt nach im Gespräch,konzentration: lässt nach im gespräch,Konzentration,lässt nach,im Gespräch,,/beschwerden/erschoepfung/,Erschöpfung,medium,yes,medium,medium,/beschwerden/erschoepfung/,medium,REVIEW_MANUALLY,P3,Muster-Intent plausibel eigenständig; manuell prüfen.
Konzentration lässt nach seit Monaten,konzentration: lässt nach seit monaten,Konzentration,lässt nach,seit Monaten,,/beschwerden/erschoepfung/,Erschöpfung,medium,yes,medium,medium,/beschwerden/erschoepfung/,medium,REVIEW_MANUALLY,P3,Muster-Intent plausibel eigenständig; manuell prüfen.
Kopf schmerzt beim Husten,kopf: schmerzt beim husten,Kopf,schmerzt,beim Husten,,/beschwerden/kopfschmerzen/,Kopfschmerzen,medium,yes,high,medium,/beschwerden/kopfschmerzen/,high,REVIEW_MANUALLY,P3,P3 nur mit strengem Red-Flag-Rahmen: Husten-/Anstrengungskopfschmerz gehört erstmalig ärztlich abgeklärt.
Kopfhaut kribbelt bei Stress,kopfhaut: kribbelt bei stress,Kopfhaut,kribbelt,bei Stress,,/beschwerden/stress-burnout/,Stress & Burnout,low,yes,medium,medium,/beschwerden/stress-burnout/,none,REVIEW_MANUALLY,P3,Muster-Intent plausibel eigenständig; manuell prüfen.
Kopfhaut kribbelt seit Tagen,kopfhaut: kribbelt seit tagen,Kopfhaut,kribbelt,seit Tagen,,/beschwerden/stress-burnout/,Stress & Burnout,low,yes,medium,medium,/beschwerden/stress-burnout/,none,REVIEW_MANUALLY,P3,Muster-Intent plausibel eigenständig; manuell prüfen.
Körper fröstelt ständig,körper: fröstelt ständig,Körper,fröstelt,ständig,,/beschwerden/eisenmangel/,Eisenmangel – TCM-Begleitung,low,yes,medium,medium,/beschwerden/eisenmangel/,none,REVIEW_MANUALLY,P3,Muster-Intent plausibel eigenständig; manuell prüfen.
Körper fröstelt trotz warmer Kleidung,körper: fröstelt trotz warmer kleidung,Körper,fröstelt,trotz warmer Kleidung,,/beschwerden/eisenmangel/,Eisenmangel – TCM-Begleitung,low,yes,medium,medium,/beschwerden/eisenmangel/,none,REVIEW_MANUALLY,P3,Muster-Intent plausibel eigenständig; manuell prüfen.
Körper zuckt am ganzen Körper,körper: zuckt am ganzen körper,Körper,zuckt,am ganzen Körper,,/beschwerden/stress-burnout/,Stress & Burnout,low,yes,medium,medium,/beschwerden/stress-burnout/,medium,REVIEW_MANUALLY,P3,Muster-Intent plausibel eigenständig; manuell prüfen.
Körper zuckt beim Einschlafen,körper: zuckt beim einschlafen,Körper,zuckt,beim Einschlafen,,/beschwerden/stress-burnout/,Stress & Burnout,low,yes,medium,medium,/beschwerden/stress-burnout/,medium,REVIEW_MANUALLY,P3,"P3: Einschlafzuckungen sind gutartig und erklärbar, aber kommerziell schwach."
Körper zuckt in einzelnen Muskeln,körper: zuckt in einzelnen muskeln,Körper,zuckt,in einzelnen Muskeln,,/beschwerden/stress-burnout/,Stress & Burnout,low,yes,medium,medium,/beschwerden/stress-burnout/,medium,REVIEW_MANUALLY,P3,Muster-Intent plausibel eigenständig; manuell prüfen.
Leiste zieht beim Gehen,leiste: zieht beim gehen,Leiste,zieht,beim Gehen,,/beschwerden/hueftschmerzen/,Hüftschmerzen,medium,yes,medium,medium,/beschwerden/hueftschmerzen/,medium,REVIEW_MANUALLY,P3,Muster-Intent plausibel eigenständig; manuell prüfen.
Leiste zieht beim Heben des Beins,leiste: zieht beim heben des beins,Leiste,zieht,beim Heben des Beins,,/beschwerden/hueftschmerzen/,Hüftschmerzen,medium,yes,medium,medium,/beschwerden/hueftschmerzen/,medium,REVIEW_MANUALLY,P3,Muster-Intent plausibel eigenständig; manuell prüfen.
Leiste zieht beim Husten,leiste: zieht beim husten,Leiste,zieht,beim Husten,,/beschwerden/hueftschmerzen/,Hüftschmerzen,medium,yes,medium,medium,/beschwerden/hueftschmerzen/,medium,REVIEW_MANUALLY,P3,Muster-Intent plausibel eigenständig; manuell prüfen.
Mund ist trocken morgens,mund: ist trocken morgens,Mund,ist trocken,morgens,morgens,/beschwerden/schlafprobleme/,Schlafprobleme,low,yes,medium,medium,/beschwerden/schlafprobleme/,none,REVIEW_MANUALLY,P3,Muster-Intent plausibel eigenständig; manuell prüfen.
Mund ist trocken nachts,mund: ist trocken nachts,Mund,ist trocken,nachts,nachts,/beschwerden/schlafprobleme/,Schlafprobleme,low,yes,medium,medium,/beschwerden/schlafprobleme/,none,REVIEW_MANUALLY,P3,P3: Mundatmung/Schnarchen/Medikamente; Link schlafprobleme.
Mund ist trocken trotz Trinken,mund: ist trocken trotz trinken,Mund,ist trocken,trotz Trinken,,/beschwerden/schlafprobleme/,Schlafprobleme,low,yes,medium,medium,/beschwerden/schlafprobleme/,none,REVIEW_MANUALLY,P3,Muster-Intent plausibel eigenständig; manuell prüfen.
Nacken knirscht bei jeder Bewegung,nacken: knirscht bei jeder bewegung,Nacken,knirscht,bei jeder Bewegung,,/beschwerden/nackenschmerzen/,Nackenschmerzen,low,yes,medium,medium,/beschwerden/nackenschmerzen/,none,REVIEW_MANUALLY,P3,Muster-Intent plausibel eigenständig; manuell prüfen.
Nacken knirscht beim Drehen des Kopfes,nacken: knirscht beim drehen des kopfes,Nacken,knirscht,beim Drehen des Kopfes,,/beschwerden/nackenschmerzen/,Nackenschmerzen,low,yes,medium,medium,/beschwerden/nackenschmerzen/,none,REVIEW_MANUALLY,P3,Muster-Intent plausibel eigenständig; manuell prüfen.
Nacken schmerzt beim Drehen nach rechts,nacken: schmerzt beim drehen nach rechts,Nacken,schmerzt,beim Drehen nach rechts,,/beschwerden/nackenschmerzen/,Nackenschmerzen,high,no,medium,low,/beschwerden/nackenschmerzen/,none,SUPPORTING_SECTION,P3,P3: bewegungsabhängiges Muster besser als Abschnitt auf /beschwerden/nackenschmerzen/; eigene Seite nur mit GSC-Beleg.
Nägel sind brüchig mit Rillen,nägel: sind brüchig mit rillen,Nägel,sind brüchig,mit Rillen,,/beschwerden/eisenmangel/,Eisenmangel – TCM-Begleitung,medium,yes,medium,medium,/beschwerden/eisenmangel/,none,REVIEW_MANUALLY,P3,Muster-Intent plausibel eigenständig; manuell prüfen.
Nägel sind brüchig seit Monaten,nägel: sind brüchig seit monaten,Nägel,sind brüchig,seit Monaten,,/beschwerden/eisenmangel/,Eisenmangel – TCM-Begleitung,medium,yes,medium,medium,/beschwerden/eisenmangel/,none,REVIEW_MANUALLY,P3,Muster-Intent plausibel eigenständig; manuell prüfen.
Ohr fühlt sich verstopft an beim Kauen,ohr: fühlt sich verstopft an beim kauen,Ohr,fühlt sich verstopft an,beim Kauen,,/beschwerden/hoersturz/,Hörsturz,low,yes,medium,medium,/beschwerden/hoersturz/,medium,REVIEW_MANUALLY,P3,Muster-Intent plausibel eigenständig; manuell prüfen.
Ohr fühlt sich verstopft an einseitig,ohr: fühlt sich verstopft an einseitig,Ohr,fühlt sich verstopft an,einseitig,,/beschwerden/hoersturz/,Hörsturz,low,yes,medium,medium,/beschwerden/hoersturz/,medium,REVIEW_MANUALLY,P3,"P3: Tube/Kiefer/Hörsturz-Differential; einseitig + anhaltend = ärztlich. Links: hoersturz, kieferschmerzen, sinusitis."
Ohr fühlt sich verstopft an ohne Erkältung,ohr: fühlt sich verstopft an ohne erkältung,Ohr,fühlt sich verstopft an,ohne Erkältung,,/beschwerden/hoersturz/,Hörsturz,low,yes,medium,medium,/beschwerden/hoersturz/,medium,REVIEW_MANUALLY,P3,Muster-Intent plausibel eigenständig; manuell prüfen.
Ohr fühlt sich verstopft an seit Tagen,ohr: fühlt sich verstopft an seit tagen,Ohr,fühlt sich verstopft an,seit Tagen,,/beschwerden/hoersturz/,Hörsturz,low,yes,medium,medium,/beschwerden/hoersturz/,medium,REVIEW_MANUALLY,P3,Muster-Intent plausibel eigenständig; manuell prüfen.
Ohr knackt beim Gähnen,ohr: knackt beim gähnen,Ohr,knackt,beim Gähnen,,/beschwerden/kieferschmerzen/,Kieferschmerzen & CMD,low,yes,medium,medium,/beschwerden/kieferschmerzen/,none,REVIEW_MANUALLY,P3,Muster-Intent plausibel eigenständig; manuell prüfen.
Ohr knackt beim Kauen,ohr: knackt beim kauen,Ohr,knackt,beim Kauen,,/beschwerden/kieferschmerzen/,Kieferschmerzen & CMD,low,yes,medium,medium,/beschwerden/kieferschmerzen/,none,REVIEW_MANUALLY,P3,Muster-Intent plausibel eigenständig; manuell prüfen.
Ohr knackt beim Schlucken,ohr: knackt beim schlucken,Ohr,knackt,beim Schlucken,,/beschwerden/kieferschmerzen/,Kieferschmerzen & CMD,low,yes,medium,medium,/beschwerden/kieferschmerzen/,none,REVIEW_MANUALLY,P3,Muster-Intent plausibel eigenständig; manuell prüfen.
Ohr pocht im Takt des Herzschlags beim Liegen,ohr: pocht im takt des herzschlags beim liegen,Ohr,pocht im Takt des Herzschlags,beim Liegen,,/beschwerden/tinnitus/,Tinnitus,low,yes,medium,medium,/beschwerden/tinnitus/,high,REVIEW_MANUALLY,P3,Muster-Intent plausibel eigenständig; manuell prüfen.
Ohr pocht im Takt des Herzschlags einseitig,ohr: pocht im takt des herzschlags einseitig,Ohr,pocht im Takt des Herzschlags,einseitig,,/beschwerden/tinnitus/,Tinnitus,low,yes,medium,medium,/beschwerden/tinnitus/,high,REVIEW_MANUALLY,P3,Muster-Intent plausibel eigenständig; manuell prüfen.
Rippen schmerzen beim Drehen,rippen: schmerzen beim drehen,Rippen,schmerzen,beim Drehen,,/beschwerden/rueckenschmerzen/,Rückenschmerzen,medium,yes,medium,medium,/beschwerden/rueckenschmerzen/,high,REVIEW_MANUALLY,P3,Muster-Intent plausibel eigenständig; manuell prüfen.
Rippen schmerzen beim Liegen,rippen: schmerzen beim liegen,Rippen,schmerzen,beim Liegen,,/beschwerden/rueckenschmerzen/,Rückenschmerzen,medium,yes,medium,medium,/beschwerden/rueckenschmerzen/,high,REVIEW_MANUALLY,P3,Muster-Intent plausibel eigenständig; manuell prüfen.
Rippen schmerzen beim tiefen Einatmen,rippen: schmerzen beim tiefen einatmen,Rippen,schmerzen,beim tiefen Einatmen,,/beschwerden/rueckenschmerzen/,Rückenschmerzen,medium,yes,medium,medium,/beschwerden/rueckenschmerzen/,high,REVIEW_MANUALLY,P3,Muster-Intent plausibel eigenständig; manuell prüfen.
Rücken schmerzt beim Husten,rücken: schmerzt beim husten,Rücken,schmerzt,beim Husten,,/beschwerden/rueckenschmerzen/,Rückenschmerzen,medium,yes,medium,medium,/beschwerden/rueckenschmerzen/,medium,REVIEW_MANUALLY,P3,"P3: mechanisches Muster, aber nah an rueckenschmerzen/bandscheibenvorfall; nur mit GSC-Beleg."
Rücken schmerzt beim Niesen,rücken: schmerzt beim niesen,Rücken,schmerzt,beim Niesen,,/beschwerden/rueckenschmerzen/,Rückenschmerzen,medium,yes,medium,medium,/beschwerden/rueckenschmerzen/,medium,REVIEW_MANUALLY,P3,Muster-Intent plausibel eigenständig; manuell prüfen.
gegen 3 Uhr aufwachen,schlaf: aufwachen gegen 3 uhr,Schlaf,Aufwachen,gegen 3 Uhr,,/beschwerden/schlafprobleme/,Schlafprobleme,medium,yes,medium,medium,/beschwerden/schlafprobleme/,medium,REVIEW_MANUALLY,P3,Muster-Intent plausibel eigenständig; manuell prüfen.
Schleim sitzt im Hals morgens,schleim: sitzt im hals morgens,Schleim,sitzt im Hals,morgens,morgens,/beschwerden/sodbrennen/,Sodbrennen & Reflux,medium,yes,medium,medium,/beschwerden/sodbrennen/,none,REVIEW_MANUALLY,P3,Muster-Intent plausibel eigenständig; manuell prüfen.
Schleim sitzt im Hals nach Milchprodukten,schleim: sitzt im hals nach milchprodukten,Schleim,sitzt im Hals,nach Milchprodukten,,/beschwerden/sodbrennen/,Sodbrennen & Reflux,medium,yes,medium,medium,/beschwerden/sodbrennen/,none,REVIEW_MANUALLY,P3,Muster-Intent plausibel eigenständig; manuell prüfen.
Schluckauf bleibt immer nach dem Essen,schluckauf: bleibt immer nach dem essen,Schluckauf,bleibt,immer nach dem Essen,,/beschwerden/verdauungsprobleme/,Verdauungsprobleme,medium,yes,medium,medium,/beschwerden/verdauungsprobleme/,none,REVIEW_MANUALLY,P3,Muster-Intent plausibel eigenständig; manuell prüfen.
Schulter knackt bei jeder Bewegung,schulter: knackt bei jeder bewegung,Schulter,knackt,bei jeder Bewegung,,/beschwerden/schulterschmerzen/,Schulterschmerzen,low,yes,medium,medium,/beschwerden/schulterschmerzen/,none,REVIEW_MANUALLY,P3,Muster-Intent plausibel eigenständig; manuell prüfen.
Schulter knackt beim Kreisen,schulter: knackt beim kreisen,Schulter,knackt,beim Kreisen,,/beschwerden/schulterschmerzen/,Schulterschmerzen,low,yes,medium,medium,/beschwerden/schulterschmerzen/,none,REVIEW_MANUALLY,P3,Muster-Intent plausibel eigenständig; manuell prüfen.
Sehnenansatz schmerzt am Ellenbogen,sehnenansatz: schmerzt am ellenbogen,Sehnenansatz,schmerzt,am Ellenbogen,,/beschwerden/sehnenscheidenentzuendung/,"Sehnenscheidenentzündung: Behandlung, Dauer & was hilft",medium,yes,medium,medium,/beschwerden/sehnenscheidenentzuendung/,none,REVIEW_MANUALLY,P3,Muster-Intent plausibel eigenständig; manuell prüfen.
Sehnenansatz schmerzt an der Hüfte,sehnenansatz: schmerzt an der hüfte,Sehnenansatz,schmerzt,an der Hüfte,,/beschwerden/sehnenscheidenentzuendung/,"Sehnenscheidenentzündung: Behandlung, Dauer & was hilft",medium,yes,medium,medium,/beschwerden/sehnenscheidenentzuendung/,none,REVIEW_MANUALLY,P3,Muster-Intent plausibel eigenständig; manuell prüfen.
Sehnenansatz schmerzt an der Schulter,sehnenansatz: schmerzt an der schulter,Sehnenansatz,schmerzt,an der Schulter,,/beschwerden/sehnenscheidenentzuendung/,"Sehnenscheidenentzündung: Behandlung, Dauer & was hilft",medium,yes,medium,medium,/beschwerden/sehnenscheidenentzuendung/,none,REVIEW_MANUALLY,P3,Muster-Intent plausibel eigenständig; manuell prüfen.
Steissbein schmerzt beim Aufstehen vom Stuhl,steissbein: schmerzt beim aufstehen vom stuhl,Steissbein,schmerzt,beim Aufstehen vom Stuhl,,/beschwerden/rueckenschmerzen/,Rückenschmerzen,low,yes,medium,medium,/beschwerden/rueckenschmerzen/,none,REVIEW_MANUALLY,P3,Muster-Intent plausibel eigenständig; manuell prüfen.
Steissbein schmerzt beim Sitzen,steissbein: schmerzt beim sitzen,Steissbein,schmerzt,beim Sitzen,,/beschwerden/rueckenschmerzen/,Rückenschmerzen,low,yes,medium,medium,/beschwerden/rueckenschmerzen/,none,REVIEW_MANUALLY,P3,Muster-Intent plausibel eigenständig; manuell prüfen.
Stimme ist heiser morgens,stimme: ist heiser morgens,Stimme,ist heiser,morgens,morgens,/beschwerden/sodbrennen/,Sodbrennen & Reflux,medium,yes,medium,medium,/beschwerden/sodbrennen/,high,REVIEW_MANUALLY,P3,P3: Reflux-Muster; Heiserkeit >6 Wochen = zwingend HNO — nur mit klarem Hinweis.
Stimme ist heiser ohne Erkältung,stimme: ist heiser ohne erkältung,Stimme,ist heiser,ohne Erkältung,,/beschwerden/sodbrennen/,Sodbrennen & Reflux,medium,yes,medium,medium,/beschwerden/sodbrennen/,high,REVIEW_MANUALLY,P3,Muster-Intent plausibel eigenständig; manuell prüfen.
Stimme ist heiser seit Wochen,stimme: ist heiser seit wochen,Stimme,ist heiser,seit Wochen,,/beschwerden/sodbrennen/,Sodbrennen & Reflux,medium,yes,medium,medium,/beschwerden/sodbrennen/,high,REVIEW_MANUALLY,P3,Muster-Intent plausibel eigenständig; manuell prüfen.
Wade krampft beim Einschlafen,wade: krampft beim einschlafen,Wade,krampft,beim Einschlafen,,/beschwerden/restless-legs/,Restless Legs,low,yes,medium,medium,/beschwerden/restless-legs/,none,REVIEW_MANUALLY,P3,Muster-Intent plausibel eigenständig; manuell prüfen.
Wade krampft beim Sport,wade: krampft beim sport,Wade,krampft,beim Sport,,/beschwerden/restless-legs/,Restless Legs,low,yes,medium,medium,/beschwerden/restless-legs/,none,REVIEW_MANUALLY,P3,Muster-Intent plausibel eigenständig; manuell prüfen.
Wade krampft morgens beim Strecken,wade: krampft morgens beim strecken,Wade,krampft,morgens beim Strecken,morgens,/beschwerden/restless-legs/,Restless Legs,low,yes,medium,medium,/beschwerden/restless-legs/,none,REVIEW_MANUALLY,P3,Muster-Intent plausibel eigenständig; manuell prüfen.
Zunge brennt beim Essen,zunge: brennt beim essen,Zunge,brennt,beim Essen,,/beschwerden/wechseljahre/,Wechseljahre,low,yes,medium,medium,/beschwerden/wechseljahre/,medium,REVIEW_MANUALLY,P3,Muster-Intent plausibel eigenständig; manuell prüfen.
Zunge brennt seit Wochen,zunge: brennt seit wochen,Zunge,brennt,seit Wochen,,/beschwerden/wechseljahre/,Wechseljahre,low,yes,medium,medium,/beschwerden/wechseljahre/,medium,REVIEW_MANUALLY,P3,Muster-Intent plausibel eigenständig; manuell prüfen.
Zähne schmerzen bei Kälte,zähne: schmerzen bei kälte,Zähne,schmerzen,bei Kälte,,/beschwerden/zaehneknirschen/,Zähneknirschen,medium,yes,medium,medium,/beschwerden/zaehneknirschen/,medium,REVIEW_MANUALLY,P3,Muster-Intent plausibel eigenständig; manuell prüfen.
Zähne schmerzen bei Stress,zähne: schmerzen bei stress,Zähne,schmerzen,bei Stress,,/beschwerden/zaehneknirschen/,Zähneknirschen,medium,yes,medium,medium,/beschwerden/zaehneknirschen/,medium,REVIEW_MANUALLY,P3,Muster-Intent plausibel eigenständig; manuell prüfen.
Zähne schmerzen ohne Befund beim Zahnarzt,zähne: schmerzen ohne befund beim zahnarzt,Zähne,schmerzen,ohne Befund beim Zahnarzt,,/beschwerden/zaehneknirschen/,Zähneknirschen,medium,yes,medium,medium,/beschwerden/zaehneknirschen/,medium,REVIEW_MANUALLY,P3,P3: CMD-/Knirsch-Muster; nah an zaehneknirschen/kieferschmerzen.
Arm wird taub nachts,arm: wird taub nachts,Arm,wird taub,nachts,nachts,/beschwerden/karpaltunnelsyndrom/,Karpaltunnelsyndrom,high,no,medium,medium,/beschwerden/karpaltunnelsyndrom/,medium,REJECT_CANNIBALIZATION,reject,Blockiert per do-not-create-intents.csv: /beschwerden/karpaltunnelsyndrom/ targetiert genau dieses Muster.
Warum arm wird taub beim Hochhalten?,arm: wird taub beim hochhalten,Arm,wird taub,beim Hochhalten,,/beschwerden/karpaltunnelsyndrom/,Karpaltunnelsyndrom,low,no,medium,medium,/beschwerden/karpaltunnelsyndrom/,medium,MERGE_INTO_EXISTING,reject,"Muster-Intent plausibel eigenständig; manuell prüfen. (Frageform-Variante — gleiche Intent-Gruppe, KEINE eigene Seite.)"
Warum arm wird taub beim Schlafen auf der Seite?,arm: wird taub beim schlafen auf der seite,Arm,wird taub,beim Schlafen auf der Seite,,/beschwerden/karpaltunnelsyndrom/,Karpaltunnelsyndrom,low,no,medium,medium,/beschwerden/karpaltunnelsyndrom/,medium,MERGE_INTO_EXISTING,reject,"Muster-Intent plausibel eigenständig; manuell prüfen. (Frageform-Variante — gleiche Intent-Gruppe, KEINE eigene Seite.)"
Warum arm wird taub beim Telefonieren?,arm: wird taub beim telefonieren,Arm,wird taub,beim Telefonieren,,/beschwerden/karpaltunnelsyndrom/,Karpaltunnelsyndrom,low,no,medium,medium,/beschwerden/karpaltunnelsyndrom/,medium,MERGE_INTO_EXISTING,reject,"Muster-Intent plausibel eigenständig; manuell prüfen. (Frageform-Variante — gleiche Intent-Gruppe, KEINE eigene Seite.)"
Warum arm wird taub nachts?,arm: wird taub nachts,Arm,wird taub,nachts,nachts,/beschwerden/karpaltunnelsyndrom/,Karpaltunnelsyndrom,low,no,medium,medium,/beschwerden/karpaltunnelsyndrom/,medium,MERGE_INTO_EXISTING,reject,"Muster-Intent plausibel eigenständig; manuell prüfen. (Frageform-Variante — gleiche Intent-Gruppe, KEINE eigene Seite.)"
Was bedeutet es wenn arm wird taub beim Hochhalten?,arm: wird taub beim hochhalten,Arm,wird taub,beim Hochhalten,,/beschwerden/karpaltunnelsyndrom/,Karpaltunnelsyndrom,low,no,medium,medium,/beschwerden/karpaltunnelsyndrom/,medium,MERGE_INTO_EXISTING,reject,"Frageform-Variante — gleiche Intent-Gruppe wie die Grundform, keine eigene Seite."
Was bedeutet es wenn arm wird taub beim Schlafen auf der Seite?,arm: wird taub beim schlafen auf der seite,Arm,wird taub,beim Schlafen auf der Seite,,/beschwerden/karpaltunnelsyndrom/,Karpaltunnelsyndrom,low,no,medium,medium,/beschwerden/karpaltunnelsyndrom/,medium,MERGE_INTO_EXISTING,reject,"Frageform-Variante — gleiche Intent-Gruppe wie die Grundform, keine eigene Seite."
Was bedeutet es wenn arm wird taub beim Telefonieren?,arm: wird taub beim telefonieren,Arm,wird taub,beim Telefonieren,,/beschwerden/karpaltunnelsyndrom/,Karpaltunnelsyndrom,low,no,medium,medium,/beschwerden/karpaltunnelsyndrom/,medium,MERGE_INTO_EXISTING,reject,"Frageform-Variante — gleiche Intent-Gruppe wie die Grundform, keine eigene Seite."
Was bedeutet es wenn arm wird taub nachts?,arm: wird taub nachts,Arm,wird taub,nachts,nachts,/beschwerden/karpaltunnelsyndrom/,Karpaltunnelsyndrom,low,no,medium,medium,/beschwerden/karpaltunnelsyndrom/,medium,MERGE_INTO_EXISTING,reject,"Frageform-Variante — gleiche Intent-Gruppe wie die Grundform, keine eigene Seite."
Was tun wenn arm wird taub beim Hochhalten?,arm: wird taub beim hochhalten,Arm,wird taub,beim Hochhalten,,/beschwerden/karpaltunnelsyndrom/,Karpaltunnelsyndrom,low,no,medium,medium,/beschwerden/karpaltunnelsyndrom/,medium,MERGE_INTO_EXISTING,reject,"Frageform-Variante — gleiche Intent-Gruppe wie Grundform, KEINE eigene Seite."
Was tun wenn arm wird taub beim Schlafen auf der Seite?,arm: wird taub beim schlafen auf der seite,Arm,wird taub,beim Schlafen auf der Seite,,/beschwerden/karpaltunnelsyndrom/,Karpaltunnelsyndrom,low,no,medium,medium,/beschwerden/karpaltunnelsyndrom/,medium,MERGE_INTO_EXISTING,reject,"Frageform-Variante — gleiche Intent-Gruppe wie Grundform, KEINE eigene Seite."
Was tun wenn arm wird taub beim Telefonieren?,arm: wird taub beim telefonieren,Arm,wird taub,beim Telefonieren,,/beschwerden/karpaltunnelsyndrom/,Karpaltunnelsyndrom,low,no,medium,medium,/beschwerden/karpaltunnelsyndrom/,medium,MERGE_INTO_EXISTING,reject,"Frageform-Variante — gleiche Intent-Gruppe wie Grundform, KEINE eigene Seite."
Was tun wenn arm wird taub nachts?,arm: wird taub nachts,Arm,wird taub,nachts,nachts,/beschwerden/karpaltunnelsyndrom/,Karpaltunnelsyndrom,low,no,medium,medium,/beschwerden/karpaltunnelsyndrom/,medium,MERGE_INTO_EXISTING,reject,"Frageform-Variante — gleiche Intent-Gruppe wie Grundform, KEINE eigene Seite."
Atem ist kurz beim Sprechen,atem: ist kurz beim sprechen,Atem,ist kurz,beim Sprechen,,/beschwerden/asthma/,Asthma,low,yes,medium,medium,/beschwerden/asthma/,high,REJECT_MEDICAL_RISK,reject,Potenziell gefährliches Leitsymptom — primär ärztliche Abklärung.
Atem ist kurz beim Treppensteigen,atem: ist kurz beim treppensteigen,Atem,ist kurz,beim Treppensteigen,,/beschwerden/asthma/,Asthma,low,yes,medium,medium,/beschwerden/asthma/,high,REJECT_MEDICAL_RISK,reject,Potenziell gefährliches Leitsymptom — primär ärztliche Abklärung.
Atem ist kurz in Ruhe,atem: ist kurz in ruhe,Atem,ist kurz,in Ruhe,,/beschwerden/asthma/,Asthma,low,yes,medium,medium,/beschwerden/asthma/,high,REJECT_MEDICAL_RISK,reject,Potenziell gefährliches Leitsymptom — primär ärztliche Abklärung.
Warum auge druckt einseitig?,auge: druckt einseitig,Auge,druckt,einseitig,,/beschwerden/sinusitis/,Sinusitis,low,no,medium,medium,/beschwerden/sinusitis/,high,MERGE_INTO_EXISTING,reject,"Muster-Intent plausibel eigenständig; manuell prüfen. (Frageform-Variante — gleiche Intent-Gruppe, KEINE eigene Seite.)"
Warum auge druckt hinter dem Auge?,auge: druckt hinter dem auge,Auge,druckt,hinter dem Auge,,/beschwerden/sinusitis/,Sinusitis,low,no,medium,medium,/beschwerden/sinusitis/,high,MERGE_INTO_EXISTING,reject,"Muster-Intent plausibel eigenständig; manuell prüfen. (Frageform-Variante — gleiche Intent-Gruppe, KEINE eigene Seite.)"
Was bedeutet es wenn auge druckt einseitig?,auge: druckt einseitig,Auge,druckt,einseitig,,/beschwerden/sinusitis/,Sinusitis,low,no,medium,medium,/beschwerden/sinusitis/,high,MERGE_INTO_EXISTING,reject,"Frageform-Variante — gleiche Intent-Gruppe wie die Grundform, keine eigene Seite."
Was bedeutet es wenn auge druckt hinter dem Auge?,auge: druckt hinter dem auge,Auge,druckt,hinter dem Auge,,/beschwerden/sinusitis/,Sinusitis,low,no,medium,medium,/beschwerden/sinusitis/,high,MERGE_INTO_EXISTING,reject,"Frageform-Variante — gleiche Intent-Gruppe wie die Grundform, keine eigene Seite."
Was tun wenn auge druckt einseitig?,auge: druckt einseitig,Auge,druckt,einseitig,,/beschwerden/sinusitis/,Sinusitis,low,no,medium,medium,/beschwerden/sinusitis/,high,MERGE_INTO_EXISTING,reject,"Frageform-Variante — gleiche Intent-Gruppe wie Grundform, KEINE eigene Seite."
Was tun wenn auge druckt hinter dem Auge?,auge: druckt hinter dem auge,Auge,druckt,hinter dem Auge,,/beschwerden/sinusitis/,Sinusitis,low,no,medium,medium,/beschwerden/sinusitis/,high,MERGE_INTO_EXISTING,reject,"Frageform-Variante — gleiche Intent-Gruppe wie Grundform, KEINE eigene Seite."
Augen flimmern bei Migräne,augen: flimmern bei migräne,Augen,flimmern,bei Migräne,,/beschwerden/augenmigraene/,Augenmigräne,high,no,medium,low,/beschwerden/augenmigraene/,high,REJECT_CANNIBALIZATION,reject,Kernintent bereits von /beschwerden/augenmigraene/ abgedeckt; Situations-Modifier ändert den Suchintent nicht substanziell.
Augen flimmern beim Lesen,augen: flimmern beim lesen,Augen,flimmern,beim Lesen,,/beschwerden/augenmigraene/,Augenmigräne,high,no,medium,low,/beschwerden/augenmigraene/,high,REJECT_CANNIBALIZATION,reject,Kernintent bereits von /beschwerden/augenmigraene/ abgedeckt; Situations-Modifier ändert den Suchintent nicht substanziell.
Augen flimmern plötzlich,augen: flimmern plötzlich,Augen,flimmern,plötzlich,,/beschwerden/augenmigraene/,Augenmigräne,high,no,medium,low,/beschwerden/augenmigraene/,high,REJECT_CANNIBALIZATION,reject,Kernintent bereits von /beschwerden/augenmigraene/ abgedeckt; Situations-Modifier ändert den Suchintent nicht substanziell.
Warum augen flimmern bei Migräne?,augen: flimmern bei migräne,Augen,flimmern,bei Migräne,,/beschwerden/augenmigraene/,Augenmigräne,high,no,medium,low,/beschwerden/augenmigraene/,high,REJECT_CANNIBALIZATION,reject,Kernintent bereits von /beschwerden/augenmigraene/ abgedeckt; Situations-Modifier ändert den Suchintent nicht substanziell.
Warum augen flimmern beim Lesen?,augen: flimmern beim lesen,Augen,flimmern,beim Lesen,,/beschwerden/augenmigraene/,Augenmigräne,high,no,medium,low,/beschwerden/augenmigraene/,high,REJECT_CANNIBALIZATION,reject,Kernintent bereits von /beschwerden/augenmigraene/ abgedeckt; Situations-Modifier ändert den Suchintent nicht substanziell.
Warum augen flimmern plötzlich?,augen: flimmern plötzlich,Augen,flimmern,plötzlich,,/beschwerden/augenmigraene/,Augenmigräne,high,no,medium,low,/beschwerden/augenmigraene/,high,REJECT_CANNIBALIZATION,reject,Kernintent bereits von /beschwerden/augenmigraene/ abgedeckt; Situations-Modifier ändert den Suchintent nicht substanziell.
Warum augen sind trocken am Bildschirm?,augen: sind trocken am bildschirm,Augen,sind trocken,am Bildschirm,,/beschwerden/stress-burnout/,Stress & Burnout,low,no,medium,medium,/beschwerden/stress-burnout/,none,MERGE_INTO_EXISTING,reject,"Muster-Intent plausibel eigenständig; manuell prüfen. (Frageform-Variante — gleiche Intent-Gruppe, KEINE eigene Seite.)"
Warum augen sind trocken beim Aufwachen?,augen: sind trocken beim aufwachen,Augen,sind trocken,beim Aufwachen,,/beschwerden/stress-burnout/,Stress & Burnout,low,no,medium,medium,/beschwerden/stress-burnout/,none,MERGE_INTO_EXISTING,reject,"Muster-Intent plausibel eigenständig; manuell prüfen. (Frageform-Variante — gleiche Intent-Gruppe, KEINE eigene Seite.)"
Warum augen sind trocken morgens?,augen: sind trocken morgens,Augen,sind trocken,morgens,morgens,/beschwerden/stress-burnout/,Stress & Burnout,low,no,medium,medium,/beschwerden/stress-burnout/,none,MERGE_INTO_EXISTING,reject,"Muster-Intent plausibel eigenständig; manuell prüfen. (Frageform-Variante — gleiche Intent-Gruppe, KEINE eigene Seite.)"
Was bedeutet es wenn augen sind trocken am Bildschirm?,augen: sind trocken am bildschirm,Augen,sind trocken,am Bildschirm,,/beschwerden/stress-burnout/,Stress & Burnout,low,no,medium,medium,/beschwerden/stress-burnout/,none,MERGE_INTO_EXISTING,reject,"Frageform-Variante — gleiche Intent-Gruppe wie die Grundform, keine eigene Seite."
Was bedeutet es wenn augen sind trocken beim Aufwachen?,augen: sind trocken beim aufwachen,Augen,sind trocken,beim Aufwachen,,/beschwerden/stress-burnout/,Stress & Burnout,low,no,medium,medium,/beschwerden/stress-burnout/,none,MERGE_INTO_EXISTING,reject,"Frageform-Variante — gleiche Intent-Gruppe wie die Grundform, keine eigene Seite."
Was bedeutet es wenn augen sind trocken morgens?,augen: sind trocken morgens,Augen,sind trocken,morgens,morgens,/beschwerden/stress-burnout/,Stress & Burnout,low,no,medium,medium,/beschwerden/stress-burnout/,none,MERGE_INTO_EXISTING,reject,"Frageform-Variante — gleiche Intent-Gruppe wie die Grundform, keine eigene Seite."
Was tun wenn augen sind trocken am Bildschirm?,augen: sind trocken am bildschirm,Augen,sind trocken,am Bildschirm,,/beschwerden/stress-burnout/,Stress & Burnout,low,no,medium,medium,/beschwerden/stress-burnout/,none,MERGE_INTO_EXISTING,reject,"Frageform-Variante — gleiche Intent-Gruppe wie Grundform, KEINE eigene Seite."
Was tun wenn augen sind trocken beim Aufwachen?,augen: sind trocken beim aufwachen,Augen,sind trocken,beim Aufwachen,,/beschwerden/stress-burnout/,Stress & Burnout,low,no,medium,medium,/beschwerden/stress-burnout/,none,MERGE_INTO_EXISTING,reject,"Frageform-Variante — gleiche Intent-Gruppe wie Grundform, KEINE eigene Seite."
Was tun wenn augen sind trocken morgens?,augen: sind trocken morgens,Augen,sind trocken,morgens,morgens,/beschwerden/stress-burnout/,Stress & Burnout,low,no,medium,medium,/beschwerden/stress-burnout/,none,MERGE_INTO_EXISTING,reject,"Frageform-Variante — gleiche Intent-Gruppe wie Grundform, KEINE eigene Seite."
Warum augenlid zuckt bei Müdigkeit?,augenlid: zuckt bei müdigkeit,Augenlid,zuckt,bei Müdigkeit,,/beschwerden/stress-burnout/,Stress & Burnout,low,no,medium,medium,/beschwerden/stress-burnout/,none,MERGE_INTO_EXISTING,reject,"Muster-Intent plausibel eigenständig; manuell prüfen. (Frageform-Variante — gleiche Intent-Gruppe, KEINE eigene Seite.)"
Warum augenlid zuckt bei Stress?,augenlid: zuckt bei stress,Augenlid,zuckt,bei Stress,,/beschwerden/stress-burnout/,Stress & Burnout,low,no,medium,medium,/beschwerden/stress-burnout/,none,MERGE_INTO_EXISTING,reject,"Muster-Intent plausibel eigenständig; manuell prüfen. (Frageform-Variante — gleiche Intent-Gruppe, KEINE eigene Seite.)"
Warum augenlid zuckt immer wieder?,augenlid: zuckt immer wieder,Augenlid,zuckt,immer wieder,,/beschwerden/stress-burnout/,Stress & Burnout,low,no,medium,medium,/beschwerden/stress-burnout/,none,MERGE_INTO_EXISTING,reject,"Muster-Intent plausibel eigenständig; manuell prüfen. (Frageform-Variante — gleiche Intent-Gruppe, KEINE eigene Seite.)"
Warum augenlid zuckt seit Tagen?,augenlid: zuckt seit tagen,Augenlid,zuckt,seit Tagen,,/beschwerden/stress-burnout/,Stress & Burnout,low,no,medium,medium,/beschwerden/stress-burnout/,none,MERGE_INTO_EXISTING,reject,"Muster-Intent plausibel eigenständig; manuell prüfen. (Frageform-Variante — gleiche Intent-Gruppe, KEINE eigene Seite.)"
Was bedeutet es wenn augenlid zuckt bei Müdigkeit?,augenlid: zuckt bei müdigkeit,Augenlid,zuckt,bei Müdigkeit,,/beschwerden/stress-burnout/,Stress & Burnout,low,no,medium,medium,/beschwerden/stress-burnout/,none,MERGE_INTO_EXISTING,reject,"Frageform-Variante — gleiche Intent-Gruppe wie die Grundform, keine eigene Seite."
Was bedeutet es wenn augenlid zuckt bei Stress?,augenlid: zuckt bei stress,Augenlid,zuckt,bei Stress,,/beschwerden/stress-burnout/,Stress & Burnout,low,no,medium,medium,/beschwerden/stress-burnout/,none,MERGE_INTO_EXISTING,reject,"Frageform-Variante — gleiche Intent-Gruppe wie die Grundform, keine eigene Seite."
Was bedeutet es wenn augenlid zuckt immer wieder?,augenlid: zuckt immer wieder,Augenlid,zuckt,immer wieder,,/beschwerden/stress-burnout/,Stress & Burnout,low,no,medium,medium,/beschwerden/stress-burnout/,none,MERGE_INTO_EXISTING,reject,"Frageform-Variante — gleiche Intent-Gruppe wie die Grundform, keine eigene Seite."
Was bedeutet es wenn augenlid zuckt seit Tagen?,augenlid: zuckt seit tagen,Augenlid,zuckt,seit Tagen,,/beschwerden/stress-burnout/,Stress & Burnout,low,no,medium,medium,/beschwerden/stress-burnout/,none,MERGE_INTO_EXISTING,reject,"Frageform-Variante — gleiche Intent-Gruppe wie die Grundform, keine eigene Seite."
Was tun wenn augenlid zuckt bei Müdigkeit?,augenlid: zuckt bei müdigkeit,Augenlid,zuckt,bei Müdigkeit,,/beschwerden/stress-burnout/,Stress & Burnout,low,no,medium,medium,/beschwerden/stress-burnout/,none,MERGE_INTO_EXISTING,reject,"Frageform-Variante — gleiche Intent-Gruppe wie Grundform, KEINE eigene Seite."
Was tun wenn augenlid zuckt bei Stress?,augenlid: zuckt bei stress,Augenlid,zuckt,bei Stress,,/beschwerden/stress-burnout/,Stress & Burnout,low,no,medium,medium,/beschwerden/stress-burnout/,none,MERGE_INTO_EXISTING,reject,"Frageform-Variante — gleiche Intent-Gruppe wie Grundform, KEINE eigene Seite."
Was tun wenn augenlid zuckt immer wieder?,augenlid: zuckt immer wieder,Augenlid,zuckt,immer wieder,,/beschwerden/stress-burnout/,Stress & Burnout,low,no,medium,medium,/beschwerden/stress-burnout/,none,MERGE_INTO_EXISTING,reject,"Frageform-Variante — gleiche Intent-Gruppe wie Grundform, KEINE eigene Seite."
Was tun wenn augenlid zuckt seit Tagen?,augenlid: zuckt seit tagen,Augenlid,zuckt,seit Tagen,,/beschwerden/stress-burnout/,Stress & Burnout,low,no,medium,medium,/beschwerden/stress-burnout/,none,MERGE_INTO_EXISTING,reject,"Frageform-Variante — gleiche Intent-Gruppe wie Grundform, KEINE eigene Seite."
Augenringe fallen auf trotz Schlaf,augenringe: fallen auf trotz schlaf,Augenringe,fallen auf,trotz Schlaf,,/beschwerden/eisenmangel/,Eisenmangel – TCM-Begleitung,high,no,medium,medium,/beschwerden/eisenmangel/,none,REJECT_CANNIBALIZATION,reject,/haut/augenringe/ besitzt den Intent bereits.
Warum augenringe fallen auf dunkler werdend?,augenringe: fallen auf dunkler werdend,Augenringe,fallen auf,dunkler werdend,,/beschwerden/eisenmangel/,Eisenmangel – TCM-Begleitung,medium,no,medium,medium,/beschwerden/eisenmangel/,none,MERGE_INTO_EXISTING,reject,"Frageform-Variante — gleiche Intent-Gruppe wie die Grundform, keine eigene Seite."
Warum augenringe fallen auf seit Monaten?,augenringe: fallen auf seit monaten,Augenringe,fallen auf,seit Monaten,,/beschwerden/eisenmangel/,Eisenmangel – TCM-Begleitung,medium,no,medium,medium,/beschwerden/eisenmangel/,none,MERGE_INTO_EXISTING,reject,"Frageform-Variante — gleiche Intent-Gruppe wie die Grundform, keine eigene Seite."
Warum augenringe fallen auf trotz Schlaf?,augenringe: fallen auf trotz schlaf,Augenringe,fallen auf,trotz Schlaf,,/beschwerden/eisenmangel/,Eisenmangel – TCM-Begleitung,medium,no,medium,medium,/beschwerden/eisenmangel/,none,MERGE_INTO_EXISTING,reject,"Frageform-Variante — gleiche Intent-Gruppe wie die Grundform, keine eigene Seite."
Was bedeutet es wenn augenringe fallen auf dunkler werdend?,augenringe: fallen auf dunkler werdend,Augenringe,fallen auf,dunkler werdend,,/beschwerden/eisenmangel/,Eisenmangel – TCM-Begleitung,medium,no,medium,medium,/beschwerden/eisenmangel/,none,MERGE_INTO_EXISTING,reject,"Frageform-Variante — gleiche Intent-Gruppe wie die Grundform, keine eigene Seite."
Was bedeutet es wenn augenringe fallen auf seit Monaten?,augenringe: fallen auf seit monaten,Augenringe,fallen auf,seit Monaten,,/beschwerden/eisenmangel/,Eisenmangel – TCM-Begleitung,medium,no,medium,medium,/beschwerden/eisenmangel/,none,MERGE_INTO_EXISTING,reject,"Frageform-Variante — gleiche Intent-Gruppe wie die Grundform, keine eigene Seite."
Was bedeutet es wenn augenringe fallen auf trotz Schlaf?,augenringe: fallen auf trotz schlaf,Augenringe,fallen auf,trotz Schlaf,,/beschwerden/eisenmangel/,Eisenmangel – TCM-Begleitung,medium,no,medium,medium,/beschwerden/eisenmangel/,none,MERGE_INTO_EXISTING,reject,"Frageform-Variante — gleiche Intent-Gruppe wie die Grundform, keine eigene Seite."
Was tun wenn augenringe fallen auf dunkler werdend?,augenringe: fallen auf dunkler werdend,Augenringe,fallen auf,dunkler werdend,,/beschwerden/eisenmangel/,Eisenmangel – TCM-Begleitung,medium,no,medium,medium,/beschwerden/eisenmangel/,none,MERGE_INTO_EXISTING,reject,"Frageform-Variante — gleiche Intent-Gruppe wie die Grundform, keine eigene Seite."
Was tun wenn augenringe fallen auf seit Monaten?,augenringe: fallen auf seit monaten,Augenringe,fallen auf,seit Monaten,,/beschwerden/eisenmangel/,Eisenmangel – TCM-Begleitung,medium,no,medium,medium,/beschwerden/eisenmangel/,none,MERGE_INTO_EXISTING,reject,"Frageform-Variante — gleiche Intent-Gruppe wie die Grundform, keine eigene Seite."
Was tun wenn augenringe fallen auf trotz Schlaf?,augenringe: fallen auf trotz schlaf,Augenringe,fallen auf,trotz Schlaf,,/beschwerden/eisenmangel/,Eisenmangel – TCM-Begleitung,medium,no,medium,medium,/beschwerden/eisenmangel/,none,MERGE_INTO_EXISTING,reject,"Frageform-Variante — gleiche Intent-Gruppe wie die Grundform, keine eigene Seite."
Bauch gluckert nach dem Essen,bauch: gluckert nach dem essen,Bauch,gluckert,nach dem Essen,,/beschwerden/blaehungen/,Blähungen,high,no,medium,low,/beschwerden/blaehungen/,none,REJECT_CANNIBALIZATION,reject,Kernintent bereits von /beschwerden/blaehungen/ abgedeckt; Situations-Modifier ändert den Suchintent nicht substanziell.
Bauch gluckert nachts,bauch: gluckert nachts,Bauch,gluckert,nachts,nachts,/beschwerden/blaehungen/,Blähungen,high,no,medium,low,/beschwerden/blaehungen/,none,REJECT_CANNIBALIZATION,reject,Kernintent bereits von /beschwerden/blaehungen/ abgedeckt; Situations-Modifier ändert den Suchintent nicht substanziell.
Bauch gluckert ständig,bauch: gluckert ständig,Bauch,gluckert,ständig,,/beschwerden/blaehungen/,Blähungen,high,no,medium,low,/beschwerden/blaehungen/,none,REJECT_CANNIBALIZATION,reject,Kernintent bereits von /beschwerden/blaehungen/ abgedeckt; Situations-Modifier ändert den Suchintent nicht substanziell.
Bauch ist aufgebläht abends,bauch: ist aufgebläht abends,Bauch,ist aufgebläht,abends,abends,/beschwerden/blaehungen/,Blähungen,high,no,medium,low,/beschwerden/blaehungen/,none,REJECT_CANNIBALIZATION,reject,Kernintent bereits von /beschwerden/blaehungen/ abgedeckt; Situations-Modifier ändert den Suchintent nicht substanziell.
Bauch ist aufgebläht nach dem Essen,bauch: ist aufgebläht nach dem essen,Bauch,ist aufgebläht,nach dem Essen,,/beschwerden/blaehungen/,Blähungen,high,no,medium,low,/beschwerden/blaehungen/,none,REJECT_CANNIBALIZATION,reject,Kernintent bereits von /beschwerden/blaehungen/ abgedeckt; Situations-Modifier ändert den Suchintent nicht substanziell.
Bauch ist aufgebläht schon morgens,bauch: ist aufgebläht schon morgens,Bauch,ist aufgebläht,schon morgens,morgens,/beschwerden/blaehungen/,Blähungen,high,no,medium,low,/beschwerden/blaehungen/,none,REJECT_CANNIBALIZATION,reject,Kernintent bereits von /beschwerden/blaehungen/ abgedeckt; Situations-Modifier ändert den Suchintent nicht substanziell.
Warum bauch gluckert nach dem Essen?,bauch: gluckert nach dem essen,Bauch,gluckert,nach dem Essen,,/beschwerden/blaehungen/,Blähungen,high,no,medium,low,/beschwerden/blaehungen/,none,REJECT_CANNIBALIZATION,reject,Kernintent bereits von /beschwerden/blaehungen/ abgedeckt; Situations-Modifier ändert den Suchintent nicht substanziell.
Warum bauch gluckert nachts?,bauch: gluckert nachts,Bauch,gluckert,nachts,nachts,/beschwerden/blaehungen/,Blähungen,high,no,medium,low,/beschwerden/blaehungen/,none,REJECT_CANNIBALIZATION,reject,Kernintent bereits von /beschwerden/blaehungen/ abgedeckt; Situations-Modifier ändert den Suchintent nicht substanziell.
Warum bauch gluckert ständig?,bauch: gluckert ständig,Bauch,gluckert,ständig,,/beschwerden/blaehungen/,Blähungen,high,no,medium,low,/beschwerden/blaehungen/,none,REJECT_CANNIBALIZATION,reject,Kernintent bereits von /beschwerden/blaehungen/ abgedeckt; Situations-Modifier ändert den Suchintent nicht substanziell.
Warum bauch ist aufgebläht abends?,bauch: ist aufgebläht abends,Bauch,ist aufgebläht,abends,abends,/beschwerden/blaehungen/,Blähungen,high,no,medium,low,/beschwerden/blaehungen/,none,REJECT_CANNIBALIZATION,reject,Kernintent bereits von /beschwerden/blaehungen/ abgedeckt; Situations-Modifier ändert den Suchintent nicht substanziell.
Warum bauch ist aufgebläht nach dem Essen?,bauch: ist aufgebläht nach dem essen,Bauch,ist aufgebläht,nach dem Essen,,/beschwerden/blaehungen/,Blähungen,high,no,medium,low,/beschwerden/blaehungen/,none,REJECT_CANNIBALIZATION,reject,Kernintent bereits von /beschwerden/blaehungen/ abgedeckt; Situations-Modifier ändert den Suchintent nicht substanziell.
Warum bauch ist aufgebläht schon morgens?,bauch: ist aufgebläht schon morgens,Bauch,ist aufgebläht,schon morgens,morgens,/beschwerden/blaehungen/,Blähungen,high,no,medium,low,/beschwerden/blaehungen/,none,REJECT_CANNIBALIZATION,reject,Kernintent bereits von /beschwerden/blaehungen/ abgedeckt; Situations-Modifier ändert den Suchintent nicht substanziell.
Bein kribbelt beim Liegen,bein: kribbelt beim liegen,Bein,kribbelt,beim Liegen,,/beschwerden/ischias/,Ischias,high,no,medium,low,/beschwerden/ischias/,medium,REJECT_CANNIBALIZATION,reject,Kernintent bereits von /beschwerden/ischias/ abgedeckt; Situations-Modifier ändert den Suchintent nicht substanziell.
Bein kribbelt nachts,bein: kribbelt nachts,Bein,kribbelt,nachts,nachts,/beschwerden/ischias/,Ischias,high,no,medium,low,/beschwerden/ischias/,medium,REJECT_CANNIBALIZATION,reject,Kernintent bereits von /beschwerden/ischias/ abgedeckt; Situations-Modifier ändert den Suchintent nicht substanziell.
Bein kribbelt vom Gesäss abwärts,bein: kribbelt vom gesäss abwärts,Bein,kribbelt,vom Gesäss abwärts,,/beschwerden/ischias/,Ischias,high,no,medium,low,/beschwerden/ischias/,medium,REJECT_CANNIBALIZATION,reject,Kernintent bereits von /beschwerden/ischias/ abgedeckt; Situations-Modifier ändert den Suchintent nicht substanziell.
Warum bein kribbelt beim Liegen?,bein: kribbelt beim liegen,Bein,kribbelt,beim Liegen,,/beschwerden/ischias/,Ischias,high,no,medium,low,/beschwerden/ischias/,medium,REJECT_CANNIBALIZATION,reject,Kernintent bereits von /beschwerden/ischias/ abgedeckt; Situations-Modifier ändert den Suchintent nicht substanziell.
Warum bein kribbelt nachts?,bein: kribbelt nachts,Bein,kribbelt,nachts,nachts,/beschwerden/ischias/,Ischias,high,no,medium,low,/beschwerden/ischias/,medium,REJECT_CANNIBALIZATION,reject,Kernintent bereits von /beschwerden/ischias/ abgedeckt; Situations-Modifier ändert den Suchintent nicht substanziell.
Warum bein kribbelt vom Gesäss abwärts?,bein: kribbelt vom gesäss abwärts,Bein,kribbelt,vom Gesäss abwärts,,/beschwerden/ischias/,Ischias,high,no,medium,low,/beschwerden/ischias/,medium,REJECT_CANNIBALIZATION,reject,Kernintent bereits von /beschwerden/ischias/ abgedeckt; Situations-Modifier ändert den Suchintent nicht substanziell.
Warum bein wird taub beim Schneidersitz?,bein: wird taub beim schneidersitz,Bein,wird taub,beim Schneidersitz,,/beschwerden/ischias/,Ischias,low,no,medium,medium,/beschwerden/ischias/,medium,MERGE_INTO_EXISTING,reject,"Muster-Intent plausibel eigenständig; manuell prüfen. (Frageform-Variante — gleiche Intent-Gruppe, KEINE eigene Seite.)"
Warum bein wird taub beim Sitzen auf der Toilette?,bein: wird taub beim sitzen auf der toilette,Bein,wird taub,beim Sitzen auf der Toilette,,/beschwerden/ischias/,Ischias,low,no,medium,medium,/beschwerden/ischias/,medium,MERGE_INTO_EXISTING,reject,"Muster-Intent plausibel eigenständig; manuell prüfen. (Frageform-Variante — gleiche Intent-Gruppe, KEINE eigene Seite.)"
Warum bein wird taub beim Sitzen?,bein: wird taub beim sitzen,Bein,wird taub,beim Sitzen,,/beschwerden/ischias/,Ischias,low,no,medium,medium,/beschwerden/ischias/,medium,MERGE_INTO_EXISTING,reject,"Muster-Intent plausibel eigenständig; manuell prüfen. (Frageform-Variante — gleiche Intent-Gruppe, KEINE eigene Seite.)"
Was bedeutet es wenn bein wird taub beim Schneidersitz?,bein: wird taub beim schneidersitz,Bein,wird taub,beim Schneidersitz,,/beschwerden/ischias/,Ischias,low,no,medium,medium,/beschwerden/ischias/,medium,MERGE_INTO_EXISTING,reject,"Frageform-Variante — gleiche Intent-Gruppe wie die Grundform, keine eigene Seite."
Was bedeutet es wenn bein wird taub beim Sitzen auf der Toilette?,bein: wird taub beim sitzen auf der toilette,Bein,wird taub,beim Sitzen auf der Toilette,,/beschwerden/ischias/,Ischias,low,no,medium,medium,/beschwerden/ischias/,medium,MERGE_INTO_EXISTING,reject,"Frageform-Variante — gleiche Intent-Gruppe wie die Grundform, keine eigene Seite."
Was bedeutet es wenn bein wird taub beim Sitzen?,bein: wird taub beim sitzen,Bein,wird taub,beim Sitzen,,/beschwerden/ischias/,Ischias,low,no,medium,medium,/beschwerden/ischias/,medium,MERGE_INTO_EXISTING,reject,"Frageform-Variante — gleiche Intent-Gruppe wie die Grundform, keine eigene Seite."
Was tun wenn bein wird taub beim Schneidersitz?,bein: wird taub beim schneidersitz,Bein,wird taub,beim Schneidersitz,,/beschwerden/ischias/,Ischias,low,no,medium,medium,/beschwerden/ischias/,medium,MERGE_INTO_EXISTING,reject,"Frageform-Variante — gleiche Intent-Gruppe wie Grundform, KEINE eigene Seite."
Was tun wenn bein wird taub beim Sitzen auf der Toilette?,bein: wird taub beim sitzen auf der toilette,Bein,wird taub,beim Sitzen auf der Toilette,,/beschwerden/ischias/,Ischias,low,no,medium,medium,/beschwerden/ischias/,medium,MERGE_INTO_EXISTING,reject,"Frageform-Variante — gleiche Intent-Gruppe wie Grundform, KEINE eigene Seite."
Was tun wenn bein wird taub beim Sitzen?,bein: wird taub beim sitzen,Bein,wird taub,beim Sitzen,,/beschwerden/ischias/,Ischias,low,no,medium,medium,/beschwerden/ischias/,medium,MERGE_INTO_EXISTING,reject,"Frageform-Variante — gleiche Intent-Gruppe wie Grundform, KEINE eigene Seite."
Beine sind unruhig abends auf dem Sofa,beine: sind unruhig abends auf dem sofa,Beine,sind unruhig,abends auf dem Sofa,abends,/beschwerden/restless-legs/,Restless Legs,high,no,medium,low,/beschwerden/restless-legs/,none,REJECT_CANNIBALIZATION,reject,Kernintent bereits von /beschwerden/restless-legs/ abgedeckt; Situations-Modifier ändert den Suchintent nicht substanziell.
Beine sind unruhig beim Einschlafen,beine: sind unruhig beim einschlafen,Beine,sind unruhig,beim Einschlafen,,/beschwerden/restless-legs/,Restless Legs,high,no,medium,low,/beschwerden/restless-legs/,none,REJECT_CANNIBALIZATION,reject,Kernintent bereits von /beschwerden/restless-legs/ abgedeckt; Situations-Modifier ändert den Suchintent nicht substanziell.
Beine sind unruhig im Kino,beine: sind unruhig im kino,Beine,sind unruhig,im Kino,,/beschwerden/restless-legs/,Restless Legs,high,no,medium,low,/beschwerden/restless-legs/,none,REJECT_CANNIBALIZATION,reject,Kernintent bereits von /beschwerden/restless-legs/ abgedeckt; Situations-Modifier ändert den Suchintent nicht substanziell.
Warum beine sind unruhig abends auf dem Sofa?,beine: sind unruhig abends auf dem sofa,Beine,sind unruhig,abends auf dem Sofa,abends,/beschwerden/restless-legs/,Restless Legs,high,no,medium,low,/beschwerden/restless-legs/,none,REJECT_CANNIBALIZATION,reject,Kernintent bereits von /beschwerden/restless-legs/ abgedeckt; Situations-Modifier ändert den Suchintent nicht substanziell.
Warum beine sind unruhig beim Einschlafen?,beine: sind unruhig beim einschlafen,Beine,sind unruhig,beim Einschlafen,,/beschwerden/restless-legs/,Restless Legs,high,no,medium,low,/beschwerden/restless-legs/,none,REJECT_CANNIBALIZATION,reject,Kernintent bereits von /beschwerden/restless-legs/ abgedeckt; Situations-Modifier ändert den Suchintent nicht substanziell.
Warum beine sind unruhig im Kino?,beine: sind unruhig im kino,Beine,sind unruhig,im Kino,,/beschwerden/restless-legs/,Restless Legs,high,no,medium,low,/beschwerden/restless-legs/,none,REJECT_CANNIBALIZATION,reject,Kernintent bereits von /beschwerden/restless-legs/ abgedeckt; Situations-Modifier ändert den Suchintent nicht substanziell.
Blase drückt direkt nach dem Wasserlassen,blase: drückt direkt nach dem wasserlassen,Blase,drückt,direkt nach dem Wasserlassen,,/beschwerden/reizblase/,Reizblase,high,no,medium,low,/beschwerden/reizblase/,none,REJECT_CANNIBALIZATION,reject,Kernintent bereits von /beschwerden/reizblase/ abgedeckt.
Blase drückt nachts mehrmals,blase: drückt nachts mehrmals,Blase,drückt,nachts mehrmals,nachts,/beschwerden/reizblase/,Reizblase,high,no,medium,low,/beschwerden/reizblase/,none,REJECT_CANNIBALIZATION,reject,Kernintent bereits von /beschwerden/reizblase/ abgedeckt.
Blase drückt ständig,blase: drückt ständig,Blase,drückt,ständig,,/beschwerden/reizblase/,Reizblase,high,no,medium,low,/beschwerden/reizblase/,none,REJECT_CANNIBALIZATION,reject,Kernintent bereits von /beschwerden/reizblase/ abgedeckt.
Brust schmerzt bei Belastung,brust: schmerzt bei belastung,Brust,schmerzt,bei Belastung,,/beschwerden/angststoerungen/,Angststörungen,low,yes,medium,medium,/beschwerden/angststoerungen/,high,REJECT_MEDICAL_RISK,reject,"Potenziell gefährliches Leitsymptom — gehört primär in ärztliche Abklärung, nicht in TCM-Lead-Gen."
Brust schmerzt beim Atmen,brust: schmerzt beim atmen,Brust,schmerzt,beim Atmen,,/beschwerden/angststoerungen/,Angststörungen,low,yes,medium,medium,/beschwerden/angststoerungen/,high,REJECT_MEDICAL_RISK,reject,"Potenziell gefährliches Leitsymptom — gehört primär in ärztliche Abklärung, nicht in TCM-Lead-Gen."
Brustkorb fühlt sich eng an bei Stress,brustkorb: fühlt sich eng an bei stress,Brustkorb,fühlt sich eng an,bei Stress,,/beschwerden/angststoerungen/,Angststörungen,low,yes,medium,medium,/beschwerden/angststoerungen/,high,REJECT_MEDICAL_RISK,reject,"Potenziell gefährliches Leitsymptom — gehört primär in ärztliche Abklärung, nicht in TCM-Lead-Gen."
Brustkorb fühlt sich eng an beim tiefen Einatmen,brustkorb: fühlt sich eng an beim tiefen einatmen,Brustkorb,fühlt sich eng an,beim tiefen Einatmen,,/beschwerden/angststoerungen/,Angststörungen,low,yes,medium,medium,/beschwerden/angststoerungen/,high,REJECT_MEDICAL_RISK,reject,"Potenziell gefährliches Leitsymptom — gehört primär in ärztliche Abklärung, nicht in TCM-Lead-Gen."
Daumen schmerzt am Handy,daumen: schmerzt am handy,Daumen,schmerzt,am Handy,,/beschwerden/rhizarthrose/,Rhizarthrose,high,no,medium,low,/beschwerden/rhizarthrose/,none,REJECT_CANNIBALIZATION,reject,Kernintent bereits von /beschwerden/rhizarthrose/ abgedeckt.
Daumen schmerzt beim Greifen,daumen: schmerzt beim greifen,Daumen,schmerzt,beim Greifen,,/beschwerden/rhizarthrose/,Rhizarthrose,high,no,medium,low,/beschwerden/rhizarthrose/,none,REJECT_CANNIBALIZATION,reject,Kernintent bereits von /beschwerden/rhizarthrose/ abgedeckt.
Daumen schmerzt beim Öffnen von Flaschen,daumen: schmerzt beim öffnen von flaschen,Daumen,schmerzt,beim Öffnen von Flaschen,,/beschwerden/rhizarthrose/,Rhizarthrose,high,no,medium,low,/beschwerden/rhizarthrose/,none,REJECT_CANNIBALIZATION,reject,Kernintent bereits von /beschwerden/rhizarthrose/ abgedeckt.
Daumen sticht am Handy,daumen: schmerzt am handy,Daumen,sticht,am Handy,,/beschwerden/rhizarthrose/,Rhizarthrose,high,no,medium,low,/beschwerden/rhizarthrose/,none,REJECT_CANNIBALIZATION,reject,"Empfindungs-Synonym — gleiche Intent-Gruppe wie die Grundform, keine eigene Seite."
Daumen sticht beim Greifen,daumen: schmerzt beim greifen,Daumen,sticht,beim Greifen,,/beschwerden/rhizarthrose/,Rhizarthrose,high,no,medium,low,/beschwerden/rhizarthrose/,none,REJECT_CANNIBALIZATION,reject,"Empfindungs-Synonym — gleiche Intent-Gruppe wie die Grundform, keine eigene Seite."
Daumen sticht beim Öffnen von Flaschen,daumen: schmerzt beim öffnen von flaschen,Daumen,sticht,beim Öffnen von Flaschen,,/beschwerden/rhizarthrose/,Rhizarthrose,high,no,medium,low,/beschwerden/rhizarthrose/,none,REJECT_CANNIBALIZATION,reject,"Empfindungs-Synonym — gleiche Intent-Gruppe wie die Grundform, keine eigene Seite."
Daumen zieht am Handy,daumen: schmerzt am handy,Daumen,zieht,am Handy,,/beschwerden/rhizarthrose/,Rhizarthrose,high,no,medium,low,/beschwerden/rhizarthrose/,none,REJECT_CANNIBALIZATION,reject,"Empfindungs-Synonym — gleiche Intent-Gruppe wie die Grundform, keine eigene Seite."
Daumen zieht beim Greifen,daumen: schmerzt beim greifen,Daumen,zieht,beim Greifen,,/beschwerden/rhizarthrose/,Rhizarthrose,high,no,medium,low,/beschwerden/rhizarthrose/,none,REJECT_CANNIBALIZATION,reject,"Empfindungs-Synonym — gleiche Intent-Gruppe wie die Grundform, keine eigene Seite."
Daumen zieht beim Öffnen von Flaschen,daumen: schmerzt beim öffnen von flaschen,Daumen,zieht,beim Öffnen von Flaschen,,/beschwerden/rhizarthrose/,Rhizarthrose,high,no,medium,low,/beschwerden/rhizarthrose/,none,REJECT_CANNIBALIZATION,reject,"Empfindungs-Synonym — gleiche Intent-Gruppe wie die Grundform, keine eigene Seite."
Warum druck sitzt im Ohr beim Bücken?,druck: sitzt im ohr beim bücken,Druck,sitzt im Ohr,beim Bücken,,/beschwerden/hoersturz/,Hörsturz,medium,no,medium,medium,/beschwerden/hoersturz/,medium,MERGE_INTO_EXISTING,reject,"Frageform-Variante — gleiche Intent-Gruppe wie die Grundform, keine eigene Seite."
Warum druck sitzt im Ohr beim Fliegen dauerhaft?,druck: sitzt im ohr beim fliegen dauerhaft,Druck,sitzt im Ohr,beim Fliegen dauerhaft,,/beschwerden/hoersturz/,Hörsturz,medium,no,medium,medium,/beschwerden/hoersturz/,medium,MERGE_INTO_EXISTING,reject,"Frageform-Variante — gleiche Intent-Gruppe wie die Grundform, keine eigene Seite."
Warum druck sitzt im Ohr seit der Erkältung?,druck: sitzt im ohr seit der erkältung,Druck,sitzt im Ohr,seit der Erkältung,,/beschwerden/hoersturz/,Hörsturz,medium,no,medium,medium,/beschwerden/hoersturz/,medium,MERGE_INTO_EXISTING,reject,"Frageform-Variante — gleiche Intent-Gruppe wie die Grundform, keine eigene Seite."
Was bedeutet es wenn druck sitzt im Ohr beim Bücken?,druck: sitzt im ohr beim bücken,Druck,sitzt im Ohr,beim Bücken,,/beschwerden/hoersturz/,Hörsturz,medium,no,medium,medium,/beschwerden/hoersturz/,medium,MERGE_INTO_EXISTING,reject,"Frageform-Variante — gleiche Intent-Gruppe wie die Grundform, keine eigene Seite."
Was bedeutet es wenn druck sitzt im Ohr beim Fliegen dauerhaft?,druck: sitzt im ohr beim fliegen dauerhaft,Druck,sitzt im Ohr,beim Fliegen dauerhaft,,/beschwerden/hoersturz/,Hörsturz,medium,no,medium,medium,/beschwerden/hoersturz/,medium,MERGE_INTO_EXISTING,reject,"Frageform-Variante — gleiche Intent-Gruppe wie die Grundform, keine eigene Seite."
Was bedeutet es wenn druck sitzt im Ohr seit der Erkältung?,druck: sitzt im ohr seit der erkältung,Druck,sitzt im Ohr,seit der Erkältung,,/beschwerden/hoersturz/,Hörsturz,medium,no,medium,medium,/beschwerden/hoersturz/,medium,MERGE_INTO_EXISTING,reject,"Frageform-Variante — gleiche Intent-Gruppe wie die Grundform, keine eigene Seite."
Was tun wenn druck sitzt im Ohr beim Bücken?,druck: sitzt im ohr beim bücken,Druck,sitzt im Ohr,beim Bücken,,/beschwerden/hoersturz/,Hörsturz,medium,no,medium,medium,/beschwerden/hoersturz/,medium,MERGE_INTO_EXISTING,reject,"Frageform-Variante — gleiche Intent-Gruppe wie die Grundform, keine eigene Seite."
Was tun wenn druck sitzt im Ohr beim Fliegen dauerhaft?,druck: sitzt im ohr beim fliegen dauerhaft,Druck,sitzt im Ohr,beim Fliegen dauerhaft,,/beschwerden/hoersturz/,Hörsturz,medium,no,medium,medium,/beschwerden/hoersturz/,medium,MERGE_INTO_EXISTING,reject,"Frageform-Variante — gleiche Intent-Gruppe wie die Grundform, keine eigene Seite."
Was tun wenn druck sitzt im Ohr seit der Erkältung?,druck: sitzt im ohr seit der erkältung,Druck,sitzt im Ohr,seit der Erkältung,,/beschwerden/hoersturz/,Hörsturz,medium,no,medium,medium,/beschwerden/hoersturz/,medium,MERGE_INTO_EXISTING,reject,"Frageform-Variante — gleiche Intent-Gruppe wie die Grundform, keine eigene Seite."
Einschlafen fällt schwer trotz Müdigkeit,einschlafen: fällt schwer trotz müdigkeit,Einschlafen,fällt schwer,trotz Müdigkeit,,/beschwerden/schlafprobleme/,Schlafprobleme,high,no,medium,low,/beschwerden/schlafprobleme/,none,REJECT_CANNIBALIZATION,reject,Kernintent bereits von /beschwerden/schlafprobleme/ abgedeckt; Situations-Modifier ändert den Suchintent nicht substanziell.
Einschlafen fällt schwer wegen Gedankenkreisen,einschlafen: fällt schwer wegen gedankenkreisen,Einschlafen,fällt schwer,wegen Gedankenkreisen,,/beschwerden/schlafprobleme/,Schlafprobleme,high,no,medium,low,/beschwerden/schlafprobleme/,none,REJECT_CANNIBALIZATION,reject,Kernintent bereits von /beschwerden/schlafprobleme/ abgedeckt; Situations-Modifier ändert den Suchintent nicht substanziell.
Einschlafen fällt schwer wegen unruhiger Beine,einschlafen: fällt schwer wegen unruhiger beine,Einschlafen,fällt schwer,wegen unruhiger Beine,,/beschwerden/schlafprobleme/,Schlafprobleme,high,no,medium,low,/beschwerden/schlafprobleme/,none,REJECT_CANNIBALIZATION,reject,Kernintent bereits von /beschwerden/schlafprobleme/ abgedeckt; Situations-Modifier ändert den Suchintent nicht substanziell.
Warum einschlafen fällt schwer trotz Müdigkeit?,einschlafen: fällt schwer trotz müdigkeit,Einschlafen,fällt schwer,trotz Müdigkeit,,/beschwerden/schlafprobleme/,Schlafprobleme,high,no,medium,low,/beschwerden/schlafprobleme/,none,REJECT_CANNIBALIZATION,reject,Kernintent bereits von /beschwerden/schlafprobleme/ abgedeckt; Situations-Modifier ändert den Suchintent nicht substanziell.
Warum einschlafen fällt schwer wegen Gedankenkreisen?,einschlafen: fällt schwer wegen gedankenkreisen,Einschlafen,fällt schwer,wegen Gedankenkreisen,,/beschwerden/schlafprobleme/,Schlafprobleme,high,no,medium,low,/beschwerden/schlafprobleme/,none,REJECT_CANNIBALIZATION,reject,Kernintent bereits von /beschwerden/schlafprobleme/ abgedeckt; Situations-Modifier ändert den Suchintent nicht substanziell.
Warum einschlafen fällt schwer wegen unruhiger Beine?,einschlafen: fällt schwer wegen unruhiger beine,Einschlafen,fällt schwer,wegen unruhiger Beine,,/beschwerden/schlafprobleme/,Schlafprobleme,high,no,medium,low,/beschwerden/schlafprobleme/,none,REJECT_CANNIBALIZATION,reject,Kernintent bereits von /beschwerden/schlafprobleme/ abgedeckt; Situations-Modifier ändert den Suchintent nicht substanziell.
Ellenbogen schmerzt bei der Maus am PC,ellenbogen: schmerzt bei der maus am pc,Ellenbogen,schmerzt,bei der Maus am PC,,/beschwerden/tennisarm/,Tennisarm & Golferarm,high,no,medium,low,/beschwerden/tennisarm/,none,REJECT_CANNIBALIZATION,reject,Kernintent bereits von /beschwerden/tennisarm/ abgedeckt.
Ellenbogen schmerzt beim Greifen,ellenbogen: schmerzt beim greifen,Ellenbogen,schmerzt,beim Greifen,,/beschwerden/tennisarm/,Tennisarm & Golferarm,high,no,medium,low,/beschwerden/tennisarm/,none,REJECT_CANNIBALIZATION,reject,Kernintent bereits von /beschwerden/tennisarm/ abgedeckt.
Ellenbogen schmerzt beim Heben der Kaffeetasse,ellenbogen: schmerzt beim heben der kaffeetasse,Ellenbogen,schmerzt,beim Heben der Kaffeetasse,,/beschwerden/tennisarm/,Tennisarm & Golferarm,high,no,medium,low,/beschwerden/tennisarm/,none,REJECT_CANNIBALIZATION,reject,Kernintent bereits von /beschwerden/tennisarm/ abgedeckt.
Ellenbogen schmerzt beim Händeschütteln,ellenbogen: schmerzt beim händeschütteln,Ellenbogen,schmerzt,beim Händeschütteln,,/beschwerden/tennisarm/,Tennisarm & Golferarm,high,no,medium,low,/beschwerden/tennisarm/,none,REJECT_CANNIBALIZATION,reject,Kernintent bereits von /beschwerden/tennisarm/ abgedeckt.
Ellenbogen sticht bei der Maus am PC,ellenbogen: schmerzt bei der maus am pc,Ellenbogen,sticht,bei der Maus am PC,,/beschwerden/tennisarm/,Tennisarm & Golferarm,high,no,medium,low,/beschwerden/tennisarm/,none,REJECT_CANNIBALIZATION,reject,"Empfindungs-Synonym — gleiche Intent-Gruppe wie die Grundform, keine eigene Seite."
Ellenbogen sticht beim Greifen,ellenbogen: schmerzt beim greifen,Ellenbogen,sticht,beim Greifen,,/beschwerden/tennisarm/,Tennisarm & Golferarm,high,no,medium,low,/beschwerden/tennisarm/,none,REJECT_CANNIBALIZATION,reject,"Empfindungs-Synonym — gleiche Intent-Gruppe wie die Grundform, keine eigene Seite."
Ellenbogen sticht beim Heben der Kaffeetasse,ellenbogen: schmerzt beim heben der kaffeetasse,Ellenbogen,sticht,beim Heben der Kaffeetasse,,/beschwerden/tennisarm/,Tennisarm & Golferarm,high,no,medium,low,/beschwerden/tennisarm/,none,REJECT_CANNIBALIZATION,reject,"Empfindungs-Synonym — gleiche Intent-Gruppe wie die Grundform, keine eigene Seite."
Ellenbogen sticht beim Händeschütteln,ellenbogen: schmerzt beim händeschütteln,Ellenbogen,sticht,beim Händeschütteln,,/beschwerden/tennisarm/,Tennisarm & Golferarm,high,no,medium,low,/beschwerden/tennisarm/,none,REJECT_CANNIBALIZATION,reject,"Empfindungs-Synonym — gleiche Intent-Gruppe wie die Grundform, keine eigene Seite."
Ellenbogen zieht bei der Maus am PC,ellenbogen: schmerzt bei der maus am pc,Ellenbogen,zieht,bei der Maus am PC,,/beschwerden/tennisarm/,Tennisarm & Golferarm,high,no,medium,low,/beschwerden/tennisarm/,none,REJECT_CANNIBALIZATION,reject,"Empfindungs-Synonym — gleiche Intent-Gruppe wie die Grundform, keine eigene Seite."
Ellenbogen zieht beim Greifen,ellenbogen: schmerzt beim greifen,Ellenbogen,zieht,beim Greifen,,/beschwerden/tennisarm/,Tennisarm & Golferarm,high,no,medium,low,/beschwerden/tennisarm/,none,REJECT_CANNIBALIZATION,reject,"Empfindungs-Synonym — gleiche Intent-Gruppe wie die Grundform, keine eigene Seite."
Ellenbogen zieht beim Heben der Kaffeetasse,ellenbogen: schmerzt beim heben der kaffeetasse,Ellenbogen,zieht,beim Heben der Kaffeetasse,,/beschwerden/tennisarm/,Tennisarm & Golferarm,high,no,medium,low,/beschwerden/tennisarm/,none,REJECT_CANNIBALIZATION,reject,"Empfindungs-Synonym — gleiche Intent-Gruppe wie die Grundform, keine eigene Seite."
Ellenbogen zieht beim Händeschütteln,ellenbogen: schmerzt beim händeschütteln,Ellenbogen,zieht,beim Händeschütteln,,/beschwerden/tennisarm/,Tennisarm & Golferarm,high,no,medium,low,/beschwerden/tennisarm/,none,REJECT_CANNIBALIZATION,reject,"Empfindungs-Synonym — gleiche Intent-Gruppe wie die Grundform, keine eigene Seite."
Energie fehlt ab Mittag,energie: fehlt ab mittag,Energie,fehlt,ab Mittag,,/beschwerden/erschoepfung/,Erschöpfung,high,no,medium,low,/beschwerden/erschoepfung/,medium,REJECT_CANNIBALIZATION,reject,Kernintent bereits von /beschwerden/erschoepfung/ abgedeckt.
Energie fehlt nach dem Essen,energie: fehlt nach dem essen,Energie,fehlt,nach dem Essen,,/beschwerden/erschoepfung/,Erschöpfung,high,no,medium,low,/beschwerden/erschoepfung/,medium,REJECT_CANNIBALIZATION,reject,Kernintent bereits von /beschwerden/erschoepfung/ abgedeckt.
Energie fehlt schon morgens,energie: fehlt schon morgens,Energie,fehlt,schon morgens,morgens,/beschwerden/erschoepfung/,Erschöpfung,high,no,medium,low,/beschwerden/erschoepfung/,medium,REJECT_CANNIBALIZATION,reject,Kernintent bereits von /beschwerden/erschoepfung/ abgedeckt.
Energie fehlt seit Monaten,energie: fehlt seit monaten,Energie,fehlt,seit Monaten,,/beschwerden/erschoepfung/,Erschöpfung,high,no,medium,low,/beschwerden/erschoepfung/,medium,REJECT_CANNIBALIZATION,reject,Kernintent bereits von /beschwerden/erschoepfung/ abgedeckt.
Ferse sticht beim Auftreten,ferse: sticht beim auftreten,Ferse,sticht,beim Auftreten,,/beschwerden/fersensporn/,Fersensporn,high,no,medium,low,/beschwerden/fersensporn/,none,REJECT_CANNIBALIZATION,reject,Kernintent bereits von /beschwerden/fersensporn/ abgedeckt; Situations-Modifier ändert den Suchintent nicht substanziell.
Ferse sticht morgens beim ersten Schritt,ferse: sticht morgens beim ersten schritt,Ferse,sticht,morgens beim ersten Schritt,morgens,/beschwerden/fersensporn/,Fersensporn,high,no,medium,low,/beschwerden/fersensporn/,none,REJECT_CANNIBALIZATION,reject,Kernintent bereits von /beschwerden/fersensporn/ abgedeckt; Situations-Modifier ändert den Suchintent nicht substanziell.
Ferse sticht nach dem Sitzen,ferse: sticht nach dem sitzen,Ferse,sticht,nach dem Sitzen,,/beschwerden/fersensporn/,Fersensporn,high,no,medium,low,/beschwerden/fersensporn/,none,REJECT_CANNIBALIZATION,reject,Kernintent bereits von /beschwerden/fersensporn/ abgedeckt; Situations-Modifier ändert den Suchintent nicht substanziell.
Warum ferse sticht beim Auftreten?,ferse: sticht beim auftreten,Ferse,sticht,beim Auftreten,,/beschwerden/fersensporn/,Fersensporn,high,no,medium,low,/beschwerden/fersensporn/,none,REJECT_CANNIBALIZATION,reject,Kernintent bereits von /beschwerden/fersensporn/ abgedeckt; Situations-Modifier ändert den Suchintent nicht substanziell.
Warum ferse sticht morgens beim ersten Schritt?,ferse: sticht morgens beim ersten schritt,Ferse,sticht,morgens beim ersten Schritt,morgens,/beschwerden/fersensporn/,Fersensporn,high,no,medium,low,/beschwerden/fersensporn/,none,REJECT_CANNIBALIZATION,reject,Kernintent bereits von /beschwerden/fersensporn/ abgedeckt; Situations-Modifier ändert den Suchintent nicht substanziell.
Warum ferse sticht nach dem Sitzen?,ferse: sticht nach dem sitzen,Ferse,sticht,nach dem Sitzen,,/beschwerden/fersensporn/,Fersensporn,high,no,medium,low,/beschwerden/fersensporn/,none,REJECT_CANNIBALIZATION,reject,Kernintent bereits von /beschwerden/fersensporn/ abgedeckt; Situations-Modifier ändert den Suchintent nicht substanziell.
Warum finger sind steif bei Kälte?,finger: sind steif bei kälte,Finger,sind steif,bei Kälte,,/beschwerden/arthrose/,Arthrose,low,no,medium,medium,/beschwerden/arthrose/,none,MERGE_INTO_EXISTING,reject,"Muster-Intent plausibel eigenständig; manuell prüfen. (Frageform-Variante — gleiche Intent-Gruppe, KEINE eigene Seite.)"
Warum finger sind steif morgens?,finger: sind steif morgens,Finger,sind steif,morgens,morgens,/beschwerden/arthrose/,Arthrose,low,no,medium,medium,/beschwerden/arthrose/,none,MERGE_INTO_EXISTING,reject,"Muster-Intent plausibel eigenständig; manuell prüfen. (Frageform-Variante — gleiche Intent-Gruppe, KEINE eigene Seite.)"
Warum finger sind steif nach dem Aufwachen?,finger: sind steif nach dem aufwachen,Finger,sind steif,nach dem Aufwachen,,/beschwerden/arthrose/,Arthrose,low,no,medium,medium,/beschwerden/arthrose/,none,MERGE_INTO_EXISTING,reject,"Muster-Intent plausibel eigenständig; manuell prüfen. (Frageform-Variante — gleiche Intent-Gruppe, KEINE eigene Seite.)"
Was bedeutet es wenn finger sind steif bei Kälte?,finger: sind steif bei kälte,Finger,sind steif,bei Kälte,,/beschwerden/arthrose/,Arthrose,low,no,medium,medium,/beschwerden/arthrose/,none,MERGE_INTO_EXISTING,reject,"Frageform-Variante — gleiche Intent-Gruppe wie die Grundform, keine eigene Seite."
Was bedeutet es wenn finger sind steif morgens?,finger: sind steif morgens,Finger,sind steif,morgens,morgens,/beschwerden/arthrose/,Arthrose,low,no,medium,medium,/beschwerden/arthrose/,none,MERGE_INTO_EXISTING,reject,"Frageform-Variante — gleiche Intent-Gruppe wie die Grundform, keine eigene Seite."
Was bedeutet es wenn finger sind steif nach dem Aufwachen?,finger: sind steif nach dem aufwachen,Finger,sind steif,nach dem Aufwachen,,/beschwerden/arthrose/,Arthrose,low,no,medium,medium,/beschwerden/arthrose/,none,MERGE_INTO_EXISTING,reject,"Frageform-Variante — gleiche Intent-Gruppe wie die Grundform, keine eigene Seite."
Was tun wenn finger sind steif bei Kälte?,finger: sind steif bei kälte,Finger,sind steif,bei Kälte,,/beschwerden/arthrose/,Arthrose,low,no,medium,medium,/beschwerden/arthrose/,none,MERGE_INTO_EXISTING,reject,"Frageform-Variante — gleiche Intent-Gruppe wie Grundform, KEINE eigene Seite."
Was tun wenn finger sind steif morgens?,finger: sind steif morgens,Finger,sind steif,morgens,morgens,/beschwerden/arthrose/,Arthrose,low,no,medium,medium,/beschwerden/arthrose/,none,MERGE_INTO_EXISTING,reject,"Frageform-Variante — gleiche Intent-Gruppe wie Grundform, KEINE eigene Seite."
Was tun wenn finger sind steif nach dem Aufwachen?,finger: sind steif nach dem aufwachen,Finger,sind steif,nach dem Aufwachen,,/beschwerden/arthrose/,Arthrose,low,no,medium,medium,/beschwerden/arthrose/,none,MERGE_INTO_EXISTING,reject,"Frageform-Variante — gleiche Intent-Gruppe wie Grundform, KEINE eigene Seite."
Warum frieren tritt auf an Händen und Füssen?,frieren: tritt auf an händen und füssen,Frieren,tritt auf,an Händen und Füssen,,/beschwerden/raynaud-syndrom/,Raynaud-Syndrom,medium,no,medium,medium,/beschwerden/raynaud-syndrom/,none,MERGE_INTO_EXISTING,reject,"Frageform-Variante — gleiche Intent-Gruppe wie die Grundform, keine eigene Seite."
Warum frieren tritt auf ständig?,frieren: tritt auf ständig,Frieren,tritt auf,ständig,,/beschwerden/raynaud-syndrom/,Raynaud-Syndrom,medium,no,medium,medium,/beschwerden/raynaud-syndrom/,none,MERGE_INTO_EXISTING,reject,"Frageform-Variante — gleiche Intent-Gruppe wie die Grundform, keine eigene Seite."
Warum frieren tritt auf trotz Sommer?,frieren: tritt auf trotz sommer,Frieren,tritt auf,trotz Sommer,,/beschwerden/raynaud-syndrom/,Raynaud-Syndrom,medium,no,medium,medium,/beschwerden/raynaud-syndrom/,none,MERGE_INTO_EXISTING,reject,"Frageform-Variante — gleiche Intent-Gruppe wie die Grundform, keine eigene Seite."
Was bedeutet es wenn frieren tritt auf an Händen und Füssen?,frieren: tritt auf an händen und füssen,Frieren,tritt auf,an Händen und Füssen,,/beschwerden/raynaud-syndrom/,Raynaud-Syndrom,medium,no,medium,medium,/beschwerden/raynaud-syndrom/,none,MERGE_INTO_EXISTING,reject,"Frageform-Variante — gleiche Intent-Gruppe wie die Grundform, keine eigene Seite."
Was bedeutet es wenn frieren tritt auf ständig?,frieren: tritt auf ständig,Frieren,tritt auf,ständig,,/beschwerden/raynaud-syndrom/,Raynaud-Syndrom,medium,no,medium,medium,/beschwerden/raynaud-syndrom/,none,MERGE_INTO_EXISTING,reject,"Frageform-Variante — gleiche Intent-Gruppe wie die Grundform, keine eigene Seite."
Was bedeutet es wenn frieren tritt auf trotz Sommer?,frieren: tritt auf trotz sommer,Frieren,tritt auf,trotz Sommer,,/beschwerden/raynaud-syndrom/,Raynaud-Syndrom,medium,no,medium,medium,/beschwerden/raynaud-syndrom/,none,MERGE_INTO_EXISTING,reject,"Frageform-Variante — gleiche Intent-Gruppe wie die Grundform, keine eigene Seite."
Was tun wenn frieren tritt auf an Händen und Füssen?,frieren: tritt auf an händen und füssen,Frieren,tritt auf,an Händen und Füssen,,/beschwerden/raynaud-syndrom/,Raynaud-Syndrom,medium,no,medium,medium,/beschwerden/raynaud-syndrom/,none,MERGE_INTO_EXISTING,reject,"Frageform-Variante — gleiche Intent-Gruppe wie die Grundform, keine eigene Seite."
Was tun wenn frieren tritt auf ständig?,frieren: tritt auf ständig,Frieren,tritt auf,ständig,,/beschwerden/raynaud-syndrom/,Raynaud-Syndrom,medium,no,medium,medium,/beschwerden/raynaud-syndrom/,none,MERGE_INTO_EXISTING,reject,"Frageform-Variante — gleiche Intent-Gruppe wie die Grundform, keine eigene Seite."
Was tun wenn frieren tritt auf trotz Sommer?,frieren: tritt auf trotz sommer,Frieren,tritt auf,trotz Sommer,,/beschwerden/raynaud-syndrom/,Raynaud-Syndrom,medium,no,medium,medium,/beschwerden/raynaud-syndrom/,none,MERGE_INTO_EXISTING,reject,"Frageform-Variante — gleiche Intent-Gruppe wie die Grundform, keine eigene Seite."
Warum fussgelenk knickt um auf unebenem Boden?,fussgelenk: knickt um auf unebenem boden,Fussgelenk,knickt um,auf unebenem Boden,,/beschwerden/knieschmerzen/,Knieschmerzen,medium,no,medium,medium,/beschwerden/knieschmerzen/,none,MERGE_INTO_EXISTING,reject,"Frageform-Variante — gleiche Intent-Gruppe wie die Grundform, keine eigene Seite."
Warum fussgelenk knickt um beim Gehen?,fussgelenk: knickt um beim gehen,Fussgelenk,knickt um,beim Gehen,,/beschwerden/knieschmerzen/,Knieschmerzen,medium,no,medium,medium,/beschwerden/knieschmerzen/,none,MERGE_INTO_EXISTING,reject,"Frageform-Variante — gleiche Intent-Gruppe wie die Grundform, keine eigene Seite."
Warum fussgelenk knickt um immer wieder?,fussgelenk: knickt um immer wieder,Fussgelenk,knickt um,immer wieder,,/beschwerden/knieschmerzen/,Knieschmerzen,medium,no,medium,medium,/beschwerden/knieschmerzen/,none,MERGE_INTO_EXISTING,reject,"Frageform-Variante — gleiche Intent-Gruppe wie die Grundform, keine eigene Seite."
Was bedeutet es wenn fussgelenk knickt um auf unebenem Boden?,fussgelenk: knickt um auf unebenem boden,Fussgelenk,knickt um,auf unebenem Boden,,/beschwerden/knieschmerzen/,Knieschmerzen,medium,no,medium,medium,/beschwerden/knieschmerzen/,none,MERGE_INTO_EXISTING,reject,"Frageform-Variante — gleiche Intent-Gruppe wie die Grundform, keine eigene Seite."
Was bedeutet es wenn fussgelenk knickt um beim Gehen?,fussgelenk: knickt um beim gehen,Fussgelenk,knickt um,beim Gehen,,/beschwerden/knieschmerzen/,Knieschmerzen,medium,no,medium,medium,/beschwerden/knieschmerzen/,none,MERGE_INTO_EXISTING,reject,"Frageform-Variante — gleiche Intent-Gruppe wie die Grundform, keine eigene Seite."
Was bedeutet es wenn fussgelenk knickt um immer wieder?,fussgelenk: knickt um immer wieder,Fussgelenk,knickt um,immer wieder,,/beschwerden/knieschmerzen/,Knieschmerzen,medium,no,medium,medium,/beschwerden/knieschmerzen/,none,MERGE_INTO_EXISTING,reject,"Frageform-Variante — gleiche Intent-Gruppe wie die Grundform, keine eigene Seite."
Was tun wenn fussgelenk knickt um auf unebenem Boden?,fussgelenk: knickt um auf unebenem boden,Fussgelenk,knickt um,auf unebenem Boden,,/beschwerden/knieschmerzen/,Knieschmerzen,medium,no,medium,medium,/beschwerden/knieschmerzen/,none,MERGE_INTO_EXISTING,reject,"Frageform-Variante — gleiche Intent-Gruppe wie die Grundform, keine eigene Seite."
Was tun wenn fussgelenk knickt um beim Gehen?,fussgelenk: knickt um beim gehen,Fussgelenk,knickt um,beim Gehen,,/beschwerden/knieschmerzen/,Knieschmerzen,medium,no,medium,medium,/beschwerden/knieschmerzen/,none,MERGE_INTO_EXISTING,reject,"Frageform-Variante — gleiche Intent-Gruppe wie die Grundform, keine eigene Seite."
Was tun wenn fussgelenk knickt um immer wieder?,fussgelenk: knickt um immer wieder,Fussgelenk,knickt um,immer wieder,,/beschwerden/knieschmerzen/,Knieschmerzen,medium,no,medium,medium,/beschwerden/knieschmerzen/,none,MERGE_INTO_EXISTING,reject,"Frageform-Variante — gleiche Intent-Gruppe wie die Grundform, keine eigene Seite."
Warum fusssohle brennt abends?,fusssohle: brennt abends,Fusssohle,brennt,abends,abends,/beschwerden/plantarfasziitis/,Plantarfasziitis,medium,no,medium,medium,/beschwerden/plantarfasziitis/,medium,MERGE_INTO_EXISTING,reject,"Frageform-Variante — gleiche Intent-Gruppe wie die Grundform, keine eigene Seite."
Warum fusssohle brennt beim Stehen?,fusssohle: brennt beim stehen,Fusssohle,brennt,beim Stehen,,/beschwerden/plantarfasziitis/,Plantarfasziitis,medium,no,medium,medium,/beschwerden/plantarfasziitis/,medium,MERGE_INTO_EXISTING,reject,"Frageform-Variante — gleiche Intent-Gruppe wie die Grundform, keine eigene Seite."
Warum fusssohle brennt nach langem Gehen?,fusssohle: brennt nach langem gehen,Fusssohle,brennt,nach langem Gehen,,/beschwerden/plantarfasziitis/,Plantarfasziitis,medium,no,medium,medium,/beschwerden/plantarfasziitis/,medium,MERGE_INTO_EXISTING,reject,"Frageform-Variante — gleiche Intent-Gruppe wie die Grundform, keine eigene Seite."
Was bedeutet es wenn fusssohle brennt abends?,fusssohle: brennt abends,Fusssohle,brennt,abends,abends,/beschwerden/plantarfasziitis/,Plantarfasziitis,medium,no,medium,medium,/beschwerden/plantarfasziitis/,medium,MERGE_INTO_EXISTING,reject,"Frageform-Variante — gleiche Intent-Gruppe wie die Grundform, keine eigene Seite."
Was bedeutet es wenn fusssohle brennt beim Stehen?,fusssohle: brennt beim stehen,Fusssohle,brennt,beim Stehen,,/beschwerden/plantarfasziitis/,Plantarfasziitis,medium,no,medium,medium,/beschwerden/plantarfasziitis/,medium,MERGE_INTO_EXISTING,reject,"Frageform-Variante — gleiche Intent-Gruppe wie die Grundform, keine eigene Seite."
Was bedeutet es wenn fusssohle brennt nach langem Gehen?,fusssohle: brennt nach langem gehen,Fusssohle,brennt,nach langem Gehen,,/beschwerden/plantarfasziitis/,Plantarfasziitis,medium,no,medium,medium,/beschwerden/plantarfasziitis/,medium,MERGE_INTO_EXISTING,reject,"Frageform-Variante — gleiche Intent-Gruppe wie die Grundform, keine eigene Seite."
Was tun wenn fusssohle brennt abends?,fusssohle: brennt abends,Fusssohle,brennt,abends,abends,/beschwerden/plantarfasziitis/,Plantarfasziitis,medium,no,medium,medium,/beschwerden/plantarfasziitis/,medium,MERGE_INTO_EXISTING,reject,"Frageform-Variante — gleiche Intent-Gruppe wie die Grundform, keine eigene Seite."
Was tun wenn fusssohle brennt beim Stehen?,fusssohle: brennt beim stehen,Fusssohle,brennt,beim Stehen,,/beschwerden/plantarfasziitis/,Plantarfasziitis,medium,no,medium,medium,/beschwerden/plantarfasziitis/,medium,MERGE_INTO_EXISTING,reject,"Frageform-Variante — gleiche Intent-Gruppe wie die Grundform, keine eigene Seite."
Was tun wenn fusssohle brennt nach langem Gehen?,fusssohle: brennt nach langem gehen,Fusssohle,brennt,nach langem Gehen,,/beschwerden/plantarfasziitis/,Plantarfasziitis,medium,no,medium,medium,/beschwerden/plantarfasziitis/,medium,MERGE_INTO_EXISTING,reject,"Frageform-Variante — gleiche Intent-Gruppe wie die Grundform, keine eigene Seite."
Füsse brennen abends,füsse: brennen abends,Füsse,brennen,abends,abends,/beschwerden/polyneuropathie/,Polyneuropathie,high,no,medium,low,/beschwerden/polyneuropathie/,medium,REJECT_CANNIBALIZATION,reject,Kernintent bereits von /beschwerden/polyneuropathie/ abgedeckt; Situations-Modifier ändert den Suchintent nicht substanziell.
Füsse brennen beim Gehen,füsse: brennen beim gehen,Füsse,brennen,beim Gehen,,/beschwerden/polyneuropathie/,Polyneuropathie,high,no,medium,low,/beschwerden/polyneuropathie/,medium,REJECT_CANNIBALIZATION,reject,Kernintent bereits von /beschwerden/polyneuropathie/ abgedeckt; Situations-Modifier ändert den Suchintent nicht substanziell.
Füsse brennen nachts,füsse: brennen nachts,Füsse,brennen,nachts,nachts,/beschwerden/polyneuropathie/,Polyneuropathie,high,no,medium,low,/beschwerden/polyneuropathie/,medium,REJECT_CANNIBALIZATION,reject,Kernintent bereits von /beschwerden/polyneuropathie/ abgedeckt; Situations-Modifier ändert den Suchintent nicht substanziell.
Warum füsse brennen abends?,füsse: brennen abends,Füsse,brennen,abends,abends,/beschwerden/polyneuropathie/,Polyneuropathie,high,no,medium,low,/beschwerden/polyneuropathie/,medium,REJECT_CANNIBALIZATION,reject,Kernintent bereits von /beschwerden/polyneuropathie/ abgedeckt; Situations-Modifier ändert den Suchintent nicht substanziell.
Warum füsse brennen beim Gehen?,füsse: brennen beim gehen,Füsse,brennen,beim Gehen,,/beschwerden/polyneuropathie/,Polyneuropathie,high,no,medium,low,/beschwerden/polyneuropathie/,medium,REJECT_CANNIBALIZATION,reject,Kernintent bereits von /beschwerden/polyneuropathie/ abgedeckt; Situations-Modifier ändert den Suchintent nicht substanziell.
Warum füsse brennen nachts?,füsse: brennen nachts,Füsse,brennen,nachts,nachts,/beschwerden/polyneuropathie/,Polyneuropathie,high,no,medium,low,/beschwerden/polyneuropathie/,medium,REJECT_CANNIBALIZATION,reject,Kernintent bereits von /beschwerden/polyneuropathie/ abgedeckt; Situations-Modifier ändert den Suchintent nicht substanziell.
Warum füsse sind kalt immer?,füsse: sind kalt immer,Füsse,sind kalt,immer,,/beschwerden/raynaud-syndrom/,Raynaud-Syndrom,low,no,medium,medium,/beschwerden/raynaud-syndrom/,none,MERGE_INTO_EXISTING,reject,"Muster-Intent plausibel eigenständig; manuell prüfen. (Frageform-Variante — gleiche Intent-Gruppe, KEINE eigene Seite.)"
Warum füsse sind kalt nachts im Bett?,füsse: sind kalt nachts im bett,Füsse,sind kalt,nachts im Bett,nachts,/beschwerden/raynaud-syndrom/,Raynaud-Syndrom,low,no,medium,medium,/beschwerden/raynaud-syndrom/,none,MERGE_INTO_EXISTING,reject,"Muster-Intent plausibel eigenständig; manuell prüfen. (Frageform-Variante — gleiche Intent-Gruppe, KEINE eigene Seite.)"
Warum füsse sind kalt trotz Socken?,füsse: sind kalt trotz socken,Füsse,sind kalt,trotz Socken,,/beschwerden/raynaud-syndrom/,Raynaud-Syndrom,low,no,medium,medium,/beschwerden/raynaud-syndrom/,none,MERGE_INTO_EXISTING,reject,"Muster-Intent plausibel eigenständig; manuell prüfen. (Frageform-Variante — gleiche Intent-Gruppe, KEINE eigene Seite.)"
Was bedeutet es wenn füsse sind kalt immer?,füsse: sind kalt immer,Füsse,sind kalt,immer,,/beschwerden/raynaud-syndrom/,Raynaud-Syndrom,low,no,medium,medium,/beschwerden/raynaud-syndrom/,none,MERGE_INTO_EXISTING,reject,"Frageform-Variante — gleiche Intent-Gruppe wie die Grundform, keine eigene Seite."
Was bedeutet es wenn füsse sind kalt nachts im Bett?,füsse: sind kalt nachts im bett,Füsse,sind kalt,nachts im Bett,nachts,/beschwerden/raynaud-syndrom/,Raynaud-Syndrom,low,no,medium,medium,/beschwerden/raynaud-syndrom/,none,MERGE_INTO_EXISTING,reject,"Frageform-Variante — gleiche Intent-Gruppe wie die Grundform, keine eigene Seite."
Was bedeutet es wenn füsse sind kalt trotz Socken?,füsse: sind kalt trotz socken,Füsse,sind kalt,trotz Socken,,/beschwerden/raynaud-syndrom/,Raynaud-Syndrom,low,no,medium,medium,/beschwerden/raynaud-syndrom/,none,MERGE_INTO_EXISTING,reject,"Frageform-Variante — gleiche Intent-Gruppe wie die Grundform, keine eigene Seite."
Was tun wenn füsse sind kalt immer?,füsse: sind kalt immer,Füsse,sind kalt,immer,,/beschwerden/raynaud-syndrom/,Raynaud-Syndrom,low,no,medium,medium,/beschwerden/raynaud-syndrom/,none,MERGE_INTO_EXISTING,reject,"Frageform-Variante — gleiche Intent-Gruppe wie Grundform, KEINE eigene Seite."
Was tun wenn füsse sind kalt nachts im Bett?,füsse: sind kalt nachts im bett,Füsse,sind kalt,nachts im Bett,nachts,/beschwerden/raynaud-syndrom/,Raynaud-Syndrom,low,no,medium,medium,/beschwerden/raynaud-syndrom/,none,MERGE_INTO_EXISTING,reject,"Frageform-Variante — gleiche Intent-Gruppe wie Grundform, KEINE eigene Seite."
Was tun wenn füsse sind kalt trotz Socken?,füsse: sind kalt trotz socken,Füsse,sind kalt,trotz Socken,,/beschwerden/raynaud-syndrom/,Raynaud-Syndrom,low,no,medium,medium,/beschwerden/raynaud-syndrom/,none,MERGE_INTO_EXISTING,reject,"Frageform-Variante — gleiche Intent-Gruppe wie Grundform, KEINE eigene Seite."
Gesicht kribbelt bei Stress,gesicht: kribbelt bei stress,Gesicht,kribbelt,bei Stress,,/beschwerden/trigeminusneuralgie/,Trigeminusneuralgie,low,yes,medium,medium,/beschwerden/trigeminusneuralgie/,high,REJECT_MEDICAL_RISK,reject,"Potenziell gefährliches Leitsymptom — gehört primär in ärztliche Abklärung, nicht in TCM-Lead-Gen."
Gesicht kribbelt einseitig,gesicht: kribbelt einseitig,Gesicht,kribbelt,einseitig,,/beschwerden/trigeminusneuralgie/,Trigeminusneuralgie,low,yes,medium,medium,/beschwerden/trigeminusneuralgie/,high,REJECT_MEDICAL_RISK,reject,"Potenziell gefährliches Leitsymptom — gehört primär in ärztliche Abklärung, nicht in TCM-Lead-Gen."
Gesäss schmerzt beim Autofahren,gesäss: schmerzt beim autofahren,Gesäss,schmerzt,beim Autofahren,,/beschwerden/piriformis-syndrom/,Piriformis-Syndrom,high,no,medium,low,/beschwerden/piriformis-syndrom/,none,REJECT_CANNIBALIZATION,reject,Kernintent bereits von /beschwerden/piriformis-syndrom/ abgedeckt.
Gesäss schmerzt beim Sitzen,gesäss: schmerzt beim sitzen,Gesäss,schmerzt,beim Sitzen,,/beschwerden/piriformis-syndrom/,Piriformis-Syndrom,high,no,medium,low,/beschwerden/piriformis-syndrom/,none,REJECT_CANNIBALIZATION,reject,Kernintent bereits von /beschwerden/piriformis-syndrom/ abgedeckt.
Gesäss schmerzt mit Ausstrahlung ins Bein,gesäss: schmerzt mit ausstrahlung ins bein,Gesäss,schmerzt,mit Ausstrahlung ins Bein,,/beschwerden/piriformis-syndrom/,Piriformis-Syndrom,high,no,medium,low,/beschwerden/piriformis-syndrom/,none,REJECT_CANNIBALIZATION,reject,Kernintent bereits von /beschwerden/piriformis-syndrom/ abgedeckt.
Gesäss sticht beim Autofahren,gesäss: schmerzt beim autofahren,Gesäss,sticht,beim Autofahren,,/beschwerden/piriformis-syndrom/,Piriformis-Syndrom,high,no,medium,low,/beschwerden/piriformis-syndrom/,none,REJECT_CANNIBALIZATION,reject,"Empfindungs-Synonym — gleiche Intent-Gruppe wie die Grundform, keine eigene Seite."
Gesäss sticht beim Sitzen,gesäss: schmerzt beim sitzen,Gesäss,sticht,beim Sitzen,,/beschwerden/piriformis-syndrom/,Piriformis-Syndrom,high,no,medium,low,/beschwerden/piriformis-syndrom/,none,REJECT_CANNIBALIZATION,reject,"Empfindungs-Synonym — gleiche Intent-Gruppe wie die Grundform, keine eigene Seite."
Gesäss sticht mit Ausstrahlung ins Bein,gesäss: schmerzt mit ausstrahlung ins bein,Gesäss,sticht,mit Ausstrahlung ins Bein,,/beschwerden/piriformis-syndrom/,Piriformis-Syndrom,high,no,medium,low,/beschwerden/piriformis-syndrom/,none,REJECT_CANNIBALIZATION,reject,"Empfindungs-Synonym — gleiche Intent-Gruppe wie die Grundform, keine eigene Seite."
Gesäss zieht beim Autofahren,gesäss: schmerzt beim autofahren,Gesäss,zieht,beim Autofahren,,/beschwerden/piriformis-syndrom/,Piriformis-Syndrom,high,no,medium,low,/beschwerden/piriformis-syndrom/,none,REJECT_CANNIBALIZATION,reject,"Empfindungs-Synonym — gleiche Intent-Gruppe wie die Grundform, keine eigene Seite."
Gesäss zieht beim Sitzen,gesäss: schmerzt beim sitzen,Gesäss,zieht,beim Sitzen,,/beschwerden/piriformis-syndrom/,Piriformis-Syndrom,high,no,medium,low,/beschwerden/piriformis-syndrom/,none,REJECT_CANNIBALIZATION,reject,"Empfindungs-Synonym — gleiche Intent-Gruppe wie die Grundform, keine eigene Seite."
Gesäss zieht mit Ausstrahlung ins Bein,gesäss: schmerzt mit ausstrahlung ins bein,Gesäss,zieht,mit Ausstrahlung ins Bein,,/beschwerden/piriformis-syndrom/,Piriformis-Syndrom,high,no,medium,low,/beschwerden/piriformis-syndrom/,none,REJECT_CANNIBALIZATION,reject,"Empfindungs-Synonym — gleiche Intent-Gruppe wie die Grundform, keine eigene Seite."
Gewicht nimmt zu am Bauch,gewicht: nimmt zu am bauch,Gewicht,nimmt zu,am Bauch,,/beschwerden/gewichtsmanagement/,Gewichtsmanagement,high,no,medium,low,/beschwerden/gewichtsmanagement/,medium,REJECT_CANNIBALIZATION,reject,Kernintent bereits von /beschwerden/gewichtsmanagement/ abgedeckt.
Gewicht nimmt zu ohne Grund,gewicht: nimmt zu ohne grund,Gewicht,nimmt zu,ohne Grund,,/beschwerden/gewichtsmanagement/,Gewichtsmanagement,high,no,medium,low,/beschwerden/gewichtsmanagement/,medium,REJECT_CANNIBALIZATION,reject,Kernintent bereits von /beschwerden/gewichtsmanagement/ abgedeckt.
Gewicht nimmt zu trotz Diät,gewicht: nimmt zu trotz diät,Gewicht,nimmt zu,trotz Diät,,/beschwerden/gewichtsmanagement/,Gewichtsmanagement,high,no,medium,low,/beschwerden/gewichtsmanagement/,medium,REJECT_CANNIBALIZATION,reject,Kernintent bereits von /beschwerden/gewichtsmanagement/ abgedeckt.
Haarausfall fällt auf am Ansatz,haarausfall: fällt auf am ansatz,Haarausfall,fällt auf,am Ansatz,,/beschwerden/haarausfall/,Haarausfall,high,no,medium,low,/beschwerden/haarausfall/,medium,REJECT_CANNIBALIZATION,reject,Kernintent bereits von /beschwerden/haarausfall/ abgedeckt.
Haarausfall fällt auf beim Bürsten,haarausfall: fällt auf beim bürsten,Haarausfall,fällt auf,beim Bürsten,,/beschwerden/haarausfall/,Haarausfall,high,no,medium,low,/beschwerden/haarausfall/,medium,REJECT_CANNIBALIZATION,reject,Kernintent bereits von /beschwerden/haarausfall/ abgedeckt.
Haarausfall fällt auf büschelweise,haarausfall: fällt auf büschelweise,Haarausfall,fällt auf,büschelweise,,/beschwerden/haarausfall/,Haarausfall,high,no,medium,low,/beschwerden/haarausfall/,medium,REJECT_CANNIBALIZATION,reject,Kernintent bereits von /beschwerden/haarausfall/ abgedeckt.
Haarausfall fällt auf nach der Geburt,haarausfall: fällt auf nach der geburt,Haarausfall,fällt auf,nach der Geburt,,/beschwerden/haarausfall/,Haarausfall,high,no,medium,low,/beschwerden/haarausfall/,medium,REJECT_CANNIBALIZATION,reject,Kernintent bereits von /beschwerden/haarausfall/ abgedeckt.
Warum hals Klossgefühl bei Stress?,hals: klossgefühl bei stress,Hals,Klossgefühl,bei Stress,,/beschwerden/stress-burnout/,Stress & Burnout,low,no,medium,medium,/beschwerden/stress-burnout/,medium,MERGE_INTO_EXISTING,reject,"Muster-Intent plausibel eigenständig; manuell prüfen. (Frageform-Variante — gleiche Intent-Gruppe, KEINE eigene Seite.)"
Warum hals Klossgefühl beim Schlucken?,hals: klossgefühl beim schlucken,Hals,Klossgefühl,beim Schlucken,,/beschwerden/stress-burnout/,Stress & Burnout,low,no,medium,medium,/beschwerden/stress-burnout/,medium,MERGE_INTO_EXISTING,reject,"Muster-Intent plausibel eigenständig; manuell prüfen. (Frageform-Variante — gleiche Intent-Gruppe, KEINE eigene Seite.)"
Warum hals Klossgefühl ohne Erkältung?,hals: klossgefühl ohne erkältung,Hals,Klossgefühl,ohne Erkältung,,/beschwerden/stress-burnout/,Stress & Burnout,low,no,medium,medium,/beschwerden/stress-burnout/,medium,MERGE_INTO_EXISTING,reject,"Muster-Intent plausibel eigenständig; manuell prüfen. (Frageform-Variante — gleiche Intent-Gruppe, KEINE eigene Seite.)"
Warum hals Klossgefühl seit Wochen?,hals: klossgefühl seit wochen,Hals,Klossgefühl,seit Wochen,,/beschwerden/stress-burnout/,Stress & Burnout,low,no,medium,medium,/beschwerden/stress-burnout/,medium,MERGE_INTO_EXISTING,reject,"Muster-Intent plausibel eigenständig; manuell prüfen. (Frageform-Variante — gleiche Intent-Gruppe, KEINE eigene Seite.)"
Warum hals fühlt sich eng an bei Stress?,hals: fühlt sich eng an bei stress,Hals,fühlt sich eng an,bei Stress,,/beschwerden/stress-burnout/,Stress & Burnout,low,no,medium,medium,/beschwerden/stress-burnout/,medium,MERGE_INTO_EXISTING,reject,"Muster-Intent plausibel eigenständig; manuell prüfen. (Frageform-Variante — gleiche Intent-Gruppe, KEINE eigene Seite.)"
Warum hals fühlt sich eng an beim Schlucken?,hals: fühlt sich eng an beim schlucken,Hals,fühlt sich eng an,beim Schlucken,,/beschwerden/stress-burnout/,Stress & Burnout,low,no,medium,medium,/beschwerden/stress-burnout/,medium,MERGE_INTO_EXISTING,reject,"Muster-Intent plausibel eigenständig; manuell prüfen. (Frageform-Variante — gleiche Intent-Gruppe, KEINE eigene Seite.)"
Warum hals fühlt sich eng an ohne Erkältung?,hals: fühlt sich eng an ohne erkältung,Hals,fühlt sich eng an,ohne Erkältung,,/beschwerden/stress-burnout/,Stress & Burnout,low,no,medium,medium,/beschwerden/stress-burnout/,medium,MERGE_INTO_EXISTING,reject,"Muster-Intent plausibel eigenständig; manuell prüfen. (Frageform-Variante — gleiche Intent-Gruppe, KEINE eigene Seite.)"
Warum hals ständiges Räuspern morgens?,hals: ständiges räuspern morgens,Hals,ständiges Räuspern,morgens,morgens,/beschwerden/sodbrennen/,Sodbrennen & Reflux,low,no,medium,medium,/beschwerden/sodbrennen/,none,MERGE_INTO_EXISTING,reject,"Muster-Intent plausibel eigenständig; manuell prüfen. (Frageform-Variante — gleiche Intent-Gruppe, KEINE eigene Seite.)"
Warum hals ständiges Räuspern nach dem Essen?,hals: ständiges räuspern nach dem essen,Hals,ständiges Räuspern,nach dem Essen,,/beschwerden/sodbrennen/,Sodbrennen & Reflux,low,no,medium,medium,/beschwerden/sodbrennen/,none,MERGE_INTO_EXISTING,reject,"Muster-Intent plausibel eigenständig; manuell prüfen. (Frageform-Variante — gleiche Intent-Gruppe, KEINE eigene Seite.)"
Warum hals ständiges Räuspern ohne Erkältung?,hals: ständiges räuspern ohne erkältung,Hals,ständiges Räuspern,ohne Erkältung,,/beschwerden/sodbrennen/,Sodbrennen & Reflux,low,no,medium,medium,/beschwerden/sodbrennen/,none,MERGE_INTO_EXISTING,reject,"Muster-Intent plausibel eigenständig; manuell prüfen. (Frageform-Variante — gleiche Intent-Gruppe, KEINE eigene Seite.)"
Was bedeutet es wenn hals Klossgefühl bei Stress?,hals: klossgefühl bei stress,Hals,Klossgefühl,bei Stress,,/beschwerden/stress-burnout/,Stress & Burnout,low,no,medium,medium,/beschwerden/stress-burnout/,medium,MERGE_INTO_EXISTING,reject,"Frageform-Variante — gleiche Intent-Gruppe wie die Grundform, keine eigene Seite."
Was bedeutet es wenn hals Klossgefühl beim Schlucken?,hals: klossgefühl beim schlucken,Hals,Klossgefühl,beim Schlucken,,/beschwerden/stress-burnout/,Stress & Burnout,low,no,medium,medium,/beschwerden/stress-burnout/,medium,MERGE_INTO_EXISTING,reject,"Frageform-Variante — gleiche Intent-Gruppe wie die Grundform, keine eigene Seite."
Was bedeutet es wenn hals Klossgefühl ohne Erkältung?,hals: klossgefühl ohne erkältung,Hals,Klossgefühl,ohne Erkältung,,/beschwerden/stress-burnout/,Stress & Burnout,low,no,medium,medium,/beschwerden/stress-burnout/,medium,MERGE_INTO_EXISTING,reject,"Frageform-Variante — gleiche Intent-Gruppe wie die Grundform, keine eigene Seite."
Was bedeutet es wenn hals Klossgefühl seit Wochen?,hals: klossgefühl seit wochen,Hals,Klossgefühl,seit Wochen,,/beschwerden/stress-burnout/,Stress & Burnout,low,no,medium,medium,/beschwerden/stress-burnout/,medium,MERGE_INTO_EXISTING,reject,"Frageform-Variante — gleiche Intent-Gruppe wie die Grundform, keine eigene Seite."
Was bedeutet es wenn hals fühlt sich eng an bei Stress?,hals: fühlt sich eng an bei stress,Hals,fühlt sich eng an,bei Stress,,/beschwerden/stress-burnout/,Stress & Burnout,low,no,medium,medium,/beschwerden/stress-burnout/,medium,MERGE_INTO_EXISTING,reject,"Frageform-Variante — gleiche Intent-Gruppe wie die Grundform, keine eigene Seite."
Was bedeutet es wenn hals fühlt sich eng an beim Schlucken?,hals: fühlt sich eng an beim schlucken,Hals,fühlt sich eng an,beim Schlucken,,/beschwerden/stress-burnout/,Stress & Burnout,low,no,medium,medium,/beschwerden/stress-burnout/,medium,MERGE_INTO_EXISTING,reject,"Frageform-Variante — gleiche Intent-Gruppe wie die Grundform, keine eigene Seite."
Was bedeutet es wenn hals fühlt sich eng an ohne Erkältung?,hals: fühlt sich eng an ohne erkältung,Hals,fühlt sich eng an,ohne Erkältung,,/beschwerden/stress-burnout/,Stress & Burnout,low,no,medium,medium,/beschwerden/stress-burnout/,medium,MERGE_INTO_EXISTING,reject,"Frageform-Variante — gleiche Intent-Gruppe wie die Grundform, keine eigene Seite."
Was bedeutet es wenn hals ständiges Räuspern morgens?,hals: ständiges räuspern morgens,Hals,ständiges Räuspern,morgens,morgens,/beschwerden/sodbrennen/,Sodbrennen & Reflux,low,no,medium,medium,/beschwerden/sodbrennen/,none,MERGE_INTO_EXISTING,reject,"Frageform-Variante — gleiche Intent-Gruppe wie die Grundform, keine eigene Seite."
Was bedeutet es wenn hals ständiges Räuspern nach dem Essen?,hals: ständiges räuspern nach dem essen,Hals,ständiges Räuspern,nach dem Essen,,/beschwerden/sodbrennen/,Sodbrennen & Reflux,low,no,medium,medium,/beschwerden/sodbrennen/,none,MERGE_INTO_EXISTING,reject,"Frageform-Variante — gleiche Intent-Gruppe wie die Grundform, keine eigene Seite."
Was bedeutet es wenn hals ständiges Räuspern ohne Erkältung?,hals: ständiges räuspern ohne erkältung,Hals,ständiges Räuspern,ohne Erkältung,,/beschwerden/sodbrennen/,Sodbrennen & Reflux,low,no,medium,medium,/beschwerden/sodbrennen/,none,MERGE_INTO_EXISTING,reject,"Frageform-Variante — gleiche Intent-Gruppe wie die Grundform, keine eigene Seite."
Was tun wenn hals Klossgefühl bei Stress?,hals: klossgefühl bei stress,Hals,Klossgefühl,bei Stress,,/beschwerden/stress-burnout/,Stress & Burnout,low,no,medium,medium,/beschwerden/stress-burnout/,medium,MERGE_INTO_EXISTING,reject,"Frageform-Variante — gleiche Intent-Gruppe wie Grundform, KEINE eigene Seite."
Was tun wenn hals Klossgefühl beim Schlucken?,hals: klossgefühl beim schlucken,Hals,Klossgefühl,beim Schlucken,,/beschwerden/stress-burnout/,Stress & Burnout,low,no,medium,medium,/beschwerden/stress-burnout/,medium,MERGE_INTO_EXISTING,reject,"Frageform-Variante — gleiche Intent-Gruppe wie Grundform, KEINE eigene Seite."
Was tun wenn hals Klossgefühl ohne Erkältung?,hals: klossgefühl ohne erkältung,Hals,Klossgefühl,ohne Erkältung,,/beschwerden/stress-burnout/,Stress & Burnout,low,no,medium,medium,/beschwerden/stress-burnout/,medium,MERGE_INTO_EXISTING,reject,"Frageform-Variante — gleiche Intent-Gruppe wie Grundform, KEINE eigene Seite."
Was tun wenn hals Klossgefühl seit Wochen?,hals: klossgefühl seit wochen,Hals,Klossgefühl,seit Wochen,,/beschwerden/stress-burnout/,Stress & Burnout,low,no,medium,medium,/beschwerden/stress-burnout/,medium,MERGE_INTO_EXISTING,reject,"Frageform-Variante — gleiche Intent-Gruppe wie Grundform, KEINE eigene Seite."
Was tun wenn hals fühlt sich eng an bei Stress?,hals: fühlt sich eng an bei stress,Hals,fühlt sich eng an,bei Stress,,/beschwerden/stress-burnout/,Stress & Burnout,low,no,medium,medium,/beschwerden/stress-burnout/,medium,MERGE_INTO_EXISTING,reject,"Frageform-Variante — gleiche Intent-Gruppe wie Grundform, KEINE eigene Seite."
Was tun wenn hals fühlt sich eng an beim Schlucken?,hals: fühlt sich eng an beim schlucken,Hals,fühlt sich eng an,beim Schlucken,,/beschwerden/stress-burnout/,Stress & Burnout,low,no,medium,medium,/beschwerden/stress-burnout/,medium,MERGE_INTO_EXISTING,reject,"Frageform-Variante — gleiche Intent-Gruppe wie Grundform, KEINE eigene Seite."
Was tun wenn hals fühlt sich eng an ohne Erkältung?,hals: fühlt sich eng an ohne erkältung,Hals,fühlt sich eng an,ohne Erkältung,,/beschwerden/stress-burnout/,Stress & Burnout,low,no,medium,medium,/beschwerden/stress-burnout/,medium,MERGE_INTO_EXISTING,reject,"Frageform-Variante — gleiche Intent-Gruppe wie Grundform, KEINE eigene Seite."
Was tun wenn hals ständiges Räuspern morgens?,hals: ständiges räuspern morgens,Hals,ständiges Räuspern,morgens,morgens,/beschwerden/sodbrennen/,Sodbrennen & Reflux,low,no,medium,medium,/beschwerden/sodbrennen/,none,MERGE_INTO_EXISTING,reject,"Frageform-Variante — gleiche Intent-Gruppe wie Grundform, KEINE eigene Seite."
Was tun wenn hals ständiges Räuspern nach dem Essen?,hals: ständiges räuspern nach dem essen,Hals,ständiges Räuspern,nach dem Essen,,/beschwerden/sodbrennen/,Sodbrennen & Reflux,low,no,medium,medium,/beschwerden/sodbrennen/,none,MERGE_INTO_EXISTING,reject,"Frageform-Variante — gleiche Intent-Gruppe wie Grundform, KEINE eigene Seite."
Was tun wenn hals ständiges Räuspern ohne Erkältung?,hals: ständiges räuspern ohne erkältung,Hals,ständiges Räuspern,ohne Erkältung,,/beschwerden/sodbrennen/,Sodbrennen & Reflux,low,no,medium,medium,/beschwerden/sodbrennen/,none,MERGE_INTO_EXISTING,reject,"Frageform-Variante — gleiche Intent-Gruppe wie Grundform, KEINE eigene Seite."
Hand kribbelt beim Arbeiten an der Tastatur,hand: kribbelt beim arbeiten an der tastatur,Hand,kribbelt,beim Arbeiten an der Tastatur,,/beschwerden/karpaltunnelsyndrom/,Karpaltunnelsyndrom,high,no,medium,low,/beschwerden/karpaltunnelsyndrom/,medium,REJECT_CANNIBALIZATION,reject,Kernintent bereits von /beschwerden/karpaltunnelsyndrom/ abgedeckt; Situations-Modifier ändert den Suchintent nicht substanziell.
Hand kribbelt im kleinen Finger,hand: kribbelt im kleinen finger,Hand,kribbelt,im kleinen Finger,,/beschwerden/karpaltunnelsyndrom/,Karpaltunnelsyndrom,high,no,medium,low,/beschwerden/karpaltunnelsyndrom/,medium,REJECT_CANNIBALIZATION,reject,Kernintent bereits von /beschwerden/karpaltunnelsyndrom/ abgedeckt; Situations-Modifier ändert den Suchintent nicht substanziell.
Hand kribbelt in Daumen und Zeigefinger,hand: kribbelt in daumen und zeigefinger,Hand,kribbelt,in Daumen und Zeigefinger,,/beschwerden/karpaltunnelsyndrom/,Karpaltunnelsyndrom,high,no,medium,low,/beschwerden/karpaltunnelsyndrom/,medium,REJECT_CANNIBALIZATION,reject,Kernintent bereits von /beschwerden/karpaltunnelsyndrom/ abgedeckt; Situations-Modifier ändert den Suchintent nicht substanziell.
Hand kribbelt morgens,hand: kribbelt morgens,Hand,kribbelt,morgens,morgens,/beschwerden/karpaltunnelsyndrom/,Karpaltunnelsyndrom,high,no,medium,low,/beschwerden/karpaltunnelsyndrom/,medium,REJECT_CANNIBALIZATION,reject,Kernintent bereits von /beschwerden/karpaltunnelsyndrom/ abgedeckt; Situations-Modifier ändert den Suchintent nicht substanziell.
Hand kribbelt nachts,hand: kribbelt nachts,Hand,kribbelt,nachts,nachts,/beschwerden/karpaltunnelsyndrom/,Karpaltunnelsyndrom,high,no,medium,low,/beschwerden/karpaltunnelsyndrom/,medium,REJECT_CANNIBALIZATION,reject,Kernintent bereits von /beschwerden/karpaltunnelsyndrom/ abgedeckt; Situations-Modifier ändert den Suchintent nicht substanziell.
Hand schläft ein beim Lesen im Bett,hand: schläft ein beim lesen im bett,Hand,schläft ein,beim Lesen im Bett,,/beschwerden/karpaltunnelsyndrom/,Karpaltunnelsyndrom,high,no,medium,low,/beschwerden/karpaltunnelsyndrom/,none,REJECT_CANNIBALIZATION,reject,Kernintent bereits von /beschwerden/karpaltunnelsyndrom/ abgedeckt; Situations-Modifier ändert den Suchintent nicht substanziell.
Hand schläft ein nachts,hand: schläft ein nachts,Hand,schläft ein,nachts,nachts,/beschwerden/karpaltunnelsyndrom/,Karpaltunnelsyndrom,high,no,medium,low,/beschwerden/karpaltunnelsyndrom/,none,REJECT_CANNIBALIZATION,reject,Blockiert per do-not-create-intents.csv (KTS-Owner).
Warum hand kribbelt beim Arbeiten an der Tastatur?,hand: kribbelt beim arbeiten an der tastatur,Hand,kribbelt,beim Arbeiten an der Tastatur,,/beschwerden/karpaltunnelsyndrom/,Karpaltunnelsyndrom,high,no,medium,low,/beschwerden/karpaltunnelsyndrom/,medium,REJECT_CANNIBALIZATION,reject,Kernintent bereits von /beschwerden/karpaltunnelsyndrom/ abgedeckt; Situations-Modifier ändert den Suchintent nicht substanziell.
Warum hand kribbelt beim Fahrradfahren?,hand: kribbelt beim fahrradfahren,Hand,kribbelt,beim Fahrradfahren,,/beschwerden/karpaltunnelsyndrom/,Karpaltunnelsyndrom,medium,no,medium,medium,/beschwerden/karpaltunnelsyndrom/,medium,MERGE_INTO_EXISTING,reject,"Muster-Intent plausibel eigenständig; manuell prüfen. (Frageform-Variante — gleiche Intent-Gruppe, KEINE eigene Seite.)"
Warum hand kribbelt im kleinen Finger?,hand: kribbelt im kleinen finger,Hand,kribbelt,im kleinen Finger,,/beschwerden/karpaltunnelsyndrom/,Karpaltunnelsyndrom,high,no,medium,low,/beschwerden/karpaltunnelsyndrom/,medium,REJECT_CANNIBALIZATION,reject,Kernintent bereits von /beschwerden/karpaltunnelsyndrom/ abgedeckt; Situations-Modifier ändert den Suchintent nicht substanziell.
Warum hand kribbelt in Daumen und Zeigefinger?,hand: kribbelt in daumen und zeigefinger,Hand,kribbelt,in Daumen und Zeigefinger,,/beschwerden/karpaltunnelsyndrom/,Karpaltunnelsyndrom,high,no,medium,low,/beschwerden/karpaltunnelsyndrom/,medium,REJECT_CANNIBALIZATION,reject,Kernintent bereits von /beschwerden/karpaltunnelsyndrom/ abgedeckt; Situations-Modifier ändert den Suchintent nicht substanziell.
Warum hand kribbelt morgens?,hand: kribbelt morgens,Hand,kribbelt,morgens,morgens,/beschwerden/karpaltunnelsyndrom/,Karpaltunnelsyndrom,high,no,medium,low,/beschwerden/karpaltunnelsyndrom/,medium,REJECT_CANNIBALIZATION,reject,Kernintent bereits von /beschwerden/karpaltunnelsyndrom/ abgedeckt; Situations-Modifier ändert den Suchintent nicht substanziell.
Warum hand kribbelt nachts?,hand: kribbelt nachts,Hand,kribbelt,nachts,nachts,/beschwerden/karpaltunnelsyndrom/,Karpaltunnelsyndrom,high,no,medium,low,/beschwerden/karpaltunnelsyndrom/,medium,REJECT_CANNIBALIZATION,reject,Kernintent bereits von /beschwerden/karpaltunnelsyndrom/ abgedeckt; Situations-Modifier ändert den Suchintent nicht substanziell.
Warum hand schläft ein beim Fahrradfahren?,hand: schläft ein beim fahrradfahren,Hand,schläft ein,beim Fahrradfahren,,/beschwerden/karpaltunnelsyndrom/,Karpaltunnelsyndrom,medium,no,medium,medium,/beschwerden/karpaltunnelsyndrom/,none,MERGE_INTO_EXISTING,reject,"Muster-Intent plausibel eigenständig; manuell prüfen. (Frageform-Variante — gleiche Intent-Gruppe, KEINE eigene Seite.)"
Warum hand schläft ein beim Lesen im Bett?,hand: schläft ein beim lesen im bett,Hand,schläft ein,beim Lesen im Bett,,/beschwerden/karpaltunnelsyndrom/,Karpaltunnelsyndrom,high,no,medium,low,/beschwerden/karpaltunnelsyndrom/,none,REJECT_CANNIBALIZATION,reject,Kernintent bereits von /beschwerden/karpaltunnelsyndrom/ abgedeckt; Situations-Modifier ändert den Suchintent nicht substanziell.
Warum hand schläft ein nachts?,hand: schläft ein nachts,Hand,schläft ein,nachts,nachts,/beschwerden/karpaltunnelsyndrom/,Karpaltunnelsyndrom,high,no,medium,low,/beschwerden/karpaltunnelsyndrom/,none,REJECT_CANNIBALIZATION,reject,Kernintent bereits von /beschwerden/karpaltunnelsyndrom/ abgedeckt; Situations-Modifier ändert den Suchintent nicht substanziell.
Was bedeutet es wenn hand kribbelt beim Fahrradfahren?,hand: kribbelt beim fahrradfahren,Hand,kribbelt,beim Fahrradfahren,,/beschwerden/karpaltunnelsyndrom/,Karpaltunnelsyndrom,medium,no,medium,medium,/beschwerden/karpaltunnelsyndrom/,medium,MERGE_INTO_EXISTING,reject,"Frageform-Variante — gleiche Intent-Gruppe wie die Grundform, keine eigene Seite."
Was bedeutet es wenn hand schläft ein beim Fahrradfahren?,hand: schläft ein beim fahrradfahren,Hand,schläft ein,beim Fahrradfahren,,/beschwerden/karpaltunnelsyndrom/,Karpaltunnelsyndrom,medium,no,medium,medium,/beschwerden/karpaltunnelsyndrom/,none,MERGE_INTO_EXISTING,reject,"Frageform-Variante — gleiche Intent-Gruppe wie die Grundform, keine eigene Seite."
Was tun wenn hand kribbelt beim Fahrradfahren?,hand: kribbelt beim fahrradfahren,Hand,kribbelt,beim Fahrradfahren,,/beschwerden/karpaltunnelsyndrom/,Karpaltunnelsyndrom,medium,no,medium,medium,/beschwerden/karpaltunnelsyndrom/,medium,MERGE_INTO_EXISTING,reject,"Frageform-Variante — gleiche Intent-Gruppe wie Grundform, KEINE eigene Seite."
Was tun wenn hand schläft ein beim Fahrradfahren?,hand: schläft ein beim fahrradfahren,Hand,schläft ein,beim Fahrradfahren,,/beschwerden/karpaltunnelsyndrom/,Karpaltunnelsyndrom,medium,no,medium,medium,/beschwerden/karpaltunnelsyndrom/,none,MERGE_INTO_EXISTING,reject,"Frageform-Variante — gleiche Intent-Gruppe wie Grundform, KEINE eigene Seite."
Handgelenk schmerzt beim Aufstützen,handgelenk: schmerzt beim aufstützen,Handgelenk,schmerzt,beim Aufstützen,,/beschwerden/sehnenscheidenentzuendung/,"Sehnenscheidenentzündung: Behandlung, Dauer & was hilft",high,no,medium,low,/beschwerden/sehnenscheidenentzuendung/,none,REJECT_CANNIBALIZATION,reject,Kernintent bereits von /beschwerden/sehnenscheidenentzuendung/ abgedeckt.
Handgelenk schmerzt beim Drehen,handgelenk: schmerzt beim drehen,Handgelenk,schmerzt,beim Drehen,,/beschwerden/sehnenscheidenentzuendung/,"Sehnenscheidenentzündung: Behandlung, Dauer & was hilft",high,no,medium,low,/beschwerden/sehnenscheidenentzuendung/,none,REJECT_CANNIBALIZATION,reject,Kernintent bereits von /beschwerden/sehnenscheidenentzuendung/ abgedeckt.
Handgelenk schmerzt beim Tragen,handgelenk: schmerzt beim tragen,Handgelenk,schmerzt,beim Tragen,,/beschwerden/sehnenscheidenentzuendung/,"Sehnenscheidenentzündung: Behandlung, Dauer & was hilft",high,no,medium,low,/beschwerden/sehnenscheidenentzuendung/,none,REJECT_CANNIBALIZATION,reject,Kernintent bereits von /beschwerden/sehnenscheidenentzuendung/ abgedeckt.
Handgelenk sticht beim Aufstützen,handgelenk: schmerzt beim aufstützen,Handgelenk,sticht,beim Aufstützen,,/beschwerden/sehnenscheidenentzuendung/,"Sehnenscheidenentzündung: Behandlung, Dauer & was hilft",high,no,medium,low,/beschwerden/sehnenscheidenentzuendung/,none,REJECT_CANNIBALIZATION,reject,"Empfindungs-Synonym — gleiche Intent-Gruppe wie die Grundform, keine eigene Seite."
Handgelenk sticht beim Drehen,handgelenk: schmerzt beim drehen,Handgelenk,sticht,beim Drehen,,/beschwerden/sehnenscheidenentzuendung/,"Sehnenscheidenentzündung: Behandlung, Dauer & was hilft",high,no,medium,low,/beschwerden/sehnenscheidenentzuendung/,none,REJECT_CANNIBALIZATION,reject,"Empfindungs-Synonym — gleiche Intent-Gruppe wie die Grundform, keine eigene Seite."
Handgelenk sticht beim Tragen,handgelenk: schmerzt beim tragen,Handgelenk,sticht,beim Tragen,,/beschwerden/sehnenscheidenentzuendung/,"Sehnenscheidenentzündung: Behandlung, Dauer & was hilft",high,no,medium,low,/beschwerden/sehnenscheidenentzuendung/,none,REJECT_CANNIBALIZATION,reject,"Empfindungs-Synonym — gleiche Intent-Gruppe wie die Grundform, keine eigene Seite."
Handgelenk zieht beim Aufstützen,handgelenk: schmerzt beim aufstützen,Handgelenk,zieht,beim Aufstützen,,/beschwerden/sehnenscheidenentzuendung/,"Sehnenscheidenentzündung: Behandlung, Dauer & was hilft",high,no,medium,low,/beschwerden/sehnenscheidenentzuendung/,none,REJECT_CANNIBALIZATION,reject,"Empfindungs-Synonym — gleiche Intent-Gruppe wie die Grundform, keine eigene Seite."
Handgelenk zieht beim Drehen,handgelenk: schmerzt beim drehen,Handgelenk,zieht,beim Drehen,,/beschwerden/sehnenscheidenentzuendung/,"Sehnenscheidenentzündung: Behandlung, Dauer & was hilft",high,no,medium,low,/beschwerden/sehnenscheidenentzuendung/,none,REJECT_CANNIBALIZATION,reject,"Empfindungs-Synonym — gleiche Intent-Gruppe wie die Grundform, keine eigene Seite."
Handgelenk zieht beim Tragen,handgelenk: schmerzt beim tragen,Handgelenk,zieht,beim Tragen,,/beschwerden/sehnenscheidenentzuendung/,"Sehnenscheidenentzündung: Behandlung, Dauer & was hilft",high,no,medium,low,/beschwerden/sehnenscheidenentzuendung/,none,REJECT_CANNIBALIZATION,reject,"Empfindungs-Synonym — gleiche Intent-Gruppe wie die Grundform, keine eigene Seite."
Warum haut juckt nach dem Duschen?,haut: juckt nach dem duschen,Haut,juckt,nach dem Duschen,,/beschwerden/neurodermitis/,Neurodermitis,low,no,medium,medium,/beschwerden/neurodermitis/,medium,MERGE_INTO_EXISTING,reject,"Muster-Intent plausibel eigenständig; manuell prüfen. (Frageform-Variante — gleiche Intent-Gruppe, KEINE eigene Seite.)"
Warum haut juckt nachts?,haut: juckt nachts,Haut,juckt,nachts,nachts,/beschwerden/neurodermitis/,Neurodermitis,low,no,medium,medium,/beschwerden/neurodermitis/,medium,MERGE_INTO_EXISTING,reject,"Muster-Intent plausibel eigenständig; manuell prüfen. (Frageform-Variante — gleiche Intent-Gruppe, KEINE eigene Seite.)"
Warum haut juckt ohne Ausschlag?,haut: juckt ohne ausschlag,Haut,juckt,ohne Ausschlag,,/beschwerden/neurodermitis/,Neurodermitis,low,no,medium,medium,/beschwerden/neurodermitis/,medium,MERGE_INTO_EXISTING,reject,"Muster-Intent plausibel eigenständig; manuell prüfen. (Frageform-Variante — gleiche Intent-Gruppe, KEINE eigene Seite.)"
Was bedeutet es wenn haut juckt nach dem Duschen?,haut: juckt nach dem duschen,Haut,juckt,nach dem Duschen,,/beschwerden/neurodermitis/,Neurodermitis,low,no,medium,medium,/beschwerden/neurodermitis/,medium,MERGE_INTO_EXISTING,reject,"Frageform-Variante — gleiche Intent-Gruppe wie die Grundform, keine eigene Seite."
Was bedeutet es wenn haut juckt nachts?,haut: juckt nachts,Haut,juckt,nachts,nachts,/beschwerden/neurodermitis/,Neurodermitis,low,no,medium,medium,/beschwerden/neurodermitis/,medium,MERGE_INTO_EXISTING,reject,"Frageform-Variante — gleiche Intent-Gruppe wie die Grundform, keine eigene Seite."
Was bedeutet es wenn haut juckt ohne Ausschlag?,haut: juckt ohne ausschlag,Haut,juckt,ohne Ausschlag,,/beschwerden/neurodermitis/,Neurodermitis,low,no,medium,medium,/beschwerden/neurodermitis/,medium,MERGE_INTO_EXISTING,reject,"Frageform-Variante — gleiche Intent-Gruppe wie die Grundform, keine eigene Seite."
Was tun wenn haut juckt nach dem Duschen?,haut: juckt nach dem duschen,Haut,juckt,nach dem Duschen,,/beschwerden/neurodermitis/,Neurodermitis,low,no,medium,medium,/beschwerden/neurodermitis/,medium,MERGE_INTO_EXISTING,reject,"Frageform-Variante — gleiche Intent-Gruppe wie Grundform, KEINE eigene Seite."
Was tun wenn haut juckt nachts?,haut: juckt nachts,Haut,juckt,nachts,nachts,/beschwerden/neurodermitis/,Neurodermitis,low,no,medium,medium,/beschwerden/neurodermitis/,medium,MERGE_INTO_EXISTING,reject,"Frageform-Variante — gleiche Intent-Gruppe wie Grundform, KEINE eigene Seite."
Was tun wenn haut juckt ohne Ausschlag?,haut: juckt ohne ausschlag,Haut,juckt,ohne Ausschlag,,/beschwerden/neurodermitis/,Neurodermitis,low,no,medium,medium,/beschwerden/neurodermitis/,medium,MERGE_INTO_EXISTING,reject,"Frageform-Variante — gleiche Intent-Gruppe wie Grundform, KEINE eigene Seite."
Warum herz rast beim Einschlafen?,herz: rast beim einschlafen,Herz,rast,beim Einschlafen,,/beschwerden/angststoerungen/,Angststörungen,low,no,medium,medium,/beschwerden/angststoerungen/,high,MERGE_INTO_EXISTING,reject,"Muster-Intent plausibel eigenständig; manuell prüfen. (Frageform-Variante — gleiche Intent-Gruppe, KEINE eigene Seite.)"
Warum herz rast nachts beim Aufwachen?,herz: rast nachts beim aufwachen,Herz,rast,nachts beim Aufwachen,nachts,/beschwerden/angststoerungen/,Angststörungen,low,no,medium,medium,/beschwerden/angststoerungen/,high,MERGE_INTO_EXISTING,reject,"Muster-Intent plausibel eigenständig; manuell prüfen. (Frageform-Variante — gleiche Intent-Gruppe, KEINE eigene Seite.)"
Warum herz rast ohne Anstrengung?,herz: rast ohne anstrengung,Herz,rast,ohne Anstrengung,,/beschwerden/angststoerungen/,Angststörungen,low,no,medium,medium,/beschwerden/angststoerungen/,high,MERGE_INTO_EXISTING,reject,"Muster-Intent plausibel eigenständig; manuell prüfen. (Frageform-Variante — gleiche Intent-Gruppe, KEINE eigene Seite.)"
Warum herz stolpert abends zur Ruhe kommend?,herz: stolpert abends zur ruhe kommend,Herz,stolpert,abends zur Ruhe kommend,abends,/beschwerden/angststoerungen/,Angststörungen,low,no,medium,medium,/beschwerden/angststoerungen/,high,MERGE_INTO_EXISTING,reject,"Muster-Intent plausibel eigenständig; manuell prüfen. (Frageform-Variante — gleiche Intent-Gruppe, KEINE eigene Seite.)"
Warum herz stolpert bei Stress?,herz: stolpert bei stress,Herz,stolpert,bei Stress,,/beschwerden/angststoerungen/,Angststörungen,low,no,medium,medium,/beschwerden/angststoerungen/,high,MERGE_INTO_EXISTING,reject,"Muster-Intent plausibel eigenständig; manuell prüfen. (Frageform-Variante — gleiche Intent-Gruppe, KEINE eigene Seite.)"
Warum herz stolpert im Liegen?,herz: stolpert im liegen,Herz,stolpert,im Liegen,,/beschwerden/angststoerungen/,Angststörungen,low,no,medium,medium,/beschwerden/angststoerungen/,high,MERGE_INTO_EXISTING,reject,"Muster-Intent plausibel eigenständig; manuell prüfen. (Frageform-Variante — gleiche Intent-Gruppe, KEINE eigene Seite.)"
Warum herz stolpert nach Kaffee?,herz: stolpert nach kaffee,Herz,stolpert,nach Kaffee,,/beschwerden/angststoerungen/,Angststörungen,low,no,medium,medium,/beschwerden/angststoerungen/,high,MERGE_INTO_EXISTING,reject,"Muster-Intent plausibel eigenständig; manuell prüfen. (Frageform-Variante — gleiche Intent-Gruppe, KEINE eigene Seite.)"
Was bedeutet es wenn herz rast beim Einschlafen?,herz: rast beim einschlafen,Herz,rast,beim Einschlafen,,/beschwerden/angststoerungen/,Angststörungen,low,no,medium,medium,/beschwerden/angststoerungen/,high,MERGE_INTO_EXISTING,reject,"Frageform-Variante — gleiche Intent-Gruppe wie die Grundform, keine eigene Seite."
Was bedeutet es wenn herz rast nachts beim Aufwachen?,herz: rast nachts beim aufwachen,Herz,rast,nachts beim Aufwachen,nachts,/beschwerden/angststoerungen/,Angststörungen,low,no,medium,medium,/beschwerden/angststoerungen/,high,MERGE_INTO_EXISTING,reject,"Frageform-Variante — gleiche Intent-Gruppe wie die Grundform, keine eigene Seite."
Was bedeutet es wenn herz rast ohne Anstrengung?,herz: rast ohne anstrengung,Herz,rast,ohne Anstrengung,,/beschwerden/angststoerungen/,Angststörungen,low,no,medium,medium,/beschwerden/angststoerungen/,high,MERGE_INTO_EXISTING,reject,"Frageform-Variante — gleiche Intent-Gruppe wie die Grundform, keine eigene Seite."
Was bedeutet es wenn herz stolpert abends zur Ruhe kommend?,herz: stolpert abends zur ruhe kommend,Herz,stolpert,abends zur Ruhe kommend,abends,/beschwerden/angststoerungen/,Angststörungen,low,no,medium,medium,/beschwerden/angststoerungen/,high,MERGE_INTO_EXISTING,reject,"Frageform-Variante — gleiche Intent-Gruppe wie die Grundform, keine eigene Seite."
Was bedeutet es wenn herz stolpert bei Stress?,herz: stolpert bei stress,Herz,stolpert,bei Stress,,/beschwerden/angststoerungen/,Angststörungen,low,no,medium,medium,/beschwerden/angststoerungen/,high,MERGE_INTO_EXISTING,reject,"Frageform-Variante — gleiche Intent-Gruppe wie die Grundform, keine eigene Seite."
Was bedeutet es wenn herz stolpert im Liegen?,herz: stolpert im liegen,Herz,stolpert,im Liegen,,/beschwerden/angststoerungen/,Angststörungen,low,no,medium,medium,/beschwerden/angststoerungen/,high,MERGE_INTO_EXISTING,reject,"Frageform-Variante — gleiche Intent-Gruppe wie die Grundform, keine eigene Seite."
Was bedeutet es wenn herz stolpert nach Kaffee?,herz: stolpert nach kaffee,Herz,stolpert,nach Kaffee,,/beschwerden/angststoerungen/,Angststörungen,low,no,medium,medium,/beschwerden/angststoerungen/,high,MERGE_INTO_EXISTING,reject,"Frageform-Variante — gleiche Intent-Gruppe wie die Grundform, keine eigene Seite."
Was tun wenn herz rast beim Einschlafen?,herz: rast beim einschlafen,Herz,rast,beim Einschlafen,,/beschwerden/angststoerungen/,Angststörungen,low,no,medium,medium,/beschwerden/angststoerungen/,high,MERGE_INTO_EXISTING,reject,"Frageform-Variante — gleiche Intent-Gruppe wie Grundform, KEINE eigene Seite."
Was tun wenn herz rast nachts beim Aufwachen?,herz: rast nachts beim aufwachen,Herz,rast,nachts beim Aufwachen,nachts,/beschwerden/angststoerungen/,Angststörungen,low,no,medium,medium,/beschwerden/angststoerungen/,high,MERGE_INTO_EXISTING,reject,"Frageform-Variante — gleiche Intent-Gruppe wie Grundform, KEINE eigene Seite."
Was tun wenn herz rast ohne Anstrengung?,herz: rast ohne anstrengung,Herz,rast,ohne Anstrengung,,/beschwerden/angststoerungen/,Angststörungen,low,no,medium,medium,/beschwerden/angststoerungen/,high,MERGE_INTO_EXISTING,reject,"Frageform-Variante — gleiche Intent-Gruppe wie Grundform, KEINE eigene Seite."
Was tun wenn herz stolpert abends zur Ruhe kommend?,herz: stolpert abends zur ruhe kommend,Herz,stolpert,abends zur Ruhe kommend,abends,/beschwerden/angststoerungen/,Angststörungen,low,no,medium,medium,/beschwerden/angststoerungen/,high,MERGE_INTO_EXISTING,reject,"Frageform-Variante — gleiche Intent-Gruppe wie Grundform, KEINE eigene Seite."
Was tun wenn herz stolpert bei Stress?,herz: stolpert bei stress,Herz,stolpert,bei Stress,,/beschwerden/angststoerungen/,Angststörungen,low,no,medium,medium,/beschwerden/angststoerungen/,high,MERGE_INTO_EXISTING,reject,"Frageform-Variante — gleiche Intent-Gruppe wie Grundform, KEINE eigene Seite."
Was tun wenn herz stolpert im Liegen?,herz: stolpert im liegen,Herz,stolpert,im Liegen,,/beschwerden/angststoerungen/,Angststörungen,low,no,medium,medium,/beschwerden/angststoerungen/,high,MERGE_INTO_EXISTING,reject,"Frageform-Variante — gleiche Intent-Gruppe wie Grundform, KEINE eigene Seite."
Was tun wenn herz stolpert nach Kaffee?,herz: stolpert nach kaffee,Herz,stolpert,nach Kaffee,,/beschwerden/angststoerungen/,Angststörungen,low,no,medium,medium,/beschwerden/angststoerungen/,high,MERGE_INTO_EXISTING,reject,"Frageform-Variante — gleiche Intent-Gruppe wie Grundform, KEINE eigene Seite."
Warum husten bleibt nach Erkältung?,husten: bleibt nach erkältung,Husten,bleibt,nach Erkältung,,/beschwerden/asthma/,Asthma,medium,no,medium,medium,/beschwerden/asthma/,high,MERGE_INTO_EXISTING,reject,"Frageform-Variante — gleiche Intent-Gruppe wie die Grundform, keine eigene Seite."
Warum husten bleibt nur nachts?,husten: bleibt nur nachts,Husten,bleibt,nur nachts,nachts,/beschwerden/asthma/,Asthma,medium,no,medium,medium,/beschwerden/asthma/,high,MERGE_INTO_EXISTING,reject,"Frageform-Variante — gleiche Intent-Gruppe wie die Grundform, keine eigene Seite."
Warum husten bleibt trocken seit Wochen?,husten: bleibt trocken seit wochen,Husten,bleibt,trocken seit Wochen,,/beschwerden/asthma/,Asthma,medium,no,medium,medium,/beschwerden/asthma/,high,MERGE_INTO_EXISTING,reject,"Frageform-Variante — gleiche Intent-Gruppe wie die Grundform, keine eigene Seite."
Was bedeutet es wenn husten bleibt nach Erkältung?,husten: bleibt nach erkältung,Husten,bleibt,nach Erkältung,,/beschwerden/asthma/,Asthma,medium,no,medium,medium,/beschwerden/asthma/,high,MERGE_INTO_EXISTING,reject,"Frageform-Variante — gleiche Intent-Gruppe wie die Grundform, keine eigene Seite."
Was bedeutet es wenn husten bleibt nur nachts?,husten: bleibt nur nachts,Husten,bleibt,nur nachts,nachts,/beschwerden/asthma/,Asthma,medium,no,medium,medium,/beschwerden/asthma/,high,MERGE_INTO_EXISTING,reject,"Frageform-Variante — gleiche Intent-Gruppe wie die Grundform, keine eigene Seite."
Was bedeutet es wenn husten bleibt trocken seit Wochen?,husten: bleibt trocken seit wochen,Husten,bleibt,trocken seit Wochen,,/beschwerden/asthma/,Asthma,medium,no,medium,medium,/beschwerden/asthma/,high,MERGE_INTO_EXISTING,reject,"Frageform-Variante — gleiche Intent-Gruppe wie die Grundform, keine eigene Seite."
Was tun wenn husten bleibt nach Erkältung?,husten: bleibt nach erkältung,Husten,bleibt,nach Erkältung,,/beschwerden/asthma/,Asthma,medium,no,medium,medium,/beschwerden/asthma/,high,MERGE_INTO_EXISTING,reject,"Frageform-Variante — gleiche Intent-Gruppe wie die Grundform, keine eigene Seite."
Was tun wenn husten bleibt nur nachts?,husten: bleibt nur nachts,Husten,bleibt,nur nachts,nachts,/beschwerden/asthma/,Asthma,medium,no,medium,medium,/beschwerden/asthma/,high,MERGE_INTO_EXISTING,reject,"Frageform-Variante — gleiche Intent-Gruppe wie die Grundform, keine eigene Seite."
Was tun wenn husten bleibt trocken seit Wochen?,husten: bleibt trocken seit wochen,Husten,bleibt,trocken seit Wochen,,/beschwerden/asthma/,Asthma,medium,no,medium,medium,/beschwerden/asthma/,high,MERGE_INTO_EXISTING,reject,"Frageform-Variante — gleiche Intent-Gruppe wie die Grundform, keine eigene Seite."
Warum hände sind kalt auch im Sommer?,hände: sind kalt auch im sommer,Hände,sind kalt,auch im Sommer,,/beschwerden/raynaud-syndrom/,Raynaud-Syndrom,low,no,medium,medium,/beschwerden/raynaud-syndrom/,none,MERGE_INTO_EXISTING,reject,"Muster-Intent plausibel eigenständig; manuell prüfen. (Frageform-Variante — gleiche Intent-Gruppe, KEINE eigene Seite.)"
Warum hände sind kalt bei Stress?,hände: sind kalt bei stress,Hände,sind kalt,bei Stress,,/beschwerden/raynaud-syndrom/,Raynaud-Syndrom,low,no,medium,medium,/beschwerden/raynaud-syndrom/,none,MERGE_INTO_EXISTING,reject,"Muster-Intent plausibel eigenständig; manuell prüfen. (Frageform-Variante — gleiche Intent-Gruppe, KEINE eigene Seite.)"
Warum hände sind kalt immer?,hände: sind kalt immer,Hände,sind kalt,immer,,/beschwerden/raynaud-syndrom/,Raynaud-Syndrom,low,no,medium,medium,/beschwerden/raynaud-syndrom/,none,MERGE_INTO_EXISTING,reject,"Muster-Intent plausibel eigenständig; manuell prüfen. (Frageform-Variante — gleiche Intent-Gruppe, KEINE eigene Seite.)"
Warum hände zittern bei Aufregung?,hände: zittern bei aufregung,Hände,zittern,bei Aufregung,,/beschwerden/stress-burnout/,Stress & Burnout,low,no,medium,medium,/beschwerden/stress-burnout/,high,MERGE_INTO_EXISTING,reject,"Muster-Intent plausibel eigenständig; manuell prüfen. (Frageform-Variante — gleiche Intent-Gruppe, KEINE eigene Seite.)"
Warum hände zittern beim Halten einer Tasse?,hände: zittern beim halten einer tasse,Hände,zittern,beim Halten einer Tasse,,/beschwerden/stress-burnout/,Stress & Burnout,low,no,medium,medium,/beschwerden/stress-burnout/,high,MERGE_INTO_EXISTING,reject,"Muster-Intent plausibel eigenständig; manuell prüfen. (Frageform-Variante — gleiche Intent-Gruppe, KEINE eigene Seite.)"
Warum hände zittern seit Wochen?,hände: zittern seit wochen,Hände,zittern,seit Wochen,,/beschwerden/stress-burnout/,Stress & Burnout,low,no,medium,medium,/beschwerden/stress-burnout/,high,MERGE_INTO_EXISTING,reject,"Muster-Intent plausibel eigenständig; manuell prüfen. (Frageform-Variante — gleiche Intent-Gruppe, KEINE eigene Seite.)"
Was bedeutet es wenn hände sind kalt auch im Sommer?,hände: sind kalt auch im sommer,Hände,sind kalt,auch im Sommer,,/beschwerden/raynaud-syndrom/,Raynaud-Syndrom,low,no,medium,medium,/beschwerden/raynaud-syndrom/,none,MERGE_INTO_EXISTING,reject,"Frageform-Variante — gleiche Intent-Gruppe wie die Grundform, keine eigene Seite."
Was bedeutet es wenn hände sind kalt bei Stress?,hände: sind kalt bei stress,Hände,sind kalt,bei Stress,,/beschwerden/raynaud-syndrom/,Raynaud-Syndrom,low,no,medium,medium,/beschwerden/raynaud-syndrom/,none,MERGE_INTO_EXISTING,reject,"Frageform-Variante — gleiche Intent-Gruppe wie die Grundform, keine eigene Seite."
Was bedeutet es wenn hände sind kalt immer?,hände: sind kalt immer,Hände,sind kalt,immer,,/beschwerden/raynaud-syndrom/,Raynaud-Syndrom,low,no,medium,medium,/beschwerden/raynaud-syndrom/,none,MERGE_INTO_EXISTING,reject,"Frageform-Variante — gleiche Intent-Gruppe wie die Grundform, keine eigene Seite."
Was bedeutet es wenn hände zittern bei Aufregung?,hände: zittern bei aufregung,Hände,zittern,bei Aufregung,,/beschwerden/stress-burnout/,Stress & Burnout,low,no,medium,medium,/beschwerden/stress-burnout/,high,MERGE_INTO_EXISTING,reject,"Frageform-Variante — gleiche Intent-Gruppe wie die Grundform, keine eigene Seite."
Was bedeutet es wenn hände zittern beim Halten einer Tasse?,hände: zittern beim halten einer tasse,Hände,zittern,beim Halten einer Tasse,,/beschwerden/stress-burnout/,Stress & Burnout,low,no,medium,medium,/beschwerden/stress-burnout/,high,MERGE_INTO_EXISTING,reject,"Frageform-Variante — gleiche Intent-Gruppe wie die Grundform, keine eigene Seite."
Was bedeutet es wenn hände zittern seit Wochen?,hände: zittern seit wochen,Hände,zittern,seit Wochen,,/beschwerden/stress-burnout/,Stress & Burnout,low,no,medium,medium,/beschwerden/stress-burnout/,high,MERGE_INTO_EXISTING,reject,"Frageform-Variante — gleiche Intent-Gruppe wie die Grundform, keine eigene Seite."
Was tun wenn hände sind kalt auch im Sommer?,hände: sind kalt auch im sommer,Hände,sind kalt,auch im Sommer,,/beschwerden/raynaud-syndrom/,Raynaud-Syndrom,low,no,medium,medium,/beschwerden/raynaud-syndrom/,none,MERGE_INTO_EXISTING,reject,"Frageform-Variante — gleiche Intent-Gruppe wie Grundform, KEINE eigene Seite."
Was tun wenn hände sind kalt bei Stress?,hände: sind kalt bei stress,Hände,sind kalt,bei Stress,,/beschwerden/raynaud-syndrom/,Raynaud-Syndrom,low,no,medium,medium,/beschwerden/raynaud-syndrom/,none,MERGE_INTO_EXISTING,reject,"Frageform-Variante — gleiche Intent-Gruppe wie Grundform, KEINE eigene Seite."
Was tun wenn hände sind kalt immer?,hände: sind kalt immer,Hände,sind kalt,immer,,/beschwerden/raynaud-syndrom/,Raynaud-Syndrom,low,no,medium,medium,/beschwerden/raynaud-syndrom/,none,MERGE_INTO_EXISTING,reject,"Frageform-Variante — gleiche Intent-Gruppe wie Grundform, KEINE eigene Seite."
Was tun wenn hände zittern bei Aufregung?,hände: zittern bei aufregung,Hände,zittern,bei Aufregung,,/beschwerden/stress-burnout/,Stress & Burnout,low,no,medium,medium,/beschwerden/stress-burnout/,high,MERGE_INTO_EXISTING,reject,"Frageform-Variante — gleiche Intent-Gruppe wie Grundform, KEINE eigene Seite."
Was tun wenn hände zittern beim Halten einer Tasse?,hände: zittern beim halten einer tasse,Hände,zittern,beim Halten einer Tasse,,/beschwerden/stress-burnout/,Stress & Burnout,low,no,medium,medium,/beschwerden/stress-burnout/,high,MERGE_INTO_EXISTING,reject,"Frageform-Variante — gleiche Intent-Gruppe wie Grundform, KEINE eigene Seite."
Was tun wenn hände zittern seit Wochen?,hände: zittern seit wochen,Hände,zittern,seit Wochen,,/beschwerden/stress-burnout/,Stress & Burnout,low,no,medium,medium,/beschwerden/stress-burnout/,high,MERGE_INTO_EXISTING,reject,"Frageform-Variante — gleiche Intent-Gruppe wie Grundform, KEINE eigene Seite."
Hüfte schmerzt beim Aufstehen aus dem Auto,hüfte: schmerzt beim aufstehen aus dem auto,Hüfte,schmerzt,beim Aufstehen aus dem Auto,,/beschwerden/hueftschmerzen/,Hüftschmerzen,high,no,medium,low,/beschwerden/hueftschmerzen/,none,REJECT_CANNIBALIZATION,reject,Kernintent bereits von /beschwerden/hueftschmerzen/ abgedeckt.
Hüfte schmerzt beim Gehen,hüfte: schmerzt beim gehen,Hüfte,schmerzt,beim Gehen,,/beschwerden/hueftschmerzen/,Hüftschmerzen,high,no,medium,low,/beschwerden/hueftschmerzen/,none,REJECT_CANNIBALIZATION,reject,Kernintent bereits von /beschwerden/hueftschmerzen/ abgedeckt.
Hüfte schmerzt beim Liegen auf der Seite,hüfte: schmerzt beim liegen auf der seite,Hüfte,schmerzt,beim Liegen auf der Seite,,/beschwerden/hueftschmerzen/,Hüftschmerzen,high,no,medium,low,/beschwerden/hueftschmerzen/,none,REJECT_CANNIBALIZATION,reject,Kernintent bereits von /beschwerden/hueftschmerzen/ abgedeckt.
Hüfte schmerzt beim Treppensteigen,hüfte: schmerzt beim treppensteigen,Hüfte,schmerzt,beim Treppensteigen,,/beschwerden/hueftschmerzen/,Hüftschmerzen,high,no,medium,low,/beschwerden/hueftschmerzen/,none,REJECT_CANNIBALIZATION,reject,Kernintent bereits von /beschwerden/hueftschmerzen/ abgedeckt.
Hüfte schmerzt nach dem Sitzen,hüfte: schmerzt nach dem sitzen,Hüfte,schmerzt,nach dem Sitzen,,/beschwerden/hueftschmerzen/,Hüftschmerzen,high,no,medium,low,/beschwerden/hueftschmerzen/,none,REJECT_CANNIBALIZATION,reject,Kernintent bereits von /beschwerden/hueftschmerzen/ abgedeckt.
Hüfte schmerzt nachts,hüfte: schmerzt nachts,Hüfte,schmerzt,nachts,nachts,/beschwerden/hueftschmerzen/,Hüftschmerzen,high,no,medium,low,/beschwerden/hueftschmerzen/,none,REJECT_CANNIBALIZATION,reject,Kernintent bereits von /beschwerden/hueftschmerzen/ abgedeckt.
Hüfte sticht beim Aufstehen aus dem Auto,hüfte: schmerzt beim aufstehen aus dem auto,Hüfte,sticht,beim Aufstehen aus dem Auto,,/beschwerden/hueftschmerzen/,Hüftschmerzen,high,no,medium,low,/beschwerden/hueftschmerzen/,none,REJECT_CANNIBALIZATION,reject,"Empfindungs-Synonym — gleiche Intent-Gruppe wie die Grundform, keine eigene Seite."
Hüfte sticht beim Gehen,hüfte: schmerzt beim gehen,Hüfte,sticht,beim Gehen,,/beschwerden/hueftschmerzen/,Hüftschmerzen,high,no,medium,low,/beschwerden/hueftschmerzen/,none,REJECT_CANNIBALIZATION,reject,"Empfindungs-Synonym — gleiche Intent-Gruppe wie die Grundform, keine eigene Seite."
Hüfte sticht beim Liegen auf der Seite,hüfte: schmerzt beim liegen auf der seite,Hüfte,sticht,beim Liegen auf der Seite,,/beschwerden/hueftschmerzen/,Hüftschmerzen,high,no,medium,low,/beschwerden/hueftschmerzen/,none,REJECT_CANNIBALIZATION,reject,"Empfindungs-Synonym — gleiche Intent-Gruppe wie die Grundform, keine eigene Seite."
Hüfte sticht beim Treppensteigen,hüfte: schmerzt beim treppensteigen,Hüfte,sticht,beim Treppensteigen,,/beschwerden/hueftschmerzen/,Hüftschmerzen,high,no,medium,low,/beschwerden/hueftschmerzen/,none,REJECT_CANNIBALIZATION,reject,"Empfindungs-Synonym — gleiche Intent-Gruppe wie die Grundform, keine eigene Seite."
Hüfte sticht nach dem Sitzen,hüfte: schmerzt nach dem sitzen,Hüfte,sticht,nach dem Sitzen,,/beschwerden/hueftschmerzen/,Hüftschmerzen,high,no,medium,low,/beschwerden/hueftschmerzen/,none,REJECT_CANNIBALIZATION,reject,"Empfindungs-Synonym — gleiche Intent-Gruppe wie die Grundform, keine eigene Seite."
Hüfte sticht nachts,hüfte: schmerzt nachts,Hüfte,sticht,nachts,nachts,/beschwerden/hueftschmerzen/,Hüftschmerzen,high,no,medium,low,/beschwerden/hueftschmerzen/,none,REJECT_CANNIBALIZATION,reject,"Empfindungs-Synonym — gleiche Intent-Gruppe wie die Grundform, keine eigene Seite."
Hüfte zieht beim Aufstehen aus dem Auto,hüfte: schmerzt beim aufstehen aus dem auto,Hüfte,zieht,beim Aufstehen aus dem Auto,,/beschwerden/hueftschmerzen/,Hüftschmerzen,high,no,medium,low,/beschwerden/hueftschmerzen/,none,REJECT_CANNIBALIZATION,reject,"Empfindungs-Synonym — gleiche Intent-Gruppe wie die Grundform, keine eigene Seite."
Hüfte zieht beim Gehen,hüfte: schmerzt beim gehen,Hüfte,zieht,beim Gehen,,/beschwerden/hueftschmerzen/,Hüftschmerzen,high,no,medium,low,/beschwerden/hueftschmerzen/,none,REJECT_CANNIBALIZATION,reject,"Empfindungs-Synonym — gleiche Intent-Gruppe wie die Grundform, keine eigene Seite."
Hüfte zieht beim Liegen auf der Seite,hüfte: schmerzt beim liegen auf der seite,Hüfte,zieht,beim Liegen auf der Seite,,/beschwerden/hueftschmerzen/,Hüftschmerzen,high,no,medium,low,/beschwerden/hueftschmerzen/,none,REJECT_CANNIBALIZATION,reject,"Empfindungs-Synonym — gleiche Intent-Gruppe wie die Grundform, keine eigene Seite."
Hüfte zieht beim Treppensteigen,hüfte: schmerzt beim treppensteigen,Hüfte,zieht,beim Treppensteigen,,/beschwerden/hueftschmerzen/,Hüftschmerzen,high,no,medium,low,/beschwerden/hueftschmerzen/,none,REJECT_CANNIBALIZATION,reject,"Empfindungs-Synonym — gleiche Intent-Gruppe wie die Grundform, keine eigene Seite."
Hüfte zieht nach dem Sitzen,hüfte: schmerzt nach dem sitzen,Hüfte,zieht,nach dem Sitzen,,/beschwerden/hueftschmerzen/,Hüftschmerzen,high,no,medium,low,/beschwerden/hueftschmerzen/,none,REJECT_CANNIBALIZATION,reject,"Empfindungs-Synonym — gleiche Intent-Gruppe wie die Grundform, keine eigene Seite."
Hüfte zieht nachts,hüfte: schmerzt nachts,Hüfte,zieht,nachts,nachts,/beschwerden/hueftschmerzen/,Hüftschmerzen,high,no,medium,low,/beschwerden/hueftschmerzen/,none,REJECT_CANNIBALIZATION,reject,"Empfindungs-Synonym — gleiche Intent-Gruppe wie die Grundform, keine eigene Seite."
Kiefer ist verspannt bei Stress,kiefer: ist verspannt bei stress,Kiefer,ist verspannt,bei Stress,,/beschwerden/zaehneknirschen/,Zähneknirschen,high,no,medium,low,/beschwerden/zaehneknirschen/,none,REJECT_CANNIBALIZATION,reject,Kernintent bereits von /beschwerden/zaehneknirschen/ abgedeckt; Situations-Modifier ändert den Suchintent nicht substanziell.
Kiefer ist verspannt morgens,kiefer: ist verspannt morgens,Kiefer,ist verspannt,morgens,morgens,/beschwerden/zaehneknirschen/,Zähneknirschen,high,no,medium,low,/beschwerden/zaehneknirschen/,none,REJECT_CANNIBALIZATION,reject,Kernintent bereits von /beschwerden/zaehneknirschen/ abgedeckt; Situations-Modifier ändert den Suchintent nicht substanziell.
Kiefer ist verspannt nach dem Aufwachen,kiefer: ist verspannt nach dem aufwachen,Kiefer,ist verspannt,nach dem Aufwachen,,/beschwerden/zaehneknirschen/,Zähneknirschen,high,no,medium,low,/beschwerden/zaehneknirschen/,none,REJECT_CANNIBALIZATION,reject,Kernintent bereits von /beschwerden/zaehneknirschen/ abgedeckt; Situations-Modifier ändert den Suchintent nicht substanziell.
Kiefer knackt beim Gähnen,kiefer: knackt beim gähnen,Kiefer,knackt,beim Gähnen,,/beschwerden/kieferschmerzen/,Kieferschmerzen & CMD,high,no,medium,low,/beschwerden/kieferschmerzen/,none,REJECT_CANNIBALIZATION,reject,Kernintent bereits von /beschwerden/kieferschmerzen/ abgedeckt; Situations-Modifier ändert den Suchintent nicht substanziell.
Kiefer knackt beim Kauen,kiefer: knackt beim kauen,Kiefer,knackt,beim Kauen,,/beschwerden/kieferschmerzen/,Kieferschmerzen & CMD,high,no,medium,low,/beschwerden/kieferschmerzen/,none,REJECT_CANNIBALIZATION,reject,Kernintent bereits von /beschwerden/kieferschmerzen/ abgedeckt; Situations-Modifier ändert den Suchintent nicht substanziell.
Kiefer knackt morgens,kiefer: knackt morgens,Kiefer,knackt,morgens,morgens,/beschwerden/kieferschmerzen/,Kieferschmerzen & CMD,high,no,medium,low,/beschwerden/kieferschmerzen/,none,REJECT_CANNIBALIZATION,reject,Kernintent bereits von /beschwerden/kieferschmerzen/ abgedeckt; Situations-Modifier ändert den Suchintent nicht substanziell.
Warum kiefer ist verspannt bei Stress?,kiefer: ist verspannt bei stress,Kiefer,ist verspannt,bei Stress,,/beschwerden/zaehneknirschen/,Zähneknirschen,high,no,medium,low,/beschwerden/zaehneknirschen/,none,REJECT_CANNIBALIZATION,reject,Kernintent bereits von /beschwerden/zaehneknirschen/ abgedeckt; Situations-Modifier ändert den Suchintent nicht substanziell.
Warum kiefer ist verspannt morgens?,kiefer: ist verspannt morgens,Kiefer,ist verspannt,morgens,morgens,/beschwerden/zaehneknirschen/,Zähneknirschen,high,no,medium,low,/beschwerden/zaehneknirschen/,none,REJECT_CANNIBALIZATION,reject,Kernintent bereits von /beschwerden/zaehneknirschen/ abgedeckt; Situations-Modifier ändert den Suchintent nicht substanziell.
Warum kiefer ist verspannt nach dem Aufwachen?,kiefer: ist verspannt nach dem aufwachen,Kiefer,ist verspannt,nach dem Aufwachen,,/beschwerden/zaehneknirschen/,Zähneknirschen,high,no,medium,low,/beschwerden/zaehneknirschen/,none,REJECT_CANNIBALIZATION,reject,Kernintent bereits von /beschwerden/zaehneknirschen/ abgedeckt; Situations-Modifier ändert den Suchintent nicht substanziell.
Warum kiefer knackt beim Gähnen?,kiefer: knackt beim gähnen,Kiefer,knackt,beim Gähnen,,/beschwerden/kieferschmerzen/,Kieferschmerzen & CMD,high,no,medium,low,/beschwerden/kieferschmerzen/,none,REJECT_CANNIBALIZATION,reject,Kernintent bereits von /beschwerden/kieferschmerzen/ abgedeckt; Situations-Modifier ändert den Suchintent nicht substanziell.
Warum kiefer knackt beim Kauen?,kiefer: knackt beim kauen,Kiefer,knackt,beim Kauen,,/beschwerden/kieferschmerzen/,Kieferschmerzen & CMD,high,no,medium,low,/beschwerden/kieferschmerzen/,none,REJECT_CANNIBALIZATION,reject,Kernintent bereits von /beschwerden/kieferschmerzen/ abgedeckt; Situations-Modifier ändert den Suchintent nicht substanziell.
Warum kiefer knackt morgens?,kiefer: knackt morgens,Kiefer,knackt,morgens,morgens,/beschwerden/kieferschmerzen/,Kieferschmerzen & CMD,high,no,medium,low,/beschwerden/kieferschmerzen/,none,REJECT_CANNIBALIZATION,reject,Kernintent bereits von /beschwerden/kieferschmerzen/ abgedeckt; Situations-Modifier ändert den Suchintent nicht substanziell.
Kiefergelenk schmerzt beim Kauen,kiefergelenk: schmerzt beim kauen,Kiefergelenk,schmerzt,beim Kauen,,/beschwerden/kieferschmerzen/,Kieferschmerzen & CMD,high,no,medium,low,/beschwerden/kieferschmerzen/,none,REJECT_CANNIBALIZATION,reject,Kernintent bereits von /beschwerden/kieferschmerzen/ abgedeckt.
Kiefergelenk schmerzt beim Mundöffnen,kiefergelenk: schmerzt beim mundöffnen,Kiefergelenk,schmerzt,beim Mundöffnen,,/beschwerden/kieferschmerzen/,Kieferschmerzen & CMD,high,no,medium,low,/beschwerden/kieferschmerzen/,none,REJECT_CANNIBALIZATION,reject,Kernintent bereits von /beschwerden/kieferschmerzen/ abgedeckt.
Kiefergelenk schmerzt morgens,kiefergelenk: schmerzt morgens,Kiefergelenk,schmerzt,morgens,morgens,/beschwerden/kieferschmerzen/,Kieferschmerzen & CMD,high,no,medium,low,/beschwerden/kieferschmerzen/,none,REJECT_CANNIBALIZATION,reject,Kernintent bereits von /beschwerden/kieferschmerzen/ abgedeckt.
Kiefergelenk sticht beim Kauen,kiefergelenk: schmerzt beim kauen,Kiefergelenk,sticht,beim Kauen,,/beschwerden/kieferschmerzen/,Kieferschmerzen & CMD,high,no,medium,low,/beschwerden/kieferschmerzen/,none,REJECT_CANNIBALIZATION,reject,"Empfindungs-Synonym — gleiche Intent-Gruppe wie die Grundform, keine eigene Seite."
Kiefergelenk sticht beim Mundöffnen,kiefergelenk: schmerzt beim mundöffnen,Kiefergelenk,sticht,beim Mundöffnen,,/beschwerden/kieferschmerzen/,Kieferschmerzen & CMD,high,no,medium,low,/beschwerden/kieferschmerzen/,none,REJECT_CANNIBALIZATION,reject,"Empfindungs-Synonym — gleiche Intent-Gruppe wie die Grundform, keine eigene Seite."
Kiefergelenk sticht morgens,kiefergelenk: schmerzt morgens,Kiefergelenk,sticht,morgens,morgens,/beschwerden/kieferschmerzen/,Kieferschmerzen & CMD,high,no,medium,low,/beschwerden/kieferschmerzen/,none,REJECT_CANNIBALIZATION,reject,"Empfindungs-Synonym — gleiche Intent-Gruppe wie die Grundform, keine eigene Seite."
Kiefergelenk zieht beim Kauen,kiefergelenk: schmerzt beim kauen,Kiefergelenk,zieht,beim Kauen,,/beschwerden/kieferschmerzen/,Kieferschmerzen & CMD,high,no,medium,low,/beschwerden/kieferschmerzen/,none,REJECT_CANNIBALIZATION,reject,"Empfindungs-Synonym — gleiche Intent-Gruppe wie die Grundform, keine eigene Seite."
Kiefergelenk zieht beim Mundöffnen,kiefergelenk: schmerzt beim mundöffnen,Kiefergelenk,zieht,beim Mundöffnen,,/beschwerden/kieferschmerzen/,Kieferschmerzen & CMD,high,no,medium,low,/beschwerden/kieferschmerzen/,none,REJECT_CANNIBALIZATION,reject,"Empfindungs-Synonym — gleiche Intent-Gruppe wie die Grundform, keine eigene Seite."
Kiefergelenk zieht morgens,kiefergelenk: schmerzt morgens,Kiefergelenk,zieht,morgens,morgens,/beschwerden/kieferschmerzen/,Kieferschmerzen & CMD,high,no,medium,low,/beschwerden/kieferschmerzen/,none,REJECT_CANNIBALIZATION,reject,"Empfindungs-Synonym — gleiche Intent-Gruppe wie die Grundform, keine eigene Seite."
Knie schmerzt beim Knien,knie: schmerzt beim knien,Knie,schmerzt,beim Knien,,/beschwerden/knieschmerzen/,Knieschmerzen,high,no,medium,low,/beschwerden/knieschmerzen/,none,REJECT_CANNIBALIZATION,reject,Kernintent bereits von /beschwerden/knieschmerzen/ abgedeckt; Situations-Modifier ändert den Suchintent nicht substanziell.
Knie schmerzt beim Treppab-Gehen,knie: schmerzt beim treppab-gehen,Knie,schmerzt,beim Treppab-Gehen,,/beschwerden/knieschmerzen/,Knieschmerzen,high,no,medium,low,/beschwerden/knieschmerzen/,none,REJECT_CANNIBALIZATION,reject,Kernintent bereits von /beschwerden/knieschmerzen/ abgedeckt; Situations-Modifier ändert den Suchintent nicht substanziell.
Knie schmerzt nach dem Joggen,knie: schmerzt nach dem joggen,Knie,schmerzt,nach dem Joggen,,/beschwerden/knieschmerzen/,Knieschmerzen,high,no,medium,low,/beschwerden/knieschmerzen/,none,REJECT_CANNIBALIZATION,reject,Kernintent bereits von /beschwerden/knieschmerzen/ abgedeckt; Situations-Modifier ändert den Suchintent nicht substanziell.
Knie sticht beim Knien,knie: schmerzt beim knien,Knie,sticht,beim Knien,,/beschwerden/knieschmerzen/,Knieschmerzen,high,no,medium,low,/beschwerden/knieschmerzen/,none,REJECT_CANNIBALIZATION,reject,"Empfindungs-Synonym — gleiche Intent-Gruppe wie die Grundform, keine eigene Seite."
Knie sticht beim Treppab-Gehen,knie: schmerzt beim treppab-gehen,Knie,sticht,beim Treppab-Gehen,,/beschwerden/knieschmerzen/,Knieschmerzen,high,no,medium,low,/beschwerden/knieschmerzen/,none,REJECT_CANNIBALIZATION,reject,"Empfindungs-Synonym — gleiche Intent-Gruppe wie die Grundform, keine eigene Seite."
Knie sticht nach dem Joggen,knie: schmerzt nach dem joggen,Knie,sticht,nach dem Joggen,,/beschwerden/knieschmerzen/,Knieschmerzen,high,no,medium,low,/beschwerden/knieschmerzen/,none,REJECT_CANNIBALIZATION,reject,"Empfindungs-Synonym — gleiche Intent-Gruppe wie die Grundform, keine eigene Seite."
Knie zieht beim Knien,knie: schmerzt beim knien,Knie,zieht,beim Knien,,/beschwerden/knieschmerzen/,Knieschmerzen,high,no,medium,low,/beschwerden/knieschmerzen/,none,REJECT_CANNIBALIZATION,reject,"Empfindungs-Synonym — gleiche Intent-Gruppe wie die Grundform, keine eigene Seite."
Knie zieht beim Treppab-Gehen,knie: schmerzt beim treppab-gehen,Knie,zieht,beim Treppab-Gehen,,/beschwerden/knieschmerzen/,Knieschmerzen,high,no,medium,low,/beschwerden/knieschmerzen/,none,REJECT_CANNIBALIZATION,reject,"Empfindungs-Synonym — gleiche Intent-Gruppe wie die Grundform, keine eigene Seite."
Knie zieht nach dem Joggen,knie: schmerzt nach dem joggen,Knie,zieht,nach dem Joggen,,/beschwerden/knieschmerzen/,Knieschmerzen,high,no,medium,low,/beschwerden/knieschmerzen/,none,REJECT_CANNIBALIZATION,reject,"Empfindungs-Synonym — gleiche Intent-Gruppe wie die Grundform, keine eigene Seite."
Warum knie knackt beim Aufstehen?,knie: knackt beim aufstehen,Knie,knackt,beim Aufstehen,,/beschwerden/knieschmerzen/,Knieschmerzen,low,no,medium,medium,/beschwerden/knieschmerzen/,none,MERGE_INTO_EXISTING,reject,"Muster-Intent plausibel eigenständig; manuell prüfen. (Frageform-Variante — gleiche Intent-Gruppe, KEINE eigene Seite.)"
Warum knie knackt beim In-die-Hocke-Gehen?,knie: knackt beim in-die-hocke-gehen,Knie,knackt,beim In-die-Hocke-Gehen,,/beschwerden/knieschmerzen/,Knieschmerzen,low,no,medium,medium,/beschwerden/knieschmerzen/,none,MERGE_INTO_EXISTING,reject,"Muster-Intent plausibel eigenständig; manuell prüfen. (Frageform-Variante — gleiche Intent-Gruppe, KEINE eigene Seite.)"
Warum knie knackt beim Treppensteigen?,knie: knackt beim treppensteigen,Knie,knackt,beim Treppensteigen,,/beschwerden/knieschmerzen/,Knieschmerzen,low,no,medium,medium,/beschwerden/knieschmerzen/,none,MERGE_INTO_EXISTING,reject,"Muster-Intent plausibel eigenständig; manuell prüfen. (Frageform-Variante — gleiche Intent-Gruppe, KEINE eigene Seite.)"
Warum knie schmerzt beim Knien?,knie: schmerzt beim knien,Knie,schmerzt,beim Knien,,/beschwerden/knieschmerzen/,Knieschmerzen,high,no,medium,low,/beschwerden/knieschmerzen/,none,REJECT_CANNIBALIZATION,reject,Kernintent bereits von /beschwerden/knieschmerzen/ abgedeckt; Situations-Modifier ändert den Suchintent nicht substanziell.
Warum knie schmerzt beim Treppab-Gehen?,knie: schmerzt beim treppab-gehen,Knie,schmerzt,beim Treppab-Gehen,,/beschwerden/knieschmerzen/,Knieschmerzen,high,no,medium,low,/beschwerden/knieschmerzen/,none,REJECT_CANNIBALIZATION,reject,Kernintent bereits von /beschwerden/knieschmerzen/ abgedeckt; Situations-Modifier ändert den Suchintent nicht substanziell.
Warum knie schmerzt nach dem Joggen?,knie: schmerzt nach dem joggen,Knie,schmerzt,nach dem Joggen,,/beschwerden/knieschmerzen/,Knieschmerzen,high,no,medium,low,/beschwerden/knieschmerzen/,none,REJECT_CANNIBALIZATION,reject,Kernintent bereits von /beschwerden/knieschmerzen/ abgedeckt; Situations-Modifier ändert den Suchintent nicht substanziell.
Warum knie sticht beim Knien?,knie: schmerzt beim knien,Knie,sticht,beim Knien,,/beschwerden/knieschmerzen/,Knieschmerzen,high,no,medium,low,/beschwerden/knieschmerzen/,none,REJECT_CANNIBALIZATION,reject,"Empfindungs-Synonym — gleiche Intent-Gruppe wie die Grundform, keine eigene Seite."
Warum knie sticht beim Treppab-Gehen?,knie: schmerzt beim treppab-gehen,Knie,sticht,beim Treppab-Gehen,,/beschwerden/knieschmerzen/,Knieschmerzen,high,no,medium,low,/beschwerden/knieschmerzen/,none,REJECT_CANNIBALIZATION,reject,"Empfindungs-Synonym — gleiche Intent-Gruppe wie die Grundform, keine eigene Seite."
Warum knie sticht nach dem Joggen?,knie: schmerzt nach dem joggen,Knie,sticht,nach dem Joggen,,/beschwerden/knieschmerzen/,Knieschmerzen,high,no,medium,low,/beschwerden/knieschmerzen/,none,REJECT_CANNIBALIZATION,reject,"Empfindungs-Synonym — gleiche Intent-Gruppe wie die Grundform, keine eigene Seite."
Warum knie zieht beim Knien?,knie: schmerzt beim knien,Knie,zieht,beim Knien,,/beschwerden/knieschmerzen/,Knieschmerzen,high,no,medium,low,/beschwerden/knieschmerzen/,none,REJECT_CANNIBALIZATION,reject,"Empfindungs-Synonym — gleiche Intent-Gruppe wie die Grundform, keine eigene Seite."
Warum knie zieht beim Treppab-Gehen?,knie: schmerzt beim treppab-gehen,Knie,zieht,beim Treppab-Gehen,,/beschwerden/knieschmerzen/,Knieschmerzen,high,no,medium,low,/beschwerden/knieschmerzen/,none,REJECT_CANNIBALIZATION,reject,"Empfindungs-Synonym — gleiche Intent-Gruppe wie die Grundform, keine eigene Seite."
Warum knie zieht nach dem Joggen?,knie: schmerzt nach dem joggen,Knie,zieht,nach dem Joggen,,/beschwerden/knieschmerzen/,Knieschmerzen,high,no,medium,low,/beschwerden/knieschmerzen/,none,REJECT_CANNIBALIZATION,reject,"Empfindungs-Synonym — gleiche Intent-Gruppe wie die Grundform, keine eigene Seite."
Was bedeutet es wenn knie knackt beim Aufstehen?,knie: knackt beim aufstehen,Knie,knackt,beim Aufstehen,,/beschwerden/knieschmerzen/,Knieschmerzen,low,no,medium,medium,/beschwerden/knieschmerzen/,none,MERGE_INTO_EXISTING,reject,"Frageform-Variante — gleiche Intent-Gruppe wie die Grundform, keine eigene Seite."
Was bedeutet es wenn knie knackt beim In-die-Hocke-Gehen?,knie: knackt beim in-die-hocke-gehen,Knie,knackt,beim In-die-Hocke-Gehen,,/beschwerden/knieschmerzen/,Knieschmerzen,low,no,medium,medium,/beschwerden/knieschmerzen/,none,MERGE_INTO_EXISTING,reject,"Frageform-Variante — gleiche Intent-Gruppe wie die Grundform, keine eigene Seite."
Was bedeutet es wenn knie knackt beim Treppensteigen?,knie: knackt beim treppensteigen,Knie,knackt,beim Treppensteigen,,/beschwerden/knieschmerzen/,Knieschmerzen,low,no,medium,medium,/beschwerden/knieschmerzen/,none,MERGE_INTO_EXISTING,reject,"Frageform-Variante — gleiche Intent-Gruppe wie die Grundform, keine eigene Seite."
Was tun wenn knie knackt beim Aufstehen?,knie: knackt beim aufstehen,Knie,knackt,beim Aufstehen,,/beschwerden/knieschmerzen/,Knieschmerzen,low,no,medium,medium,/beschwerden/knieschmerzen/,none,MERGE_INTO_EXISTING,reject,"Frageform-Variante — gleiche Intent-Gruppe wie Grundform, KEINE eigene Seite."
Was tun wenn knie knackt beim In-die-Hocke-Gehen?,knie: knackt beim in-die-hocke-gehen,Knie,knackt,beim In-die-Hocke-Gehen,,/beschwerden/knieschmerzen/,Knieschmerzen,low,no,medium,medium,/beschwerden/knieschmerzen/,none,MERGE_INTO_EXISTING,reject,"Frageform-Variante — gleiche Intent-Gruppe wie Grundform, KEINE eigene Seite."
Was tun wenn knie knackt beim Treppensteigen?,knie: knackt beim treppensteigen,Knie,knackt,beim Treppensteigen,,/beschwerden/knieschmerzen/,Knieschmerzen,low,no,medium,medium,/beschwerden/knieschmerzen/,none,MERGE_INTO_EXISTING,reject,"Frageform-Variante — gleiche Intent-Gruppe wie Grundform, KEINE eigene Seite."
Warum konzentration lässt nach ab Mittag?,konzentration: lässt nach ab mittag,Konzentration,lässt nach,ab Mittag,,/beschwerden/erschoepfung/,Erschöpfung,medium,no,medium,medium,/beschwerden/erschoepfung/,medium,MERGE_INTO_EXISTING,reject,"Frageform-Variante — gleiche Intent-Gruppe wie die Grundform, keine eigene Seite."
Warum konzentration lässt nach im Gespräch?,konzentration: lässt nach im gespräch,Konzentration,lässt nach,im Gespräch,,/beschwerden/erschoepfung/,Erschöpfung,medium,no,medium,medium,/beschwerden/erschoepfung/,medium,MERGE_INTO_EXISTING,reject,"Frageform-Variante — gleiche Intent-Gruppe wie die Grundform, keine eigene Seite."
Warum konzentration lässt nach seit Monaten?,konzentration: lässt nach seit monaten,Konzentration,lässt nach,seit Monaten,,/beschwerden/erschoepfung/,Erschöpfung,medium,no,medium,medium,/beschwerden/erschoepfung/,medium,MERGE_INTO_EXISTING,reject,"Frageform-Variante — gleiche Intent-Gruppe wie die Grundform, keine eigene Seite."
Was bedeutet es wenn konzentration lässt nach ab Mittag?,konzentration: lässt nach ab mittag,Konzentration,lässt nach,ab Mittag,,/beschwerden/erschoepfung/,Erschöpfung,medium,no,medium,medium,/beschwerden/erschoepfung/,medium,MERGE_INTO_EXISTING,reject,"Frageform-Variante — gleiche Intent-Gruppe wie die Grundform, keine eigene Seite."
Was bedeutet es wenn konzentration lässt nach im Gespräch?,konzentration: lässt nach im gespräch,Konzentration,lässt nach,im Gespräch,,/beschwerden/erschoepfung/,Erschöpfung,medium,no,medium,medium,/beschwerden/erschoepfung/,medium,MERGE_INTO_EXISTING,reject,"Frageform-Variante — gleiche Intent-Gruppe wie die Grundform, keine eigene Seite."
Was bedeutet es wenn konzentration lässt nach seit Monaten?,konzentration: lässt nach seit monaten,Konzentration,lässt nach,seit Monaten,,/beschwerden/erschoepfung/,Erschöpfung,medium,no,medium,medium,/beschwerden/erschoepfung/,medium,MERGE_INTO_EXISTING,reject,"Frageform-Variante — gleiche Intent-Gruppe wie die Grundform, keine eigene Seite."
Was tun wenn konzentration lässt nach ab Mittag?,konzentration: lässt nach ab mittag,Konzentration,lässt nach,ab Mittag,,/beschwerden/erschoepfung/,Erschöpfung,medium,no,medium,medium,/beschwerden/erschoepfung/,medium,MERGE_INTO_EXISTING,reject,"Frageform-Variante — gleiche Intent-Gruppe wie die Grundform, keine eigene Seite."
Was tun wenn konzentration lässt nach im Gespräch?,konzentration: lässt nach im gespräch,Konzentration,lässt nach,im Gespräch,,/beschwerden/erschoepfung/,Erschöpfung,medium,no,medium,medium,/beschwerden/erschoepfung/,medium,MERGE_INTO_EXISTING,reject,"Frageform-Variante — gleiche Intent-Gruppe wie die Grundform, keine eigene Seite."
Was tun wenn konzentration lässt nach seit Monaten?,konzentration: lässt nach seit monaten,Konzentration,lässt nach,seit Monaten,,/beschwerden/erschoepfung/,Erschöpfung,medium,no,medium,medium,/beschwerden/erschoepfung/,medium,MERGE_INTO_EXISTING,reject,"Frageform-Variante — gleiche Intent-Gruppe wie die Grundform, keine eigene Seite."
Kopf fühlt sich benommen an beim Aufstehen,kopf: fühlt sich benommen an beim aufstehen,Kopf,fühlt sich benommen an,beim Aufstehen,,/beschwerden/schwindel/,Schwindel,high,no,medium,low,/beschwerden/schwindel/,medium,REJECT_CANNIBALIZATION,reject,Kernintent bereits von /beschwerden/schwindel/ abgedeckt; Situations-Modifier ändert den Suchintent nicht substanziell.
Kopf fühlt sich benommen an den ganzen Tag,kopf: fühlt sich benommen an den ganzen tag,Kopf,fühlt sich benommen an,den ganzen Tag,,/beschwerden/schwindel/,Schwindel,high,no,medium,low,/beschwerden/schwindel/,medium,REJECT_CANNIBALIZATION,reject,Kernintent bereits von /beschwerden/schwindel/ abgedeckt; Situations-Modifier ändert den Suchintent nicht substanziell.
Kopf fühlt sich benommen an wie in Watte,kopf: fühlt sich benommen an wie in watte,Kopf,fühlt sich benommen an,wie in Watte,,/beschwerden/schwindel/,Schwindel,high,no,medium,low,/beschwerden/schwindel/,medium,REJECT_CANNIBALIZATION,reject,Kernintent bereits von /beschwerden/schwindel/ abgedeckt; Situations-Modifier ändert den Suchintent nicht substanziell.
Kopf schmerzt am Wochenende,kopf: schmerzt am wochenende,Kopf,schmerzt,am Wochenende,,/beschwerden/kopfschmerzen/,Kopfschmerzen,high,no,medium,low,/beschwerden/kopfschmerzen/,medium,REJECT_CANNIBALIZATION,reject,Kernintent bereits von /beschwerden/kopfschmerzen/ abgedeckt; Situations-Modifier ändert den Suchintent nicht substanziell.
Kopf schmerzt bei Wetterwechsel,kopf: schmerzt bei wetterwechsel,Kopf,schmerzt,bei Wetterwechsel,,/beschwerden/kopfschmerzen/,Kopfschmerzen,high,no,medium,low,/beschwerden/kopfschmerzen/,medium,REJECT_CANNIBALIZATION,reject,Kernintent bereits von /beschwerden/kopfschmerzen/ abgedeckt; Situations-Modifier ändert den Suchintent nicht substanziell.
Kopf schmerzt beim Bücken,kopf: schmerzt beim bücken,Kopf,schmerzt,beim Bücken,,/beschwerden/kopfschmerzen/,Kopfschmerzen,high,no,medium,low,/beschwerden/kopfschmerzen/,medium,REJECT_CANNIBALIZATION,reject,Kernintent bereits von /beschwerden/kopfschmerzen/ abgedeckt; Situations-Modifier ändert den Suchintent nicht substanziell.
Kopf schmerzt direkt nach dem Aufstehen,kopf: schmerzt direkt nach dem aufstehen,Kopf,schmerzt,direkt nach dem Aufstehen,,/beschwerden/kopfschmerzen/,Kopfschmerzen,high,no,medium,low,/beschwerden/kopfschmerzen/,medium,REJECT_CANNIBALIZATION,reject,Kernintent bereits von /beschwerden/kopfschmerzen/ abgedeckt; Situations-Modifier ändert den Suchintent nicht substanziell.
Kopf schmerzt hinter den Augen,kopf: schmerzt hinter den augen,Kopf,schmerzt,hinter den Augen,,/beschwerden/kopfschmerzen/,Kopfschmerzen,high,no,medium,low,/beschwerden/kopfschmerzen/,medium,REJECT_CANNIBALIZATION,reject,Kernintent bereits von /beschwerden/kopfschmerzen/ abgedeckt; Situations-Modifier ändert den Suchintent nicht substanziell.
Kopf schmerzt nach dem Sport,kopf: schmerzt nach dem sport,Kopf,schmerzt,nach dem Sport,,/beschwerden/kopfschmerzen/,Kopfschmerzen,high,no,medium,low,/beschwerden/kopfschmerzen/,medium,REJECT_CANNIBALIZATION,reject,Kernintent bereits von /beschwerden/kopfschmerzen/ abgedeckt; Situations-Modifier ändert den Suchintent nicht substanziell.
Kopf schmerzt nur auf einer Seite,kopf: schmerzt nur auf einer seite,Kopf,schmerzt,nur auf einer Seite,,/beschwerden/kopfschmerzen/,Kopfschmerzen,high,no,medium,low,/beschwerden/kopfschmerzen/,medium,REJECT_CANNIBALIZATION,reject,Kernintent bereits von /beschwerden/kopfschmerzen/ abgedeckt; Situations-Modifier ändert den Suchintent nicht substanziell.
Kopf sticht am Wochenende,kopf: schmerzt am wochenende,Kopf,sticht,am Wochenende,,/beschwerden/kopfschmerzen/,Kopfschmerzen,high,no,medium,low,/beschwerden/kopfschmerzen/,medium,REJECT_CANNIBALIZATION,reject,"Empfindungs-Synonym — gleiche Intent-Gruppe wie die Grundform, keine eigene Seite."
Kopf sticht bei Wetterwechsel,kopf: schmerzt bei wetterwechsel,Kopf,sticht,bei Wetterwechsel,,/beschwerden/kopfschmerzen/,Kopfschmerzen,high,no,medium,low,/beschwerden/kopfschmerzen/,medium,REJECT_CANNIBALIZATION,reject,"Empfindungs-Synonym — gleiche Intent-Gruppe wie die Grundform, keine eigene Seite."
Kopf sticht beim Bücken,kopf: schmerzt beim bücken,Kopf,sticht,beim Bücken,,/beschwerden/kopfschmerzen/,Kopfschmerzen,high,no,medium,low,/beschwerden/kopfschmerzen/,medium,REJECT_CANNIBALIZATION,reject,"Empfindungs-Synonym — gleiche Intent-Gruppe wie die Grundform, keine eigene Seite."
Kopf sticht beim Husten,kopf: schmerzt beim husten,Kopf,sticht,beim Husten,,/beschwerden/kopfschmerzen/,Kopfschmerzen,medium,no,medium,medium,/beschwerden/kopfschmerzen/,medium,MERGE_INTO_EXISTING,reject,"Empfindungs-Synonym — gleiche Intent-Gruppe wie die Grundform, keine eigene Seite."
Kopf sticht direkt nach dem Aufstehen,kopf: schmerzt direkt nach dem aufstehen,Kopf,sticht,direkt nach dem Aufstehen,,/beschwerden/kopfschmerzen/,Kopfschmerzen,high,no,medium,low,/beschwerden/kopfschmerzen/,medium,REJECT_CANNIBALIZATION,reject,"Empfindungs-Synonym — gleiche Intent-Gruppe wie die Grundform, keine eigene Seite."
Kopf sticht hinter den Augen,kopf: schmerzt hinter den augen,Kopf,sticht,hinter den Augen,,/beschwerden/kopfschmerzen/,Kopfschmerzen,high,no,medium,low,/beschwerden/kopfschmerzen/,medium,REJECT_CANNIBALIZATION,reject,"Empfindungs-Synonym — gleiche Intent-Gruppe wie die Grundform, keine eigene Seite."
Kopf sticht nach dem Sport,kopf: schmerzt nach dem sport,Kopf,sticht,nach dem Sport,,/beschwerden/kopfschmerzen/,Kopfschmerzen,high,no,medium,low,/beschwerden/kopfschmerzen/,medium,REJECT_CANNIBALIZATION,reject,"Empfindungs-Synonym — gleiche Intent-Gruppe wie die Grundform, keine eigene Seite."
Kopf sticht nur auf einer Seite,kopf: schmerzt nur auf einer seite,Kopf,sticht,nur auf einer Seite,,/beschwerden/kopfschmerzen/,Kopfschmerzen,high,no,medium,low,/beschwerden/kopfschmerzen/,medium,REJECT_CANNIBALIZATION,reject,"Empfindungs-Synonym — gleiche Intent-Gruppe wie die Grundform, keine eigene Seite."
Kopf zieht am Wochenende,kopf: schmerzt am wochenende,Kopf,zieht,am Wochenende,,/beschwerden/kopfschmerzen/,Kopfschmerzen,high,no,medium,low,/beschwerden/kopfschmerzen/,medium,REJECT_CANNIBALIZATION,reject,"Empfindungs-Synonym — gleiche Intent-Gruppe wie die Grundform, keine eigene Seite."
Kopf zieht bei Wetterwechsel,kopf: schmerzt bei wetterwechsel,Kopf,zieht,bei Wetterwechsel,,/beschwerden/kopfschmerzen/,Kopfschmerzen,high,no,medium,low,/beschwerden/kopfschmerzen/,medium,REJECT_CANNIBALIZATION,reject,"Empfindungs-Synonym — gleiche Intent-Gruppe wie die Grundform, keine eigene Seite."
Kopf zieht beim Bücken,kopf: schmerzt beim bücken,Kopf,zieht,beim Bücken,,/beschwerden/kopfschmerzen/,Kopfschmerzen,high,no,medium,low,/beschwerden/kopfschmerzen/,medium,REJECT_CANNIBALIZATION,reject,"Empfindungs-Synonym — gleiche Intent-Gruppe wie die Grundform, keine eigene Seite."
Kopf zieht beim Husten,kopf: schmerzt beim husten,Kopf,zieht,beim Husten,,/beschwerden/kopfschmerzen/,Kopfschmerzen,medium,no,medium,medium,/beschwerden/kopfschmerzen/,medium,MERGE_INTO_EXISTING,reject,"Empfindungs-Synonym — gleiche Intent-Gruppe wie die Grundform, keine eigene Seite."
Kopf zieht direkt nach dem Aufstehen,kopf: schmerzt direkt nach dem aufstehen,Kopf,zieht,direkt nach dem Aufstehen,,/beschwerden/kopfschmerzen/,Kopfschmerzen,high,no,medium,low,/beschwerden/kopfschmerzen/,medium,REJECT_CANNIBALIZATION,reject,"Empfindungs-Synonym — gleiche Intent-Gruppe wie die Grundform, keine eigene Seite."
Kopf zieht hinter den Augen,kopf: schmerzt hinter den augen,Kopf,zieht,hinter den Augen,,/beschwerden/kopfschmerzen/,Kopfschmerzen,high,no,medium,low,/beschwerden/kopfschmerzen/,medium,REJECT_CANNIBALIZATION,reject,"Empfindungs-Synonym — gleiche Intent-Gruppe wie die Grundform, keine eigene Seite."
Kopf zieht nach dem Sport,kopf: schmerzt nach dem sport,Kopf,zieht,nach dem Sport,,/beschwerden/kopfschmerzen/,Kopfschmerzen,high,no,medium,low,/beschwerden/kopfschmerzen/,medium,REJECT_CANNIBALIZATION,reject,"Empfindungs-Synonym — gleiche Intent-Gruppe wie die Grundform, keine eigene Seite."
Kopf zieht nur auf einer Seite,kopf: schmerzt nur auf einer seite,Kopf,zieht,nur auf einer Seite,,/beschwerden/kopfschmerzen/,Kopfschmerzen,high,no,medium,low,/beschwerden/kopfschmerzen/,medium,REJECT_CANNIBALIZATION,reject,"Empfindungs-Synonym — gleiche Intent-Gruppe wie die Grundform, keine eigene Seite."
Warum kopf fühlt sich benommen an beim Aufstehen?,kopf: fühlt sich benommen an beim aufstehen,Kopf,fühlt sich benommen an,beim Aufstehen,,/beschwerden/schwindel/,Schwindel,high,no,medium,low,/beschwerden/schwindel/,medium,REJECT_CANNIBALIZATION,reject,Kernintent bereits von /beschwerden/schwindel/ abgedeckt; Situations-Modifier ändert den Suchintent nicht substanziell.
Warum kopf fühlt sich benommen an den ganzen Tag?,kopf: fühlt sich benommen an den ganzen tag,Kopf,fühlt sich benommen an,den ganzen Tag,,/beschwerden/schwindel/,Schwindel,high,no,medium,low,/beschwerden/schwindel/,medium,REJECT_CANNIBALIZATION,reject,Kernintent bereits von /beschwerden/schwindel/ abgedeckt; Situations-Modifier ändert den Suchintent nicht substanziell.
Warum kopf fühlt sich benommen an wie in Watte?,kopf: fühlt sich benommen an wie in watte,Kopf,fühlt sich benommen an,wie in Watte,,/beschwerden/schwindel/,Schwindel,high,no,medium,low,/beschwerden/schwindel/,medium,REJECT_CANNIBALIZATION,reject,Kernintent bereits von /beschwerden/schwindel/ abgedeckt; Situations-Modifier ändert den Suchintent nicht substanziell.
Warum kopf schmerzt am Wochenende?,kopf: schmerzt am wochenende,Kopf,schmerzt,am Wochenende,,/beschwerden/kopfschmerzen/,Kopfschmerzen,high,no,medium,low,/beschwerden/kopfschmerzen/,medium,REJECT_CANNIBALIZATION,reject,Kernintent bereits von /beschwerden/kopfschmerzen/ abgedeckt; Situations-Modifier ändert den Suchintent nicht substanziell.
Warum kopf schmerzt bei Wetterwechsel?,kopf: schmerzt bei wetterwechsel,Kopf,schmerzt,bei Wetterwechsel,,/beschwerden/kopfschmerzen/,Kopfschmerzen,high,no,medium,low,/beschwerden/kopfschmerzen/,medium,REJECT_CANNIBALIZATION,reject,Kernintent bereits von /beschwerden/kopfschmerzen/ abgedeckt; Situations-Modifier ändert den Suchintent nicht substanziell.
Warum kopf schmerzt beim Bücken?,kopf: schmerzt beim bücken,Kopf,schmerzt,beim Bücken,,/beschwerden/kopfschmerzen/,Kopfschmerzen,high,no,medium,low,/beschwerden/kopfschmerzen/,medium,REJECT_CANNIBALIZATION,reject,Kernintent bereits von /beschwerden/kopfschmerzen/ abgedeckt; Situations-Modifier ändert den Suchintent nicht substanziell.
Warum kopf schmerzt beim Husten?,kopf: schmerzt beim husten,Kopf,schmerzt,beim Husten,,/beschwerden/kopfschmerzen/,Kopfschmerzen,medium,no,medium,medium,/beschwerden/kopfschmerzen/,medium,MERGE_INTO_EXISTING,reject,"Muster-Intent plausibel eigenständig; manuell prüfen. (Frageform-Variante — gleiche Intent-Gruppe, KEINE eigene Seite.)"
Warum kopf schmerzt direkt nach dem Aufstehen?,kopf: schmerzt direkt nach dem aufstehen,Kopf,schmerzt,direkt nach dem Aufstehen,,/beschwerden/kopfschmerzen/,Kopfschmerzen,high,no,medium,low,/beschwerden/kopfschmerzen/,medium,REJECT_CANNIBALIZATION,reject,Kernintent bereits von /beschwerden/kopfschmerzen/ abgedeckt; Situations-Modifier ändert den Suchintent nicht substanziell.
Warum kopf schmerzt hinter den Augen?,kopf: schmerzt hinter den augen,Kopf,schmerzt,hinter den Augen,,/beschwerden/kopfschmerzen/,Kopfschmerzen,high,no,medium,low,/beschwerden/kopfschmerzen/,medium,REJECT_CANNIBALIZATION,reject,Kernintent bereits von /beschwerden/kopfschmerzen/ abgedeckt; Situations-Modifier ändert den Suchintent nicht substanziell.
Warum kopf schmerzt nach dem Sport?,kopf: schmerzt nach dem sport,Kopf,schmerzt,nach dem Sport,,/beschwerden/kopfschmerzen/,Kopfschmerzen,high,no,medium,low,/beschwerden/kopfschmerzen/,medium,REJECT_CANNIBALIZATION,reject,Kernintent bereits von /beschwerden/kopfschmerzen/ abgedeckt; Situations-Modifier ändert den Suchintent nicht substanziell.
Warum kopf schmerzt nur auf einer Seite?,kopf: schmerzt nur auf einer seite,Kopf,schmerzt,nur auf einer Seite,,/beschwerden/kopfschmerzen/,Kopfschmerzen,high,no,medium,low,/beschwerden/kopfschmerzen/,medium,REJECT_CANNIBALIZATION,reject,Kernintent bereits von /beschwerden/kopfschmerzen/ abgedeckt; Situations-Modifier ändert den Suchintent nicht substanziell.
Warum kopf sticht am Wochenende?,kopf: schmerzt am wochenende,Kopf,sticht,am Wochenende,,/beschwerden/kopfschmerzen/,Kopfschmerzen,high,no,medium,low,/beschwerden/kopfschmerzen/,medium,REJECT_CANNIBALIZATION,reject,"Empfindungs-Synonym — gleiche Intent-Gruppe wie die Grundform, keine eigene Seite."
Warum kopf sticht bei Wetterwechsel?,kopf: schmerzt bei wetterwechsel,Kopf,sticht,bei Wetterwechsel,,/beschwerden/kopfschmerzen/,Kopfschmerzen,high,no,medium,low,/beschwerden/kopfschmerzen/,medium,REJECT_CANNIBALIZATION,reject,"Empfindungs-Synonym — gleiche Intent-Gruppe wie die Grundform, keine eigene Seite."
Warum kopf sticht beim Bücken?,kopf: schmerzt beim bücken,Kopf,sticht,beim Bücken,,/beschwerden/kopfschmerzen/,Kopfschmerzen,high,no,medium,low,/beschwerden/kopfschmerzen/,medium,REJECT_CANNIBALIZATION,reject,"Empfindungs-Synonym — gleiche Intent-Gruppe wie die Grundform, keine eigene Seite."
Warum kopf sticht beim Husten?,kopf: schmerzt beim husten,Kopf,sticht,beim Husten,,/beschwerden/kopfschmerzen/,Kopfschmerzen,medium,no,medium,medium,/beschwerden/kopfschmerzen/,medium,MERGE_INTO_EXISTING,reject,"Empfindungs-Synonym — gleiche Intent-Gruppe wie die Grundform, keine eigene Seite."
Warum kopf sticht direkt nach dem Aufstehen?,kopf: schmerzt direkt nach dem aufstehen,Kopf,sticht,direkt nach dem Aufstehen,,/beschwerden/kopfschmerzen/,Kopfschmerzen,high,no,medium,low,/beschwerden/kopfschmerzen/,medium,REJECT_CANNIBALIZATION,reject,"Empfindungs-Synonym — gleiche Intent-Gruppe wie die Grundform, keine eigene Seite."
Warum kopf sticht hinter den Augen?,kopf: schmerzt hinter den augen,Kopf,sticht,hinter den Augen,,/beschwerden/kopfschmerzen/,Kopfschmerzen,high,no,medium,low,/beschwerden/kopfschmerzen/,medium,REJECT_CANNIBALIZATION,reject,"Empfindungs-Synonym — gleiche Intent-Gruppe wie die Grundform, keine eigene Seite."
Warum kopf sticht nach dem Sport?,kopf: schmerzt nach dem sport,Kopf,sticht,nach dem Sport,,/beschwerden/kopfschmerzen/,Kopfschmerzen,high,no,medium,low,/beschwerden/kopfschmerzen/,medium,REJECT_CANNIBALIZATION,reject,"Empfindungs-Synonym — gleiche Intent-Gruppe wie die Grundform, keine eigene Seite."
Warum kopf sticht nur auf einer Seite?,kopf: schmerzt nur auf einer seite,Kopf,sticht,nur auf einer Seite,,/beschwerden/kopfschmerzen/,Kopfschmerzen,high,no,medium,low,/beschwerden/kopfschmerzen/,medium,REJECT_CANNIBALIZATION,reject,"Empfindungs-Synonym — gleiche Intent-Gruppe wie die Grundform, keine eigene Seite."
Warum kopf zieht am Wochenende?,kopf: schmerzt am wochenende,Kopf,zieht,am Wochenende,,/beschwerden/kopfschmerzen/,Kopfschmerzen,high,no,medium,low,/beschwerden/kopfschmerzen/,medium,REJECT_CANNIBALIZATION,reject,"Empfindungs-Synonym — gleiche Intent-Gruppe wie die Grundform, keine eigene Seite."
Warum kopf zieht bei Wetterwechsel?,kopf: schmerzt bei wetterwechsel,Kopf,zieht,bei Wetterwechsel,,/beschwerden/kopfschmerzen/,Kopfschmerzen,high,no,medium,low,/beschwerden/kopfschmerzen/,medium,REJECT_CANNIBALIZATION,reject,"Empfindungs-Synonym — gleiche Intent-Gruppe wie die Grundform, keine eigene Seite."
Warum kopf zieht beim Bücken?,kopf: schmerzt beim bücken,Kopf,zieht,beim Bücken,,/beschwerden/kopfschmerzen/,Kopfschmerzen,high,no,medium,low,/beschwerden/kopfschmerzen/,medium,REJECT_CANNIBALIZATION,reject,"Empfindungs-Synonym — gleiche Intent-Gruppe wie die Grundform, keine eigene Seite."
Warum kopf zieht beim Husten?,kopf: schmerzt beim husten,Kopf,zieht,beim Husten,,/beschwerden/kopfschmerzen/,Kopfschmerzen,medium,no,medium,medium,/beschwerden/kopfschmerzen/,medium,MERGE_INTO_EXISTING,reject,"Empfindungs-Synonym — gleiche Intent-Gruppe wie die Grundform, keine eigene Seite."
Warum kopf zieht direkt nach dem Aufstehen?,kopf: schmerzt direkt nach dem aufstehen,Kopf,zieht,direkt nach dem Aufstehen,,/beschwerden/kopfschmerzen/,Kopfschmerzen,high,no,medium,low,/beschwerden/kopfschmerzen/,medium,REJECT_CANNIBALIZATION,reject,"Empfindungs-Synonym — gleiche Intent-Gruppe wie die Grundform, keine eigene Seite."
Warum kopf zieht hinter den Augen?,kopf: schmerzt hinter den augen,Kopf,zieht,hinter den Augen,,/beschwerden/kopfschmerzen/,Kopfschmerzen,high,no,medium,low,/beschwerden/kopfschmerzen/,medium,REJECT_CANNIBALIZATION,reject,"Empfindungs-Synonym — gleiche Intent-Gruppe wie die Grundform, keine eigene Seite."
Warum kopf zieht nach dem Sport?,kopf: schmerzt nach dem sport,Kopf,zieht,nach dem Sport,,/beschwerden/kopfschmerzen/,Kopfschmerzen,high,no,medium,low,/beschwerden/kopfschmerzen/,medium,REJECT_CANNIBALIZATION,reject,"Empfindungs-Synonym — gleiche Intent-Gruppe wie die Grundform, keine eigene Seite."
Warum kopf zieht nur auf einer Seite?,kopf: schmerzt nur auf einer seite,Kopf,zieht,nur auf einer Seite,,/beschwerden/kopfschmerzen/,Kopfschmerzen,high,no,medium,low,/beschwerden/kopfschmerzen/,medium,REJECT_CANNIBALIZATION,reject,"Empfindungs-Synonym — gleiche Intent-Gruppe wie die Grundform, keine eigene Seite."
Was bedeutet es wenn kopf schmerzt beim Husten?,kopf: schmerzt beim husten,Kopf,schmerzt,beim Husten,,/beschwerden/kopfschmerzen/,Kopfschmerzen,medium,no,medium,medium,/beschwerden/kopfschmerzen/,medium,MERGE_INTO_EXISTING,reject,"Frageform-Variante — gleiche Intent-Gruppe wie die Grundform, keine eigene Seite."
Was tun wenn kopf schmerzt beim Husten?,kopf: schmerzt beim husten,Kopf,schmerzt,beim Husten,,/beschwerden/kopfschmerzen/,Kopfschmerzen,medium,no,medium,medium,/beschwerden/kopfschmerzen/,medium,MERGE_INTO_EXISTING,reject,"Frageform-Variante — gleiche Intent-Gruppe wie Grundform, KEINE eigene Seite."
Was tun wenn kopf sticht beim Husten?,kopf: schmerzt beim husten,Kopf,sticht,beim Husten,,/beschwerden/kopfschmerzen/,Kopfschmerzen,medium,no,medium,medium,/beschwerden/kopfschmerzen/,medium,MERGE_INTO_EXISTING,reject,"Empfindungs-Synonym — gleiche Intent-Gruppe wie die Grundform, keine eigene Seite."
Was tun wenn kopf zieht beim Husten?,kopf: schmerzt beim husten,Kopf,zieht,beim Husten,,/beschwerden/kopfschmerzen/,Kopfschmerzen,medium,no,medium,medium,/beschwerden/kopfschmerzen/,medium,MERGE_INTO_EXISTING,reject,"Empfindungs-Synonym — gleiche Intent-Gruppe wie die Grundform, keine eigene Seite."
Warum kopfhaut kribbelt bei Stress?,kopfhaut: kribbelt bei stress,Kopfhaut,kribbelt,bei Stress,,/beschwerden/stress-burnout/,Stress & Burnout,low,no,medium,medium,/beschwerden/stress-burnout/,none,MERGE_INTO_EXISTING,reject,"Muster-Intent plausibel eigenständig; manuell prüfen. (Frageform-Variante — gleiche Intent-Gruppe, KEINE eigene Seite.)"
Warum kopfhaut kribbelt seit Tagen?,kopfhaut: kribbelt seit tagen,Kopfhaut,kribbelt,seit Tagen,,/beschwerden/stress-burnout/,Stress & Burnout,low,no,medium,medium,/beschwerden/stress-burnout/,none,MERGE_INTO_EXISTING,reject,"Muster-Intent plausibel eigenständig; manuell prüfen. (Frageform-Variante — gleiche Intent-Gruppe, KEINE eigene Seite.)"
Was bedeutet es wenn kopfhaut kribbelt bei Stress?,kopfhaut: kribbelt bei stress,Kopfhaut,kribbelt,bei Stress,,/beschwerden/stress-burnout/,Stress & Burnout,low,no,medium,medium,/beschwerden/stress-burnout/,none,MERGE_INTO_EXISTING,reject,"Frageform-Variante — gleiche Intent-Gruppe wie die Grundform, keine eigene Seite."
Was bedeutet es wenn kopfhaut kribbelt seit Tagen?,kopfhaut: kribbelt seit tagen,Kopfhaut,kribbelt,seit Tagen,,/beschwerden/stress-burnout/,Stress & Burnout,low,no,medium,medium,/beschwerden/stress-burnout/,none,MERGE_INTO_EXISTING,reject,"Frageform-Variante — gleiche Intent-Gruppe wie die Grundform, keine eigene Seite."
Was tun wenn kopfhaut kribbelt bei Stress?,kopfhaut: kribbelt bei stress,Kopfhaut,kribbelt,bei Stress,,/beschwerden/stress-burnout/,Stress & Burnout,low,no,medium,medium,/beschwerden/stress-burnout/,none,MERGE_INTO_EXISTING,reject,"Frageform-Variante — gleiche Intent-Gruppe wie Grundform, KEINE eigene Seite."
Was tun wenn kopfhaut kribbelt seit Tagen?,kopfhaut: kribbelt seit tagen,Kopfhaut,kribbelt,seit Tagen,,/beschwerden/stress-burnout/,Stress & Burnout,low,no,medium,medium,/beschwerden/stress-burnout/,none,MERGE_INTO_EXISTING,reject,"Frageform-Variante — gleiche Intent-Gruppe wie Grundform, KEINE eigene Seite."
Körper schwitzt am Kopf nachts,körper: schwitzt am kopf nachts,Körper,schwitzt,am Kopf nachts,nachts,/beschwerden/hyperhidrose/,Starkes Schwitzen (Hyperhidrose) – TCM,high,no,medium,low,/beschwerden/hyperhidrose/,high,REJECT_CANNIBALIZATION,reject,Kernintent bereits von /beschwerden/hyperhidrose/ abgedeckt; Situations-Modifier ändert den Suchintent nicht substanziell.
Körper schwitzt beim Einschlafen,körper: schwitzt beim einschlafen,Körper,schwitzt,beim Einschlafen,,/beschwerden/hyperhidrose/,Starkes Schwitzen (Hyperhidrose) – TCM,high,no,medium,low,/beschwerden/hyperhidrose/,high,REJECT_CANNIBALIZATION,reject,Kernintent bereits von /beschwerden/hyperhidrose/ abgedeckt; Situations-Modifier ändert den Suchintent nicht substanziell.
Körper schwitzt ohne Anstrengung,körper: schwitzt ohne anstrengung,Körper,schwitzt,ohne Anstrengung,,/beschwerden/hyperhidrose/,Starkes Schwitzen (Hyperhidrose) – TCM,high,no,medium,low,/beschwerden/hyperhidrose/,high,REJECT_CANNIBALIZATION,reject,Kernintent bereits von /beschwerden/hyperhidrose/ abgedeckt; Situations-Modifier ändert den Suchintent nicht substanziell.
Warum körper fröstelt ständig?,körper: fröstelt ständig,Körper,fröstelt,ständig,,/beschwerden/eisenmangel/,Eisenmangel – TCM-Begleitung,low,no,medium,medium,/beschwerden/eisenmangel/,none,MERGE_INTO_EXISTING,reject,"Muster-Intent plausibel eigenständig; manuell prüfen. (Frageform-Variante — gleiche Intent-Gruppe, KEINE eigene Seite.)"
Warum körper fröstelt trotz warmer Kleidung?,körper: fröstelt trotz warmer kleidung,Körper,fröstelt,trotz warmer Kleidung,,/beschwerden/eisenmangel/,Eisenmangel – TCM-Begleitung,low,no,medium,medium,/beschwerden/eisenmangel/,none,MERGE_INTO_EXISTING,reject,"Muster-Intent plausibel eigenständig; manuell prüfen. (Frageform-Variante — gleiche Intent-Gruppe, KEINE eigene Seite.)"
Warum körper schwitzt am Kopf nachts?,körper: schwitzt am kopf nachts,Körper,schwitzt,am Kopf nachts,nachts,/beschwerden/hyperhidrose/,Starkes Schwitzen (Hyperhidrose) – TCM,high,no,medium,low,/beschwerden/hyperhidrose/,high,REJECT_CANNIBALIZATION,reject,Kernintent bereits von /beschwerden/hyperhidrose/ abgedeckt; Situations-Modifier ändert den Suchintent nicht substanziell.
Warum körper schwitzt beim Einschlafen?,körper: schwitzt beim einschlafen,Körper,schwitzt,beim Einschlafen,,/beschwerden/hyperhidrose/,Starkes Schwitzen (Hyperhidrose) – TCM,high,no,medium,low,/beschwerden/hyperhidrose/,high,REJECT_CANNIBALIZATION,reject,Kernintent bereits von /beschwerden/hyperhidrose/ abgedeckt; Situations-Modifier ändert den Suchintent nicht substanziell.
Warum körper schwitzt nachts stark?,körper: schwitzt nachts stark,Körper,schwitzt,nachts stark,nachts,/beschwerden/hyperhidrose/,Starkes Schwitzen (Hyperhidrose) – TCM,high,no,medium,low,/beschwerden/hyperhidrose/,high,REJECT_CANNIBALIZATION,reject,Kernintent bereits von /beschwerden/hyperhidrose/ abgedeckt; Situations-Modifier ändert den Suchintent nicht substanziell.
Warum körper schwitzt ohne Anstrengung?,körper: schwitzt ohne anstrengung,Körper,schwitzt,ohne Anstrengung,,/beschwerden/hyperhidrose/,Starkes Schwitzen (Hyperhidrose) – TCM,high,no,medium,low,/beschwerden/hyperhidrose/,high,REJECT_CANNIBALIZATION,reject,Kernintent bereits von /beschwerden/hyperhidrose/ abgedeckt; Situations-Modifier ändert den Suchintent nicht substanziell.
Warum körper zuckt am ganzen Körper?,körper: zuckt am ganzen körper,Körper,zuckt,am ganzen Körper,,/beschwerden/stress-burnout/,Stress & Burnout,low,no,medium,medium,/beschwerden/stress-burnout/,medium,MERGE_INTO_EXISTING,reject,"Muster-Intent plausibel eigenständig; manuell prüfen. (Frageform-Variante — gleiche Intent-Gruppe, KEINE eigene Seite.)"
Warum körper zuckt beim Einschlafen?,körper: zuckt beim einschlafen,Körper,zuckt,beim Einschlafen,,/beschwerden/stress-burnout/,Stress & Burnout,low,no,medium,medium,/beschwerden/stress-burnout/,medium,MERGE_INTO_EXISTING,reject,"Muster-Intent plausibel eigenständig; manuell prüfen. (Frageform-Variante — gleiche Intent-Gruppe, KEINE eigene Seite.)"
Warum körper zuckt in einzelnen Muskeln?,körper: zuckt in einzelnen muskeln,Körper,zuckt,in einzelnen Muskeln,,/beschwerden/stress-burnout/,Stress & Burnout,low,no,medium,medium,/beschwerden/stress-burnout/,medium,MERGE_INTO_EXISTING,reject,"Muster-Intent plausibel eigenständig; manuell prüfen. (Frageform-Variante — gleiche Intent-Gruppe, KEINE eigene Seite.)"
Was bedeutet es wenn körper fröstelt ständig?,körper: fröstelt ständig,Körper,fröstelt,ständig,,/beschwerden/eisenmangel/,Eisenmangel – TCM-Begleitung,low,no,medium,medium,/beschwerden/eisenmangel/,none,MERGE_INTO_EXISTING,reject,"Frageform-Variante — gleiche Intent-Gruppe wie die Grundform, keine eigene Seite."
Was bedeutet es wenn körper fröstelt trotz warmer Kleidung?,körper: fröstelt trotz warmer kleidung,Körper,fröstelt,trotz warmer Kleidung,,/beschwerden/eisenmangel/,Eisenmangel – TCM-Begleitung,low,no,medium,medium,/beschwerden/eisenmangel/,none,MERGE_INTO_EXISTING,reject,"Frageform-Variante — gleiche Intent-Gruppe wie die Grundform, keine eigene Seite."
Was bedeutet es wenn körper zuckt am ganzen Körper?,körper: zuckt am ganzen körper,Körper,zuckt,am ganzen Körper,,/beschwerden/stress-burnout/,Stress & Burnout,low,no,medium,medium,/beschwerden/stress-burnout/,medium,MERGE_INTO_EXISTING,reject,"Frageform-Variante — gleiche Intent-Gruppe wie die Grundform, keine eigene Seite."
Was bedeutet es wenn körper zuckt beim Einschlafen?,körper: zuckt beim einschlafen,Körper,zuckt,beim Einschlafen,,/beschwerden/stress-burnout/,Stress & Burnout,low,no,medium,medium,/beschwerden/stress-burnout/,medium,MERGE_INTO_EXISTING,reject,"Frageform-Variante — gleiche Intent-Gruppe wie die Grundform, keine eigene Seite."
Was bedeutet es wenn körper zuckt in einzelnen Muskeln?,körper: zuckt in einzelnen muskeln,Körper,zuckt,in einzelnen Muskeln,,/beschwerden/stress-burnout/,Stress & Burnout,low,no,medium,medium,/beschwerden/stress-burnout/,medium,MERGE_INTO_EXISTING,reject,"Frageform-Variante — gleiche Intent-Gruppe wie die Grundform, keine eigene Seite."
Was tun wenn körper fröstelt ständig?,körper: fröstelt ständig,Körper,fröstelt,ständig,,/beschwerden/eisenmangel/,Eisenmangel – TCM-Begleitung,low,no,medium,medium,/beschwerden/eisenmangel/,none,MERGE_INTO_EXISTING,reject,"Frageform-Variante — gleiche Intent-Gruppe wie Grundform, KEINE eigene Seite."
Was tun wenn körper fröstelt trotz warmer Kleidung?,körper: fröstelt trotz warmer kleidung,Körper,fröstelt,trotz warmer Kleidung,,/beschwerden/eisenmangel/,Eisenmangel – TCM-Begleitung,low,no,medium,medium,/beschwerden/eisenmangel/,none,MERGE_INTO_EXISTING,reject,"Frageform-Variante — gleiche Intent-Gruppe wie Grundform, KEINE eigene Seite."
Was tun wenn körper zuckt am ganzen Körper?,körper: zuckt am ganzen körper,Körper,zuckt,am ganzen Körper,,/beschwerden/stress-burnout/,Stress & Burnout,low,no,medium,medium,/beschwerden/stress-burnout/,medium,MERGE_INTO_EXISTING,reject,"Frageform-Variante — gleiche Intent-Gruppe wie Grundform, KEINE eigene Seite."
Was tun wenn körper zuckt beim Einschlafen?,körper: zuckt beim einschlafen,Körper,zuckt,beim Einschlafen,,/beschwerden/stress-burnout/,Stress & Burnout,low,no,medium,medium,/beschwerden/stress-burnout/,medium,MERGE_INTO_EXISTING,reject,"Frageform-Variante — gleiche Intent-Gruppe wie Grundform, KEINE eigene Seite."
Was tun wenn körper zuckt in einzelnen Muskeln?,körper: zuckt in einzelnen muskeln,Körper,zuckt,in einzelnen Muskeln,,/beschwerden/stress-burnout/,Stress & Burnout,low,no,medium,medium,/beschwerden/stress-burnout/,medium,MERGE_INTO_EXISTING,reject,"Frageform-Variante — gleiche Intent-Gruppe wie Grundform, KEINE eigene Seite."
Warum leiste zieht beim Gehen?,leiste: zieht beim gehen,Leiste,zieht,beim Gehen,,/beschwerden/hueftschmerzen/,Hüftschmerzen,medium,no,medium,medium,/beschwerden/hueftschmerzen/,medium,MERGE_INTO_EXISTING,reject,"Frageform-Variante — gleiche Intent-Gruppe wie die Grundform, keine eigene Seite."
Warum leiste zieht beim Heben des Beins?,leiste: zieht beim heben des beins,Leiste,zieht,beim Heben des Beins,,/beschwerden/hueftschmerzen/,Hüftschmerzen,medium,no,medium,medium,/beschwerden/hueftschmerzen/,medium,MERGE_INTO_EXISTING,reject,"Frageform-Variante — gleiche Intent-Gruppe wie die Grundform, keine eigene Seite."
Warum leiste zieht beim Husten?,leiste: zieht beim husten,Leiste,zieht,beim Husten,,/beschwerden/hueftschmerzen/,Hüftschmerzen,medium,no,medium,medium,/beschwerden/hueftschmerzen/,medium,MERGE_INTO_EXISTING,reject,"Frageform-Variante — gleiche Intent-Gruppe wie die Grundform, keine eigene Seite."
Was bedeutet es wenn leiste zieht beim Gehen?,leiste: zieht beim gehen,Leiste,zieht,beim Gehen,,/beschwerden/hueftschmerzen/,Hüftschmerzen,medium,no,medium,medium,/beschwerden/hueftschmerzen/,medium,MERGE_INTO_EXISTING,reject,"Frageform-Variante — gleiche Intent-Gruppe wie die Grundform, keine eigene Seite."
Was bedeutet es wenn leiste zieht beim Heben des Beins?,leiste: zieht beim heben des beins,Leiste,zieht,beim Heben des Beins,,/beschwerden/hueftschmerzen/,Hüftschmerzen,medium,no,medium,medium,/beschwerden/hueftschmerzen/,medium,MERGE_INTO_EXISTING,reject,"Frageform-Variante — gleiche Intent-Gruppe wie die Grundform, keine eigene Seite."
Was bedeutet es wenn leiste zieht beim Husten?,leiste: zieht beim husten,Leiste,zieht,beim Husten,,/beschwerden/hueftschmerzen/,Hüftschmerzen,medium,no,medium,medium,/beschwerden/hueftschmerzen/,medium,MERGE_INTO_EXISTING,reject,"Frageform-Variante — gleiche Intent-Gruppe wie die Grundform, keine eigene Seite."
Was tun wenn leiste zieht beim Gehen?,leiste: zieht beim gehen,Leiste,zieht,beim Gehen,,/beschwerden/hueftschmerzen/,Hüftschmerzen,medium,no,medium,medium,/beschwerden/hueftschmerzen/,medium,MERGE_INTO_EXISTING,reject,"Frageform-Variante — gleiche Intent-Gruppe wie die Grundform, keine eigene Seite."
Was tun wenn leiste zieht beim Heben des Beins?,leiste: zieht beim heben des beins,Leiste,zieht,beim Heben des Beins,,/beschwerden/hueftschmerzen/,Hüftschmerzen,medium,no,medium,medium,/beschwerden/hueftschmerzen/,medium,MERGE_INTO_EXISTING,reject,"Frageform-Variante — gleiche Intent-Gruppe wie die Grundform, keine eigene Seite."
Was tun wenn leiste zieht beim Husten?,leiste: zieht beim husten,Leiste,zieht,beim Husten,,/beschwerden/hueftschmerzen/,Hüftschmerzen,medium,no,medium,medium,/beschwerden/hueftschmerzen/,medium,MERGE_INTO_EXISTING,reject,"Frageform-Variante — gleiche Intent-Gruppe wie die Grundform, keine eigene Seite."
Lippen kribbeln bei Stress,lippen: kribbeln bei stress,Lippen,kribbeln,bei Stress,,/beschwerden/lippenherpes/,Lippenherpes,high,no,medium,low,/beschwerden/lippenherpes/,none,REJECT_CANNIBALIZATION,reject,Kernintent bereits von /beschwerden/lippenherpes/ abgedeckt.
Lippen kribbeln immer wieder an derselben Stelle,lippen: kribbeln immer wieder an derselben stelle,Lippen,kribbeln,immer wieder an derselben Stelle,,/beschwerden/lippenherpes/,Lippenherpes,high,no,medium,low,/beschwerden/lippenherpes/,none,REJECT_CANNIBALIZATION,reject,Kernintent bereits von /beschwerden/lippenherpes/ abgedeckt.
Lippen kribbeln vor einem Bläschen,lippen: kribbeln vor einem bläschen,Lippen,kribbeln,vor einem Bläschen,,/beschwerden/lippenherpes/,Lippenherpes,high,no,medium,low,/beschwerden/lippenherpes/,none,REJECT_CANNIBALIZATION,reject,Kernintent bereits von /beschwerden/lippenherpes/ abgedeckt.
Magen brennt nach Kaffee,magen: brennt nach kaffee,Magen,brennt,nach Kaffee,,/beschwerden/sodbrennen/,Sodbrennen & Reflux,high,no,medium,low,/beschwerden/sodbrennen/,none,REJECT_CANNIBALIZATION,reject,Kernintent bereits von /beschwerden/sodbrennen/ abgedeckt; Situations-Modifier ändert den Suchintent nicht substanziell.
Magen brennt nach dem Essen,magen: brennt nach dem essen,Magen,brennt,nach dem Essen,,/beschwerden/sodbrennen/,Sodbrennen & Reflux,high,no,medium,low,/beschwerden/sodbrennen/,none,REJECT_CANNIBALIZATION,reject,Kernintent bereits von /beschwerden/sodbrennen/ abgedeckt; Situations-Modifier ändert den Suchintent nicht substanziell.
Magen brennt nachts im Liegen,magen: brennt nachts im liegen,Magen,brennt,nachts im Liegen,nachts,/beschwerden/sodbrennen/,Sodbrennen & Reflux,high,no,medium,low,/beschwerden/sodbrennen/,none,REJECT_CANNIBALIZATION,reject,Kernintent bereits von /beschwerden/sodbrennen/ abgedeckt; Situations-Modifier ändert den Suchintent nicht substanziell.
Warum magen brennt nach Kaffee?,magen: brennt nach kaffee,Magen,brennt,nach Kaffee,,/beschwerden/sodbrennen/,Sodbrennen & Reflux,high,no,medium,low,/beschwerden/sodbrennen/,none,REJECT_CANNIBALIZATION,reject,Kernintent bereits von /beschwerden/sodbrennen/ abgedeckt; Situations-Modifier ändert den Suchintent nicht substanziell.
Warum magen brennt nach dem Essen?,magen: brennt nach dem essen,Magen,brennt,nach dem Essen,,/beschwerden/sodbrennen/,Sodbrennen & Reflux,high,no,medium,low,/beschwerden/sodbrennen/,none,REJECT_CANNIBALIZATION,reject,Kernintent bereits von /beschwerden/sodbrennen/ abgedeckt; Situations-Modifier ändert den Suchintent nicht substanziell.
Warum magen brennt nachts im Liegen?,magen: brennt nachts im liegen,Magen,brennt,nachts im Liegen,nachts,/beschwerden/sodbrennen/,Sodbrennen & Reflux,high,no,medium,low,/beschwerden/sodbrennen/,none,REJECT_CANNIBALIZATION,reject,Kernintent bereits von /beschwerden/sodbrennen/ abgedeckt; Situations-Modifier ändert den Suchintent nicht substanziell.
Warum jeden Tag wie gerädert aufwachen?,morgen: wie gerädert aufwachen jeden tag,Morgen,wie gerädert aufwachen,jeden Tag,,/beschwerden/erschoepfung/,Erschöpfung,high,no,medium,low,/beschwerden/erschoepfung/,none,REJECT_CANNIBALIZATION,reject,Kernintent bereits von /beschwerden/erschoepfung/ abgedeckt; Situations-Modifier ändert den Suchintent nicht substanziell.
Warum trotz 8 Stunden Schlaf wie gerädert aufwachen?,morgen: wie gerädert aufwachen trotz 8 stunden schlaf,Morgen,wie gerädert aufwachen,trotz 8 Stunden Schlaf,,/beschwerden/erschoepfung/,Erschöpfung,high,no,medium,low,/beschwerden/erschoepfung/,none,REJECT_CANNIBALIZATION,reject,Kernintent bereits von /beschwerden/erschoepfung/ abgedeckt; Situations-Modifier ändert den Suchintent nicht substanziell.
jeden Tag wie gerädert aufwachen,morgen: wie gerädert aufwachen jeden tag,Morgen,wie gerädert aufwachen,jeden Tag,,/beschwerden/erschoepfung/,Erschöpfung,high,no,medium,low,/beschwerden/erschoepfung/,none,REJECT_CANNIBALIZATION,reject,Kernintent bereits von /beschwerden/erschoepfung/ abgedeckt; Situations-Modifier ändert den Suchintent nicht substanziell.
trotz 8 Stunden Schlaf wie gerädert aufwachen,morgen: wie gerädert aufwachen trotz 8 stunden schlaf,Morgen,wie gerädert aufwachen,trotz 8 Stunden Schlaf,,/beschwerden/erschoepfung/,Erschöpfung,high,no,medium,low,/beschwerden/erschoepfung/,none,REJECT_CANNIBALIZATION,reject,Kernintent bereits von /beschwerden/erschoepfung/ abgedeckt; Situations-Modifier ändert den Suchintent nicht substanziell.
Warum mund ist trocken morgens?,mund: ist trocken morgens,Mund,ist trocken,morgens,morgens,/beschwerden/schlafprobleme/,Schlafprobleme,low,no,medium,medium,/beschwerden/schlafprobleme/,none,MERGE_INTO_EXISTING,reject,"Muster-Intent plausibel eigenständig; manuell prüfen. (Frageform-Variante — gleiche Intent-Gruppe, KEINE eigene Seite.)"
Warum mund ist trocken nachts?,mund: ist trocken nachts,Mund,ist trocken,nachts,nachts,/beschwerden/schlafprobleme/,Schlafprobleme,low,no,medium,medium,/beschwerden/schlafprobleme/,none,MERGE_INTO_EXISTING,reject,"Muster-Intent plausibel eigenständig; manuell prüfen. (Frageform-Variante — gleiche Intent-Gruppe, KEINE eigene Seite.)"
Warum mund ist trocken trotz Trinken?,mund: ist trocken trotz trinken,Mund,ist trocken,trotz Trinken,,/beschwerden/schlafprobleme/,Schlafprobleme,low,no,medium,medium,/beschwerden/schlafprobleme/,none,MERGE_INTO_EXISTING,reject,"Muster-Intent plausibel eigenständig; manuell prüfen. (Frageform-Variante — gleiche Intent-Gruppe, KEINE eigene Seite.)"
Was bedeutet es wenn mund ist trocken morgens?,mund: ist trocken morgens,Mund,ist trocken,morgens,morgens,/beschwerden/schlafprobleme/,Schlafprobleme,low,no,medium,medium,/beschwerden/schlafprobleme/,none,MERGE_INTO_EXISTING,reject,"Frageform-Variante — gleiche Intent-Gruppe wie die Grundform, keine eigene Seite."
Was bedeutet es wenn mund ist trocken nachts?,mund: ist trocken nachts,Mund,ist trocken,nachts,nachts,/beschwerden/schlafprobleme/,Schlafprobleme,low,no,medium,medium,/beschwerden/schlafprobleme/,none,MERGE_INTO_EXISTING,reject,"Frageform-Variante — gleiche Intent-Gruppe wie die Grundform, keine eigene Seite."
Was bedeutet es wenn mund ist trocken trotz Trinken?,mund: ist trocken trotz trinken,Mund,ist trocken,trotz Trinken,,/beschwerden/schlafprobleme/,Schlafprobleme,low,no,medium,medium,/beschwerden/schlafprobleme/,none,MERGE_INTO_EXISTING,reject,"Frageform-Variante — gleiche Intent-Gruppe wie die Grundform, keine eigene Seite."
Was tun wenn mund ist trocken morgens?,mund: ist trocken morgens,Mund,ist trocken,morgens,morgens,/beschwerden/schlafprobleme/,Schlafprobleme,low,no,medium,medium,/beschwerden/schlafprobleme/,none,MERGE_INTO_EXISTING,reject,"Frageform-Variante — gleiche Intent-Gruppe wie Grundform, KEINE eigene Seite."
Was tun wenn mund ist trocken nachts?,mund: ist trocken nachts,Mund,ist trocken,nachts,nachts,/beschwerden/schlafprobleme/,Schlafprobleme,low,no,medium,medium,/beschwerden/schlafprobleme/,none,MERGE_INTO_EXISTING,reject,"Frageform-Variante — gleiche Intent-Gruppe wie Grundform, KEINE eigene Seite."
Was tun wenn mund ist trocken trotz Trinken?,mund: ist trocken trotz trinken,Mund,ist trocken,trotz Trinken,,/beschwerden/schlafprobleme/,Schlafprobleme,low,no,medium,medium,/beschwerden/schlafprobleme/,none,MERGE_INTO_EXISTING,reject,"Frageform-Variante — gleiche Intent-Gruppe wie Grundform, KEINE eigene Seite."
Nacken ist blockiert nach Zugluft,nacken: ist blockiert nach zugluft,Nacken,ist blockiert,nach Zugluft,,/beschwerden/nackenschmerzen/,Nackenschmerzen,high,no,medium,low,/beschwerden/nackenschmerzen/,none,REJECT_CANNIBALIZATION,reject,Kernintent bereits von /beschwerden/nackenschmerzen/ abgedeckt; Situations-Modifier ändert den Suchintent nicht substanziell.
Nacken ist blockiert nach dem Aufwachen,nacken: ist blockiert nach dem aufwachen,Nacken,ist blockiert,nach dem Aufwachen,,/beschwerden/nackenschmerzen/,Nackenschmerzen,high,no,medium,low,/beschwerden/nackenschmerzen/,none,REJECT_CANNIBALIZATION,reject,Kernintent bereits von /beschwerden/nackenschmerzen/ abgedeckt; Situations-Modifier ändert den Suchintent nicht substanziell.
Nacken ist blockiert plötzlich,nacken: ist blockiert plötzlich,Nacken,ist blockiert,plötzlich,,/beschwerden/nackenschmerzen/,Nackenschmerzen,high,no,medium,low,/beschwerden/nackenschmerzen/,none,REJECT_CANNIBALIZATION,reject,Kernintent bereits von /beschwerden/nackenschmerzen/ abgedeckt; Situations-Modifier ändert den Suchintent nicht substanziell.
Nacken schmerzt beim Autofahren über die Schulter,nacken: schmerzt beim autofahren über die schulter,Nacken,schmerzt,beim Autofahren über die Schulter,,/beschwerden/nackenschmerzen/,Nackenschmerzen,high,no,medium,low,/beschwerden/nackenschmerzen/,none,REJECT_CANNIBALIZATION,reject,Kernintent bereits von /beschwerden/nackenschmerzen/ abgedeckt; Situations-Modifier ändert den Suchintent nicht substanziell.
Nacken schmerzt beim Blick nach unten aufs Handy,nacken: schmerzt beim blick nach unten aufs handy,Nacken,schmerzt,beim Blick nach unten aufs Handy,,/beschwerden/nackenschmerzen/,Nackenschmerzen,high,no,medium,low,/beschwerden/nackenschmerzen/,none,REJECT_CANNIBALIZATION,reject,Kernintent bereits von /beschwerden/nackenschmerzen/ abgedeckt; Situations-Modifier ändert den Suchintent nicht substanziell.
Nacken schmerzt beim Drehen nach links,nacken: schmerzt beim drehen nach links,Nacken,schmerzt,beim Drehen nach links,,/beschwerden/nackenschmerzen/,Nackenschmerzen,high,no,medium,low,/beschwerden/nackenschmerzen/,none,REJECT_CANNIBALIZATION,reject,Kernintent bereits von /beschwerden/nackenschmerzen/ abgedeckt; Situations-Modifier ändert den Suchintent nicht substanziell.
Nacken schmerzt beim Zurücklegen des Kopfes,nacken: schmerzt beim zurücklegen des kopfes,Nacken,schmerzt,beim Zurücklegen des Kopfes,,/beschwerden/nackenschmerzen/,Nackenschmerzen,high,no,medium,low,/beschwerden/nackenschmerzen/,none,REJECT_CANNIBALIZATION,reject,Kernintent bereits von /beschwerden/nackenschmerzen/ abgedeckt; Situations-Modifier ändert den Suchintent nicht substanziell.
Nacken schmerzt morgens nach dem Schlafen,nacken: schmerzt morgens nach dem schlafen,Nacken,schmerzt,morgens nach dem Schlafen,morgens,/beschwerden/nackenschmerzen/,Nackenschmerzen,high,no,medium,low,/beschwerden/nackenschmerzen/,none,REJECT_CANNIBALIZATION,reject,Kernintent bereits von /beschwerden/nackenschmerzen/ abgedeckt; Situations-Modifier ändert den Suchintent nicht substanziell.
Nacken schmerzt nur auf einer Seite,nacken: schmerzt nur auf einer seite,Nacken,schmerzt,nur auf einer Seite,,/beschwerden/nackenschmerzen/,Nackenschmerzen,high,no,medium,low,/beschwerden/nackenschmerzen/,none,REJECT_CANNIBALIZATION,reject,Kernintent bereits von /beschwerden/nackenschmerzen/ abgedeckt; Situations-Modifier ändert den Suchintent nicht substanziell.
Nacken sticht beim Autofahren über die Schulter,nacken: schmerzt beim autofahren über die schulter,Nacken,sticht,beim Autofahren über die Schulter,,/beschwerden/nackenschmerzen/,Nackenschmerzen,high,no,medium,low,/beschwerden/nackenschmerzen/,none,REJECT_CANNIBALIZATION,reject,"Empfindungs-Synonym — gleiche Intent-Gruppe wie die Grundform, keine eigene Seite."
Nacken sticht beim Blick nach unten aufs Handy,nacken: schmerzt beim blick nach unten aufs handy,Nacken,sticht,beim Blick nach unten aufs Handy,,/beschwerden/nackenschmerzen/,Nackenschmerzen,high,no,medium,low,/beschwerden/nackenschmerzen/,none,REJECT_CANNIBALIZATION,reject,"Empfindungs-Synonym — gleiche Intent-Gruppe wie die Grundform, keine eigene Seite."
Nacken sticht beim Drehen nach links,nacken: schmerzt beim drehen nach links,Nacken,sticht,beim Drehen nach links,,/beschwerden/nackenschmerzen/,Nackenschmerzen,high,no,medium,low,/beschwerden/nackenschmerzen/,none,REJECT_CANNIBALIZATION,reject,"Empfindungs-Synonym — gleiche Intent-Gruppe wie die Grundform, keine eigene Seite."
Nacken sticht beim Drehen nach rechts,nacken: schmerzt beim drehen nach rechts,Nacken,sticht,beim Drehen nach rechts,,/beschwerden/nackenschmerzen/,Nackenschmerzen,high,no,medium,low,/beschwerden/nackenschmerzen/,none,REJECT_CANNIBALIZATION,reject,"Empfindungs-Synonym — gleiche Intent-Gruppe wie die Grundform, keine eigene Seite."
Nacken sticht beim Zurücklegen des Kopfes,nacken: schmerzt beim zurücklegen des kopfes,Nacken,sticht,beim Zurücklegen des Kopfes,,/beschwerden/nackenschmerzen/,Nackenschmerzen,high,no,medium,low,/beschwerden/nackenschmerzen/,none,REJECT_CANNIBALIZATION,reject,"Empfindungs-Synonym — gleiche Intent-Gruppe wie die Grundform, keine eigene Seite."
Nacken sticht morgens nach dem Schlafen,nacken: schmerzt morgens nach dem schlafen,Nacken,sticht,morgens nach dem Schlafen,morgens,/beschwerden/nackenschmerzen/,Nackenschmerzen,high,no,medium,low,/beschwerden/nackenschmerzen/,none,REJECT_CANNIBALIZATION,reject,"Empfindungs-Synonym — gleiche Intent-Gruppe wie die Grundform, keine eigene Seite."
Nacken sticht nur auf einer Seite,nacken: schmerzt nur auf einer seite,Nacken,sticht,nur auf einer Seite,,/beschwerden/nackenschmerzen/,Nackenschmerzen,high,no,medium,low,/beschwerden/nackenschmerzen/,none,REJECT_CANNIBALIZATION,reject,"Empfindungs-Synonym — gleiche Intent-Gruppe wie die Grundform, keine eigene Seite."
Nacken zieht beim Autofahren über die Schulter,nacken: schmerzt beim autofahren über die schulter,Nacken,zieht,beim Autofahren über die Schulter,,/beschwerden/nackenschmerzen/,Nackenschmerzen,high,no,medium,low,/beschwerden/nackenschmerzen/,none,REJECT_CANNIBALIZATION,reject,"Empfindungs-Synonym — gleiche Intent-Gruppe wie die Grundform, keine eigene Seite."
Nacken zieht beim Blick nach unten aufs Handy,nacken: schmerzt beim blick nach unten aufs handy,Nacken,zieht,beim Blick nach unten aufs Handy,,/beschwerden/nackenschmerzen/,Nackenschmerzen,high,no,medium,low,/beschwerden/nackenschmerzen/,none,REJECT_CANNIBALIZATION,reject,"Empfindungs-Synonym — gleiche Intent-Gruppe wie die Grundform, keine eigene Seite."
Nacken zieht beim Drehen nach links,nacken: schmerzt beim drehen nach links,Nacken,zieht,beim Drehen nach links,,/beschwerden/nackenschmerzen/,Nackenschmerzen,high,no,medium,low,/beschwerden/nackenschmerzen/,none,REJECT_CANNIBALIZATION,reject,"Empfindungs-Synonym — gleiche Intent-Gruppe wie die Grundform, keine eigene Seite."
Nacken zieht beim Drehen nach rechts,nacken: schmerzt beim drehen nach rechts,Nacken,zieht,beim Drehen nach rechts,,/beschwerden/nackenschmerzen/,Nackenschmerzen,high,no,medium,low,/beschwerden/nackenschmerzen/,none,REJECT_CANNIBALIZATION,reject,"Empfindungs-Synonym — gleiche Intent-Gruppe wie die Grundform, keine eigene Seite."
Nacken zieht beim Zurücklegen des Kopfes,nacken: schmerzt beim zurücklegen des kopfes,Nacken,zieht,beim Zurücklegen des Kopfes,,/beschwerden/nackenschmerzen/,Nackenschmerzen,high,no,medium,low,/beschwerden/nackenschmerzen/,none,REJECT_CANNIBALIZATION,reject,"Empfindungs-Synonym — gleiche Intent-Gruppe wie die Grundform, keine eigene Seite."
Nacken zieht morgens nach dem Schlafen,nacken: schmerzt morgens nach dem schlafen,Nacken,zieht,morgens nach dem Schlafen,morgens,/beschwerden/nackenschmerzen/,Nackenschmerzen,high,no,medium,low,/beschwerden/nackenschmerzen/,none,REJECT_CANNIBALIZATION,reject,"Empfindungs-Synonym — gleiche Intent-Gruppe wie die Grundform, keine eigene Seite."
Nacken zieht nur auf einer Seite,nacken: schmerzt nur auf einer seite,Nacken,zieht,nur auf einer Seite,,/beschwerden/nackenschmerzen/,Nackenschmerzen,high,no,medium,low,/beschwerden/nackenschmerzen/,none,REJECT_CANNIBALIZATION,reject,"Empfindungs-Synonym — gleiche Intent-Gruppe wie die Grundform, keine eigene Seite."
Warum nacken ist blockiert nach Zugluft?,nacken: ist blockiert nach zugluft,Nacken,ist blockiert,nach Zugluft,,/beschwerden/nackenschmerzen/,Nackenschmerzen,high,no,medium,low,/beschwerden/nackenschmerzen/,none,REJECT_CANNIBALIZATION,reject,Kernintent bereits von /beschwerden/nackenschmerzen/ abgedeckt; Situations-Modifier ändert den Suchintent nicht substanziell.
Warum nacken ist blockiert nach dem Aufwachen?,nacken: ist blockiert nach dem aufwachen,Nacken,ist blockiert,nach dem Aufwachen,,/beschwerden/nackenschmerzen/,Nackenschmerzen,high,no,medium,low,/beschwerden/nackenschmerzen/,none,REJECT_CANNIBALIZATION,reject,Kernintent bereits von /beschwerden/nackenschmerzen/ abgedeckt; Situations-Modifier ändert den Suchintent nicht substanziell.
Warum nacken ist blockiert plötzlich?,nacken: ist blockiert plötzlich,Nacken,ist blockiert,plötzlich,,/beschwerden/nackenschmerzen/,Nackenschmerzen,high,no,medium,low,/beschwerden/nackenschmerzen/,none,REJECT_CANNIBALIZATION,reject,Kernintent bereits von /beschwerden/nackenschmerzen/ abgedeckt; Situations-Modifier ändert den Suchintent nicht substanziell.
Warum nacken knirscht bei jeder Bewegung?,nacken: knirscht bei jeder bewegung,Nacken,knirscht,bei jeder Bewegung,,/beschwerden/nackenschmerzen/,Nackenschmerzen,low,no,medium,medium,/beschwerden/nackenschmerzen/,none,MERGE_INTO_EXISTING,reject,"Muster-Intent plausibel eigenständig; manuell prüfen. (Frageform-Variante — gleiche Intent-Gruppe, KEINE eigene Seite.)"
Warum nacken knirscht beim Drehen des Kopfes?,nacken: knirscht beim drehen des kopfes,Nacken,knirscht,beim Drehen des Kopfes,,/beschwerden/nackenschmerzen/,Nackenschmerzen,low,no,medium,medium,/beschwerden/nackenschmerzen/,none,MERGE_INTO_EXISTING,reject,"Muster-Intent plausibel eigenständig; manuell prüfen. (Frageform-Variante — gleiche Intent-Gruppe, KEINE eigene Seite.)"
Warum nacken schmerzt beim Autofahren über die Schulter?,nacken: schmerzt beim autofahren über die schulter,Nacken,schmerzt,beim Autofahren über die Schulter,,/beschwerden/nackenschmerzen/,Nackenschmerzen,high,no,medium,low,/beschwerden/nackenschmerzen/,none,REJECT_CANNIBALIZATION,reject,Kernintent bereits von /beschwerden/nackenschmerzen/ abgedeckt; Situations-Modifier ändert den Suchintent nicht substanziell.
Warum nacken schmerzt beim Blick nach unten aufs Handy?,nacken: schmerzt beim blick nach unten aufs handy,Nacken,schmerzt,beim Blick nach unten aufs Handy,,/beschwerden/nackenschmerzen/,Nackenschmerzen,high,no,medium,low,/beschwerden/nackenschmerzen/,none,REJECT_CANNIBALIZATION,reject,Kernintent bereits von /beschwerden/nackenschmerzen/ abgedeckt; Situations-Modifier ändert den Suchintent nicht substanziell.
Warum nacken schmerzt beim Drehen nach links?,nacken: schmerzt beim drehen nach links,Nacken,schmerzt,beim Drehen nach links,,/beschwerden/nackenschmerzen/,Nackenschmerzen,high,no,medium,low,/beschwerden/nackenschmerzen/,none,REJECT_CANNIBALIZATION,reject,Kernintent bereits von /beschwerden/nackenschmerzen/ abgedeckt; Situations-Modifier ändert den Suchintent nicht substanziell.
Warum nacken schmerzt beim Drehen nach rechts?,nacken: schmerzt beim drehen nach rechts,Nacken,schmerzt,beim Drehen nach rechts,,/beschwerden/nackenschmerzen/,Nackenschmerzen,high,no,medium,low,/beschwerden/nackenschmerzen/,none,REJECT_CANNIBALIZATION,reject,Kernintent bereits von /beschwerden/nackenschmerzen/ abgedeckt; Situations-Modifier ändert den Suchintent nicht substanziell.
Warum nacken schmerzt beim Zurücklegen des Kopfes?,nacken: schmerzt beim zurücklegen des kopfes,Nacken,schmerzt,beim Zurücklegen des Kopfes,,/beschwerden/nackenschmerzen/,Nackenschmerzen,high,no,medium,low,/beschwerden/nackenschmerzen/,none,REJECT_CANNIBALIZATION,reject,Kernintent bereits von /beschwerden/nackenschmerzen/ abgedeckt; Situations-Modifier ändert den Suchintent nicht substanziell.
Warum nacken schmerzt morgens nach dem Schlafen?,nacken: schmerzt morgens nach dem schlafen,Nacken,schmerzt,morgens nach dem Schlafen,morgens,/beschwerden/nackenschmerzen/,Nackenschmerzen,high,no,medium,low,/beschwerden/nackenschmerzen/,none,REJECT_CANNIBALIZATION,reject,Kernintent bereits von /beschwerden/nackenschmerzen/ abgedeckt; Situations-Modifier ändert den Suchintent nicht substanziell.
Warum nacken schmerzt nur auf einer Seite?,nacken: schmerzt nur auf einer seite,Nacken,schmerzt,nur auf einer Seite,,/beschwerden/nackenschmerzen/,Nackenschmerzen,high,no,medium,low,/beschwerden/nackenschmerzen/,none,REJECT_CANNIBALIZATION,reject,Kernintent bereits von /beschwerden/nackenschmerzen/ abgedeckt; Situations-Modifier ändert den Suchintent nicht substanziell.
Warum nacken sticht beim Autofahren über die Schulter?,nacken: schmerzt beim autofahren über die schulter,Nacken,sticht,beim Autofahren über die Schulter,,/beschwerden/nackenschmerzen/,Nackenschmerzen,high,no,medium,low,/beschwerden/nackenschmerzen/,none,REJECT_CANNIBALIZATION,reject,"Empfindungs-Synonym — gleiche Intent-Gruppe wie die Grundform, keine eigene Seite."
Warum nacken sticht beim Blick nach unten aufs Handy?,nacken: schmerzt beim blick nach unten aufs handy,Nacken,sticht,beim Blick nach unten aufs Handy,,/beschwerden/nackenschmerzen/,Nackenschmerzen,high,no,medium,low,/beschwerden/nackenschmerzen/,none,REJECT_CANNIBALIZATION,reject,"Empfindungs-Synonym — gleiche Intent-Gruppe wie die Grundform, keine eigene Seite."
Warum nacken sticht beim Drehen nach links?,nacken: schmerzt beim drehen nach links,Nacken,sticht,beim Drehen nach links,,/beschwerden/nackenschmerzen/,Nackenschmerzen,high,no,medium,low,/beschwerden/nackenschmerzen/,none,REJECT_CANNIBALIZATION,reject,"Empfindungs-Synonym — gleiche Intent-Gruppe wie die Grundform, keine eigene Seite."
Warum nacken sticht beim Drehen nach rechts?,nacken: schmerzt beim drehen nach rechts,Nacken,sticht,beim Drehen nach rechts,,/beschwerden/nackenschmerzen/,Nackenschmerzen,high,no,medium,low,/beschwerden/nackenschmerzen/,none,REJECT_CANNIBALIZATION,reject,"Empfindungs-Synonym — gleiche Intent-Gruppe wie die Grundform, keine eigene Seite."
Warum nacken sticht beim Zurücklegen des Kopfes?,nacken: schmerzt beim zurücklegen des kopfes,Nacken,sticht,beim Zurücklegen des Kopfes,,/beschwerden/nackenschmerzen/,Nackenschmerzen,high,no,medium,low,/beschwerden/nackenschmerzen/,none,REJECT_CANNIBALIZATION,reject,"Empfindungs-Synonym — gleiche Intent-Gruppe wie die Grundform, keine eigene Seite."
Warum nacken sticht morgens nach dem Schlafen?,nacken: schmerzt morgens nach dem schlafen,Nacken,sticht,morgens nach dem Schlafen,morgens,/beschwerden/nackenschmerzen/,Nackenschmerzen,high,no,medium,low,/beschwerden/nackenschmerzen/,none,REJECT_CANNIBALIZATION,reject,"Empfindungs-Synonym — gleiche Intent-Gruppe wie die Grundform, keine eigene Seite."
Warum nacken sticht nur auf einer Seite?,nacken: schmerzt nur auf einer seite,Nacken,sticht,nur auf einer Seite,,/beschwerden/nackenschmerzen/,Nackenschmerzen,high,no,medium,low,/beschwerden/nackenschmerzen/,none,REJECT_CANNIBALIZATION,reject,"Empfindungs-Synonym — gleiche Intent-Gruppe wie die Grundform, keine eigene Seite."
Warum nacken zieht beim Autofahren über die Schulter?,nacken: schmerzt beim autofahren über die schulter,Nacken,zieht,beim Autofahren über die Schulter,,/beschwerden/nackenschmerzen/,Nackenschmerzen,high,no,medium,low,/beschwerden/nackenschmerzen/,none,REJECT_CANNIBALIZATION,reject,"Empfindungs-Synonym — gleiche Intent-Gruppe wie die Grundform, keine eigene Seite."
Warum nacken zieht beim Blick nach unten aufs Handy?,nacken: schmerzt beim blick nach unten aufs handy,Nacken,zieht,beim Blick nach unten aufs Handy,,/beschwerden/nackenschmerzen/,Nackenschmerzen,high,no,medium,low,/beschwerden/nackenschmerzen/,none,REJECT_CANNIBALIZATION,reject,"Empfindungs-Synonym — gleiche Intent-Gruppe wie die Grundform, keine eigene Seite."
Warum nacken zieht beim Drehen nach links?,nacken: schmerzt beim drehen nach links,Nacken,zieht,beim Drehen nach links,,/beschwerden/nackenschmerzen/,Nackenschmerzen,high,no,medium,low,/beschwerden/nackenschmerzen/,none,REJECT_CANNIBALIZATION,reject,"Empfindungs-Synonym — gleiche Intent-Gruppe wie die Grundform, keine eigene Seite."
Warum nacken zieht beim Drehen nach rechts?,nacken: schmerzt beim drehen nach rechts,Nacken,zieht,beim Drehen nach rechts,,/beschwerden/nackenschmerzen/,Nackenschmerzen,high,no,medium,low,/beschwerden/nackenschmerzen/,none,REJECT_CANNIBALIZATION,reject,"Empfindungs-Synonym — gleiche Intent-Gruppe wie die Grundform, keine eigene Seite."
Warum nacken zieht beim Zurücklegen des Kopfes?,nacken: schmerzt beim zurücklegen des kopfes,Nacken,zieht,beim Zurücklegen des Kopfes,,/beschwerden/nackenschmerzen/,Nackenschmerzen,high,no,medium,low,/beschwerden/nackenschmerzen/,none,REJECT_CANNIBALIZATION,reject,"Empfindungs-Synonym — gleiche Intent-Gruppe wie die Grundform, keine eigene Seite."
Warum nacken zieht morgens nach dem Schlafen?,nacken: schmerzt morgens nach dem schlafen,Nacken,zieht,morgens nach dem Schlafen,morgens,/beschwerden/nackenschmerzen/,Nackenschmerzen,high,no,medium,low,/beschwerden/nackenschmerzen/,none,REJECT_CANNIBALIZATION,reject,"Empfindungs-Synonym — gleiche Intent-Gruppe wie die Grundform, keine eigene Seite."
Warum nacken zieht nur auf einer Seite?,nacken: schmerzt nur auf einer seite,Nacken,zieht,nur auf einer Seite,,/beschwerden/nackenschmerzen/,Nackenschmerzen,high,no,medium,low,/beschwerden/nackenschmerzen/,none,REJECT_CANNIBALIZATION,reject,"Empfindungs-Synonym — gleiche Intent-Gruppe wie die Grundform, keine eigene Seite."
Was bedeutet es wenn nacken knirscht bei jeder Bewegung?,nacken: knirscht bei jeder bewegung,Nacken,knirscht,bei jeder Bewegung,,/beschwerden/nackenschmerzen/,Nackenschmerzen,low,no,medium,medium,/beschwerden/nackenschmerzen/,none,MERGE_INTO_EXISTING,reject,"Frageform-Variante — gleiche Intent-Gruppe wie die Grundform, keine eigene Seite."
Was bedeutet es wenn nacken knirscht beim Drehen des Kopfes?,nacken: knirscht beim drehen des kopfes,Nacken,knirscht,beim Drehen des Kopfes,,/beschwerden/nackenschmerzen/,Nackenschmerzen,low,no,medium,medium,/beschwerden/nackenschmerzen/,none,MERGE_INTO_EXISTING,reject,"Frageform-Variante — gleiche Intent-Gruppe wie die Grundform, keine eigene Seite."
Was tun wenn nacken knirscht bei jeder Bewegung?,nacken: knirscht bei jeder bewegung,Nacken,knirscht,bei jeder Bewegung,,/beschwerden/nackenschmerzen/,Nackenschmerzen,low,no,medium,medium,/beschwerden/nackenschmerzen/,none,MERGE_INTO_EXISTING,reject,"Frageform-Variante — gleiche Intent-Gruppe wie Grundform, KEINE eigene Seite."
Was tun wenn nacken knirscht beim Drehen des Kopfes?,nacken: knirscht beim drehen des kopfes,Nacken,knirscht,beim Drehen des Kopfes,,/beschwerden/nackenschmerzen/,Nackenschmerzen,low,no,medium,medium,/beschwerden/nackenschmerzen/,none,MERGE_INTO_EXISTING,reject,"Frageform-Variante — gleiche Intent-Gruppe wie Grundform, KEINE eigene Seite."
Nase ist verstopft im Liegen,nase: ist verstopft im liegen,Nase,ist verstopft,im Liegen,,/beschwerden/sinusitis/,Sinusitis,high,no,medium,low,/beschwerden/sinusitis/,none,REJECT_CANNIBALIZATION,reject,Kernintent bereits von /beschwerden/sinusitis/ abgedeckt.
Nase ist verstopft nur eine Seite,nase: ist verstopft nur eine seite,Nase,ist verstopft,nur eine Seite,,/beschwerden/sinusitis/,Sinusitis,high,no,medium,low,/beschwerden/sinusitis/,none,REJECT_CANNIBALIZATION,reject,Kernintent bereits von /beschwerden/sinusitis/ abgedeckt.
Nase ist verstopft nur nachts,nase: ist verstopft nur nachts,Nase,ist verstopft,nur nachts,nachts,/beschwerden/sinusitis/,Sinusitis,high,no,medium,low,/beschwerden/sinusitis/,none,REJECT_CANNIBALIZATION,reject,Kernintent bereits von /beschwerden/sinusitis/ abgedeckt.
Nase ist verstopft ohne Erkältung,nase: ist verstopft ohne erkältung,Nase,ist verstopft,ohne Erkältung,,/beschwerden/sinusitis/,Sinusitis,high,no,medium,low,/beschwerden/sinusitis/,none,REJECT_CANNIBALIZATION,reject,Kernintent bereits von /beschwerden/sinusitis/ abgedeckt.
Warum nägel sind brüchig mit Rillen?,nägel: sind brüchig mit rillen,Nägel,sind brüchig,mit Rillen,,/beschwerden/eisenmangel/,Eisenmangel – TCM-Begleitung,medium,no,medium,medium,/beschwerden/eisenmangel/,none,MERGE_INTO_EXISTING,reject,"Frageform-Variante — gleiche Intent-Gruppe wie die Grundform, keine eigene Seite."
Warum nägel sind brüchig seit Monaten?,nägel: sind brüchig seit monaten,Nägel,sind brüchig,seit Monaten,,/beschwerden/eisenmangel/,Eisenmangel – TCM-Begleitung,medium,no,medium,medium,/beschwerden/eisenmangel/,none,MERGE_INTO_EXISTING,reject,"Frageform-Variante — gleiche Intent-Gruppe wie die Grundform, keine eigene Seite."
Was bedeutet es wenn nägel sind brüchig mit Rillen?,nägel: sind brüchig mit rillen,Nägel,sind brüchig,mit Rillen,,/beschwerden/eisenmangel/,Eisenmangel – TCM-Begleitung,medium,no,medium,medium,/beschwerden/eisenmangel/,none,MERGE_INTO_EXISTING,reject,"Frageform-Variante — gleiche Intent-Gruppe wie die Grundform, keine eigene Seite."
Was bedeutet es wenn nägel sind brüchig seit Monaten?,nägel: sind brüchig seit monaten,Nägel,sind brüchig,seit Monaten,,/beschwerden/eisenmangel/,Eisenmangel – TCM-Begleitung,medium,no,medium,medium,/beschwerden/eisenmangel/,none,MERGE_INTO_EXISTING,reject,"Frageform-Variante — gleiche Intent-Gruppe wie die Grundform, keine eigene Seite."
Was tun wenn nägel sind brüchig mit Rillen?,nägel: sind brüchig mit rillen,Nägel,sind brüchig,mit Rillen,,/beschwerden/eisenmangel/,Eisenmangel – TCM-Begleitung,medium,no,medium,medium,/beschwerden/eisenmangel/,none,MERGE_INTO_EXISTING,reject,"Frageform-Variante — gleiche Intent-Gruppe wie die Grundform, keine eigene Seite."
Was tun wenn nägel sind brüchig seit Monaten?,nägel: sind brüchig seit monaten,Nägel,sind brüchig,seit Monaten,,/beschwerden/eisenmangel/,Eisenmangel – TCM-Begleitung,medium,no,medium,medium,/beschwerden/eisenmangel/,none,MERGE_INTO_EXISTING,reject,"Frageform-Variante — gleiche Intent-Gruppe wie die Grundform, keine eigene Seite."
Oberbauch drückt nach dem Essen,oberbauch: drückt nach dem essen,Oberbauch,drückt,nach dem Essen,,/beschwerden/gastritis/,Gastritis,high,no,medium,low,/beschwerden/gastritis/,medium,REJECT_CANNIBALIZATION,reject,Kernintent bereits von /beschwerden/gastritis/ abgedeckt; Situations-Modifier ändert den Suchintent nicht substanziell.
Oberbauch drückt nach fettigem Essen,oberbauch: drückt nach fettigem essen,Oberbauch,drückt,nach fettigem Essen,,/beschwerden/gastritis/,Gastritis,high,no,medium,low,/beschwerden/gastritis/,medium,REJECT_CANNIBALIZATION,reject,Kernintent bereits von /beschwerden/gastritis/ abgedeckt; Situations-Modifier ändert den Suchintent nicht substanziell.
Oberbauch drückt nachts,oberbauch: drückt nachts,Oberbauch,drückt,nachts,nachts,/beschwerden/gastritis/,Gastritis,high,no,medium,low,/beschwerden/gastritis/,medium,REJECT_CANNIBALIZATION,reject,Kernintent bereits von /beschwerden/gastritis/ abgedeckt; Situations-Modifier ändert den Suchintent nicht substanziell.
Warum oberbauch drückt nach dem Essen?,oberbauch: drückt nach dem essen,Oberbauch,drückt,nach dem Essen,,/beschwerden/gastritis/,Gastritis,high,no,medium,low,/beschwerden/gastritis/,medium,REJECT_CANNIBALIZATION,reject,Kernintent bereits von /beschwerden/gastritis/ abgedeckt; Situations-Modifier ändert den Suchintent nicht substanziell.
Warum oberbauch drückt nach fettigem Essen?,oberbauch: drückt nach fettigem essen,Oberbauch,drückt,nach fettigem Essen,,/beschwerden/gastritis/,Gastritis,high,no,medium,low,/beschwerden/gastritis/,medium,REJECT_CANNIBALIZATION,reject,Kernintent bereits von /beschwerden/gastritis/ abgedeckt; Situations-Modifier ändert den Suchintent nicht substanziell.
Warum oberbauch drückt nachts?,oberbauch: drückt nachts,Oberbauch,drückt,nachts,nachts,/beschwerden/gastritis/,Gastritis,high,no,medium,low,/beschwerden/gastritis/,medium,REJECT_CANNIBALIZATION,reject,Kernintent bereits von /beschwerden/gastritis/ abgedeckt; Situations-Modifier ändert den Suchintent nicht substanziell.
Ohr rauscht bei Stille,ohr: rauscht bei stille,Ohr,rauscht,bei Stille,,/beschwerden/tinnitus/,Tinnitus,high,no,medium,low,/beschwerden/tinnitus/,medium,REJECT_CANNIBALIZATION,reject,Kernintent bereits von /beschwerden/tinnitus/ abgedeckt; Situations-Modifier ändert den Suchintent nicht substanziell.
Ohr rauscht einseitig,ohr: rauscht einseitig,Ohr,rauscht,einseitig,,/beschwerden/tinnitus/,Tinnitus,high,no,medium,low,/beschwerden/tinnitus/,medium,REJECT_CANNIBALIZATION,reject,Kernintent bereits von /beschwerden/tinnitus/ abgedeckt; Situations-Modifier ändert den Suchintent nicht substanziell.
Ohr rauscht nachts,ohr: rauscht nachts,Ohr,rauscht,nachts,nachts,/beschwerden/tinnitus/,Tinnitus,high,no,medium,low,/beschwerden/tinnitus/,medium,REJECT_CANNIBALIZATION,reject,Kernintent bereits von /beschwerden/tinnitus/ abgedeckt; Situations-Modifier ändert den Suchintent nicht substanziell.
Ohr rauscht seit Tagen,ohr: rauscht seit tagen,Ohr,rauscht,seit Tagen,,/beschwerden/tinnitus/,Tinnitus,high,no,medium,low,/beschwerden/tinnitus/,medium,REJECT_CANNIBALIZATION,reject,Kernintent bereits von /beschwerden/tinnitus/ abgedeckt; Situations-Modifier ändert den Suchintent nicht substanziell.
Warum ohr fühlt sich verstopft an beim Kauen?,ohr: fühlt sich verstopft an beim kauen,Ohr,fühlt sich verstopft an,beim Kauen,,/beschwerden/hoersturz/,Hörsturz,low,no,medium,medium,/beschwerden/hoersturz/,medium,MERGE_INTO_EXISTING,reject,"Muster-Intent plausibel eigenständig; manuell prüfen. (Frageform-Variante — gleiche Intent-Gruppe, KEINE eigene Seite.)"
Warum ohr fühlt sich verstopft an einseitig?,ohr: fühlt sich verstopft an einseitig,Ohr,fühlt sich verstopft an,einseitig,,/beschwerden/hoersturz/,Hörsturz,low,no,medium,medium,/beschwerden/hoersturz/,medium,MERGE_INTO_EXISTING,reject,"Muster-Intent plausibel eigenständig; manuell prüfen. (Frageform-Variante — gleiche Intent-Gruppe, KEINE eigene Seite.)"
Warum ohr fühlt sich verstopft an ohne Erkältung?,ohr: fühlt sich verstopft an ohne erkältung,Ohr,fühlt sich verstopft an,ohne Erkältung,,/beschwerden/hoersturz/,Hörsturz,low,no,medium,medium,/beschwerden/hoersturz/,medium,MERGE_INTO_EXISTING,reject,"Muster-Intent plausibel eigenständig; manuell prüfen. (Frageform-Variante — gleiche Intent-Gruppe, KEINE eigene Seite.)"
Warum ohr fühlt sich verstopft an seit Tagen?,ohr: fühlt sich verstopft an seit tagen,Ohr,fühlt sich verstopft an,seit Tagen,,/beschwerden/hoersturz/,Hörsturz,low,no,medium,medium,/beschwerden/hoersturz/,medium,MERGE_INTO_EXISTING,reject,"Muster-Intent plausibel eigenständig; manuell prüfen. (Frageform-Variante — gleiche Intent-Gruppe, KEINE eigene Seite.)"
Warum ohr knackt beim Gähnen?,ohr: knackt beim gähnen,Ohr,knackt,beim Gähnen,,/beschwerden/kieferschmerzen/,Kieferschmerzen & CMD,low,no,medium,medium,/beschwerden/kieferschmerzen/,none,MERGE_INTO_EXISTING,reject,"Muster-Intent plausibel eigenständig; manuell prüfen. (Frageform-Variante — gleiche Intent-Gruppe, KEINE eigene Seite.)"
Warum ohr knackt beim Kauen?,ohr: knackt beim kauen,Ohr,knackt,beim Kauen,,/beschwerden/kieferschmerzen/,Kieferschmerzen & CMD,low,no,medium,medium,/beschwerden/kieferschmerzen/,none,MERGE_INTO_EXISTING,reject,"Muster-Intent plausibel eigenständig; manuell prüfen. (Frageform-Variante — gleiche Intent-Gruppe, KEINE eigene Seite.)"
Warum ohr knackt beim Schlucken?,ohr: knackt beim schlucken,Ohr,knackt,beim Schlucken,,/beschwerden/kieferschmerzen/,Kieferschmerzen & CMD,low,no,medium,medium,/beschwerden/kieferschmerzen/,none,MERGE_INTO_EXISTING,reject,"Muster-Intent plausibel eigenständig; manuell prüfen. (Frageform-Variante — gleiche Intent-Gruppe, KEINE eigene Seite.)"
Warum ohr pocht im Takt des Herzschlags beim Liegen?,ohr: pocht im takt des herzschlags beim liegen,Ohr,pocht im Takt des Herzschlags,beim Liegen,,/beschwerden/tinnitus/,Tinnitus,low,no,medium,medium,/beschwerden/tinnitus/,high,MERGE_INTO_EXISTING,reject,"Muster-Intent plausibel eigenständig; manuell prüfen. (Frageform-Variante — gleiche Intent-Gruppe, KEINE eigene Seite.)"
Warum ohr pocht im Takt des Herzschlags einseitig?,ohr: pocht im takt des herzschlags einseitig,Ohr,pocht im Takt des Herzschlags,einseitig,,/beschwerden/tinnitus/,Tinnitus,low,no,medium,medium,/beschwerden/tinnitus/,high,MERGE_INTO_EXISTING,reject,"Muster-Intent plausibel eigenständig; manuell prüfen. (Frageform-Variante — gleiche Intent-Gruppe, KEINE eigene Seite.)"
Warum ohr pocht im Takt des Herzschlags nachts?,ohr: pocht im takt des herzschlags nachts,Ohr,pocht im Takt des Herzschlags,nachts,nachts,/beschwerden/tinnitus/,Tinnitus,low,no,medium,medium,/beschwerden/tinnitus/,high,MERGE_INTO_EXISTING,reject,"Muster-Intent plausibel eigenständig; manuell prüfen. (Frageform-Variante — gleiche Intent-Gruppe, KEINE eigene Seite.)"
Warum ohr rauscht bei Stille?,ohr: rauscht bei stille,Ohr,rauscht,bei Stille,,/beschwerden/tinnitus/,Tinnitus,high,no,medium,low,/beschwerden/tinnitus/,medium,REJECT_CANNIBALIZATION,reject,Kernintent bereits von /beschwerden/tinnitus/ abgedeckt; Situations-Modifier ändert den Suchintent nicht substanziell.
Warum ohr rauscht einseitig?,ohr: rauscht einseitig,Ohr,rauscht,einseitig,,/beschwerden/tinnitus/,Tinnitus,high,no,medium,low,/beschwerden/tinnitus/,medium,REJECT_CANNIBALIZATION,reject,Kernintent bereits von /beschwerden/tinnitus/ abgedeckt; Situations-Modifier ändert den Suchintent nicht substanziell.
Warum ohr rauscht nachts?,ohr: rauscht nachts,Ohr,rauscht,nachts,nachts,/beschwerden/tinnitus/,Tinnitus,high,no,medium,low,/beschwerden/tinnitus/,medium,REJECT_CANNIBALIZATION,reject,Kernintent bereits von /beschwerden/tinnitus/ abgedeckt; Situations-Modifier ändert den Suchintent nicht substanziell.
Warum ohr rauscht seit Tagen?,ohr: rauscht seit tagen,Ohr,rauscht,seit Tagen,,/beschwerden/tinnitus/,Tinnitus,high,no,medium,low,/beschwerden/tinnitus/,medium,REJECT_CANNIBALIZATION,reject,Kernintent bereits von /beschwerden/tinnitus/ abgedeckt; Situations-Modifier ändert den Suchintent nicht substanziell.
Was bedeutet es wenn ohr fühlt sich verstopft an beim Kauen?,ohr: fühlt sich verstopft an beim kauen,Ohr,fühlt sich verstopft an,beim Kauen,,/beschwerden/hoersturz/,Hörsturz,low,no,medium,medium,/beschwerden/hoersturz/,medium,MERGE_INTO_EXISTING,reject,"Frageform-Variante — gleiche Intent-Gruppe wie die Grundform, keine eigene Seite."
Was bedeutet es wenn ohr fühlt sich verstopft an einseitig?,ohr: fühlt sich verstopft an einseitig,Ohr,fühlt sich verstopft an,einseitig,,/beschwerden/hoersturz/,Hörsturz,low,no,medium,medium,/beschwerden/hoersturz/,medium,MERGE_INTO_EXISTING,reject,"Frageform-Variante — gleiche Intent-Gruppe wie die Grundform, keine eigene Seite."
Was bedeutet es wenn ohr fühlt sich verstopft an ohne Erkältung?,ohr: fühlt sich verstopft an ohne erkältung,Ohr,fühlt sich verstopft an,ohne Erkältung,,/beschwerden/hoersturz/,Hörsturz,low,no,medium,medium,/beschwerden/hoersturz/,medium,MERGE_INTO_EXISTING,reject,"Frageform-Variante — gleiche Intent-Gruppe wie die Grundform, keine eigene Seite."
Was bedeutet es wenn ohr fühlt sich verstopft an seit Tagen?,ohr: fühlt sich verstopft an seit tagen,Ohr,fühlt sich verstopft an,seit Tagen,,/beschwerden/hoersturz/,Hörsturz,low,no,medium,medium,/beschwerden/hoersturz/,medium,MERGE_INTO_EXISTING,reject,"Frageform-Variante — gleiche Intent-Gruppe wie die Grundform, keine eigene Seite."
Was bedeutet es wenn ohr knackt beim Gähnen?,ohr: knackt beim gähnen,Ohr,knackt,beim Gähnen,,/beschwerden/kieferschmerzen/,Kieferschmerzen & CMD,low,no,medium,medium,/beschwerden/kieferschmerzen/,none,MERGE_INTO_EXISTING,reject,"Frageform-Variante — gleiche Intent-Gruppe wie die Grundform, keine eigene Seite."
Was bedeutet es wenn ohr knackt beim Kauen?,ohr: knackt beim kauen,Ohr,knackt,beim Kauen,,/beschwerden/kieferschmerzen/,Kieferschmerzen & CMD,low,no,medium,medium,/beschwerden/kieferschmerzen/,none,MERGE_INTO_EXISTING,reject,"Frageform-Variante — gleiche Intent-Gruppe wie die Grundform, keine eigene Seite."
Was bedeutet es wenn ohr knackt beim Schlucken?,ohr: knackt beim schlucken,Ohr,knackt,beim Schlucken,,/beschwerden/kieferschmerzen/,Kieferschmerzen & CMD,low,no,medium,medium,/beschwerden/kieferschmerzen/,none,MERGE_INTO_EXISTING,reject,"Frageform-Variante — gleiche Intent-Gruppe wie die Grundform, keine eigene Seite."
Was bedeutet es wenn ohr pocht im Takt des Herzschlags beim Liegen?,ohr: pocht im takt des herzschlags beim liegen,Ohr,pocht im Takt des Herzschlags,beim Liegen,,/beschwerden/tinnitus/,Tinnitus,low,no,medium,medium,/beschwerden/tinnitus/,high,MERGE_INTO_EXISTING,reject,"Frageform-Variante — gleiche Intent-Gruppe wie die Grundform, keine eigene Seite."
Was bedeutet es wenn ohr pocht im Takt des Herzschlags einseitig?,ohr: pocht im takt des herzschlags einseitig,Ohr,pocht im Takt des Herzschlags,einseitig,,/beschwerden/tinnitus/,Tinnitus,low,no,medium,medium,/beschwerden/tinnitus/,high,MERGE_INTO_EXISTING,reject,"Frageform-Variante — gleiche Intent-Gruppe wie die Grundform, keine eigene Seite."
Was bedeutet es wenn ohr pocht im Takt des Herzschlags nachts?,ohr: pocht im takt des herzschlags nachts,Ohr,pocht im Takt des Herzschlags,nachts,nachts,/beschwerden/tinnitus/,Tinnitus,low,no,medium,medium,/beschwerden/tinnitus/,high,MERGE_INTO_EXISTING,reject,"Frageform-Variante — gleiche Intent-Gruppe wie die Grundform, keine eigene Seite."
Was tun wenn ohr fühlt sich verstopft an beim Kauen?,ohr: fühlt sich verstopft an beim kauen,Ohr,fühlt sich verstopft an,beim Kauen,,/beschwerden/hoersturz/,Hörsturz,low,no,medium,medium,/beschwerden/hoersturz/,medium,MERGE_INTO_EXISTING,reject,"Frageform-Variante — gleiche Intent-Gruppe wie Grundform, KEINE eigene Seite."
Was tun wenn ohr fühlt sich verstopft an einseitig?,ohr: fühlt sich verstopft an einseitig,Ohr,fühlt sich verstopft an,einseitig,,/beschwerden/hoersturz/,Hörsturz,low,no,medium,medium,/beschwerden/hoersturz/,medium,MERGE_INTO_EXISTING,reject,"Frageform-Variante — gleiche Intent-Gruppe wie Grundform, KEINE eigene Seite."
Was tun wenn ohr fühlt sich verstopft an ohne Erkältung?,ohr: fühlt sich verstopft an ohne erkältung,Ohr,fühlt sich verstopft an,ohne Erkältung,,/beschwerden/hoersturz/,Hörsturz,low,no,medium,medium,/beschwerden/hoersturz/,medium,MERGE_INTO_EXISTING,reject,"Frageform-Variante — gleiche Intent-Gruppe wie Grundform, KEINE eigene Seite."
Was tun wenn ohr fühlt sich verstopft an seit Tagen?,ohr: fühlt sich verstopft an seit tagen,Ohr,fühlt sich verstopft an,seit Tagen,,/beschwerden/hoersturz/,Hörsturz,low,no,medium,medium,/beschwerden/hoersturz/,medium,MERGE_INTO_EXISTING,reject,"Frageform-Variante — gleiche Intent-Gruppe wie Grundform, KEINE eigene Seite."
Was tun wenn ohr knackt beim Gähnen?,ohr: knackt beim gähnen,Ohr,knackt,beim Gähnen,,/beschwerden/kieferschmerzen/,Kieferschmerzen & CMD,low,no,medium,medium,/beschwerden/kieferschmerzen/,none,MERGE_INTO_EXISTING,reject,"Frageform-Variante — gleiche Intent-Gruppe wie Grundform, KEINE eigene Seite."
Was tun wenn ohr knackt beim Kauen?,ohr: knackt beim kauen,Ohr,knackt,beim Kauen,,/beschwerden/kieferschmerzen/,Kieferschmerzen & CMD,low,no,medium,medium,/beschwerden/kieferschmerzen/,none,MERGE_INTO_EXISTING,reject,"Frageform-Variante — gleiche Intent-Gruppe wie Grundform, KEINE eigene Seite."
Was tun wenn ohr knackt beim Schlucken?,ohr: knackt beim schlucken,Ohr,knackt,beim Schlucken,,/beschwerden/kieferschmerzen/,Kieferschmerzen & CMD,low,no,medium,medium,/beschwerden/kieferschmerzen/,none,MERGE_INTO_EXISTING,reject,"Frageform-Variante — gleiche Intent-Gruppe wie Grundform, KEINE eigene Seite."
Was tun wenn ohr pocht im Takt des Herzschlags beim Liegen?,ohr: pocht im takt des herzschlags beim liegen,Ohr,pocht im Takt des Herzschlags,beim Liegen,,/beschwerden/tinnitus/,Tinnitus,low,no,medium,medium,/beschwerden/tinnitus/,high,MERGE_INTO_EXISTING,reject,"Frageform-Variante — gleiche Intent-Gruppe wie Grundform, KEINE eigene Seite."
Was tun wenn ohr pocht im Takt des Herzschlags einseitig?,ohr: pocht im takt des herzschlags einseitig,Ohr,pocht im Takt des Herzschlags,einseitig,,/beschwerden/tinnitus/,Tinnitus,low,no,medium,medium,/beschwerden/tinnitus/,high,MERGE_INTO_EXISTING,reject,"Frageform-Variante — gleiche Intent-Gruppe wie Grundform, KEINE eigene Seite."
Was tun wenn ohr pocht im Takt des Herzschlags nachts?,ohr: pocht im takt des herzschlags nachts,Ohr,pocht im Takt des Herzschlags,nachts,nachts,/beschwerden/tinnitus/,Tinnitus,low,no,medium,medium,/beschwerden/tinnitus/,high,MERGE_INTO_EXISTING,reject,"Frageform-Variante — gleiche Intent-Gruppe wie Grundform, KEINE eigene Seite."
Periode schmerzt am ersten Tag,periode: schmerzt am ersten tag,Periode,schmerzt,am ersten Tag,,/beschwerden/menstruationsbeschwerden/,Menstruationsbeschwerden,high,no,medium,low,/beschwerden/menstruationsbeschwerden/,none,REJECT_CANNIBALIZATION,reject,Kernintent bereits von /beschwerden/menstruationsbeschwerden/ abgedeckt.
Periode schmerzt im Rücken,periode: schmerzt im rücken,Periode,schmerzt,im Rücken,,/beschwerden/menstruationsbeschwerden/,Menstruationsbeschwerden,high,no,medium,low,/beschwerden/menstruationsbeschwerden/,none,REJECT_CANNIBALIZATION,reject,Kernintent bereits von /beschwerden/menstruationsbeschwerden/ abgedeckt.
Periode schmerzt so stark dass Arbeit ausfällt,periode: schmerzt so stark dass arbeit ausfällt,Periode,schmerzt,so stark dass Arbeit ausfällt,,/beschwerden/menstruationsbeschwerden/,Menstruationsbeschwerden,high,no,medium,low,/beschwerden/menstruationsbeschwerden/,none,REJECT_CANNIBALIZATION,reject,Kernintent bereits von /beschwerden/menstruationsbeschwerden/ abgedeckt.
Periode sticht am ersten Tag,periode: schmerzt am ersten tag,Periode,sticht,am ersten Tag,,/beschwerden/menstruationsbeschwerden/,Menstruationsbeschwerden,high,no,medium,low,/beschwerden/menstruationsbeschwerden/,none,REJECT_CANNIBALIZATION,reject,"Empfindungs-Synonym — gleiche Intent-Gruppe wie die Grundform, keine eigene Seite."
Periode sticht im Rücken,periode: schmerzt im rücken,Periode,sticht,im Rücken,,/beschwerden/menstruationsbeschwerden/,Menstruationsbeschwerden,high,no,medium,low,/beschwerden/menstruationsbeschwerden/,none,REJECT_CANNIBALIZATION,reject,"Empfindungs-Synonym — gleiche Intent-Gruppe wie die Grundform, keine eigene Seite."
Periode sticht so stark dass Arbeit ausfällt,periode: schmerzt so stark dass arbeit ausfällt,Periode,sticht,so stark dass Arbeit ausfällt,,/beschwerden/menstruationsbeschwerden/,Menstruationsbeschwerden,high,no,medium,low,/beschwerden/menstruationsbeschwerden/,none,REJECT_CANNIBALIZATION,reject,"Empfindungs-Synonym — gleiche Intent-Gruppe wie die Grundform, keine eigene Seite."
Periode zieht am ersten Tag,periode: schmerzt am ersten tag,Periode,zieht,am ersten Tag,,/beschwerden/menstruationsbeschwerden/,Menstruationsbeschwerden,high,no,medium,low,/beschwerden/menstruationsbeschwerden/,none,REJECT_CANNIBALIZATION,reject,"Empfindungs-Synonym — gleiche Intent-Gruppe wie die Grundform, keine eigene Seite."
Periode zieht im Rücken,periode: schmerzt im rücken,Periode,zieht,im Rücken,,/beschwerden/menstruationsbeschwerden/,Menstruationsbeschwerden,high,no,medium,low,/beschwerden/menstruationsbeschwerden/,none,REJECT_CANNIBALIZATION,reject,"Empfindungs-Synonym — gleiche Intent-Gruppe wie die Grundform, keine eigene Seite."
Periode zieht so stark dass Arbeit ausfällt,periode: schmerzt so stark dass arbeit ausfällt,Periode,zieht,so stark dass Arbeit ausfällt,,/beschwerden/menstruationsbeschwerden/,Menstruationsbeschwerden,high,no,medium,low,/beschwerden/menstruationsbeschwerden/,none,REJECT_CANNIBALIZATION,reject,"Empfindungs-Synonym — gleiche Intent-Gruppe wie die Grundform, keine eigene Seite."
Rippen sticht beim Drehen,rippen: schmerzen beim drehen,Rippen,sticht,beim Drehen,,/beschwerden/rueckenschmerzen/,Rückenschmerzen,medium,no,medium,medium,/beschwerden/rueckenschmerzen/,high,MERGE_INTO_EXISTING,reject,"Empfindungs-Synonym — gleiche Intent-Gruppe wie die Grundform, keine eigene Seite."
Rippen sticht beim Liegen,rippen: schmerzen beim liegen,Rippen,sticht,beim Liegen,,/beschwerden/rueckenschmerzen/,Rückenschmerzen,medium,no,medium,medium,/beschwerden/rueckenschmerzen/,high,MERGE_INTO_EXISTING,reject,"Empfindungs-Synonym — gleiche Intent-Gruppe wie die Grundform, keine eigene Seite."
Rippen sticht beim tiefen Einatmen,rippen: schmerzen beim tiefen einatmen,Rippen,sticht,beim tiefen Einatmen,,/beschwerden/rueckenschmerzen/,Rückenschmerzen,medium,no,medium,medium,/beschwerden/rueckenschmerzen/,high,MERGE_INTO_EXISTING,reject,"Empfindungs-Synonym — gleiche Intent-Gruppe wie die Grundform, keine eigene Seite."
Rippen zieht beim Drehen,rippen: schmerzen beim drehen,Rippen,zieht,beim Drehen,,/beschwerden/rueckenschmerzen/,Rückenschmerzen,medium,no,medium,medium,/beschwerden/rueckenschmerzen/,high,MERGE_INTO_EXISTING,reject,"Empfindungs-Synonym — gleiche Intent-Gruppe wie die Grundform, keine eigene Seite."
Rippen zieht beim Liegen,rippen: schmerzen beim liegen,Rippen,zieht,beim Liegen,,/beschwerden/rueckenschmerzen/,Rückenschmerzen,medium,no,medium,medium,/beschwerden/rueckenschmerzen/,high,MERGE_INTO_EXISTING,reject,"Empfindungs-Synonym — gleiche Intent-Gruppe wie die Grundform, keine eigene Seite."
Rippen zieht beim tiefen Einatmen,rippen: schmerzen beim tiefen einatmen,Rippen,zieht,beim tiefen Einatmen,,/beschwerden/rueckenschmerzen/,Rückenschmerzen,medium,no,medium,medium,/beschwerden/rueckenschmerzen/,high,MERGE_INTO_EXISTING,reject,"Empfindungs-Synonym — gleiche Intent-Gruppe wie die Grundform, keine eigene Seite."
Warum rippen schmerzen beim Drehen?,rippen: schmerzen beim drehen,Rippen,schmerzen,beim Drehen,,/beschwerden/rueckenschmerzen/,Rückenschmerzen,medium,no,medium,medium,/beschwerden/rueckenschmerzen/,high,MERGE_INTO_EXISTING,reject,"Frageform-Variante — gleiche Intent-Gruppe wie die Grundform, keine eigene Seite."
Warum rippen schmerzen beim Liegen?,rippen: schmerzen beim liegen,Rippen,schmerzen,beim Liegen,,/beschwerden/rueckenschmerzen/,Rückenschmerzen,medium,no,medium,medium,/beschwerden/rueckenschmerzen/,high,MERGE_INTO_EXISTING,reject,"Frageform-Variante — gleiche Intent-Gruppe wie die Grundform, keine eigene Seite."
Warum rippen schmerzen beim tiefen Einatmen?,rippen: schmerzen beim tiefen einatmen,Rippen,schmerzen,beim tiefen Einatmen,,/beschwerden/rueckenschmerzen/,Rückenschmerzen,medium,no,medium,medium,/beschwerden/rueckenschmerzen/,high,MERGE_INTO_EXISTING,reject,"Frageform-Variante — gleiche Intent-Gruppe wie die Grundform, keine eigene Seite."
Was bedeutet es wenn rippen schmerzen beim Drehen?,rippen: schmerzen beim drehen,Rippen,schmerzen,beim Drehen,,/beschwerden/rueckenschmerzen/,Rückenschmerzen,medium,no,medium,medium,/beschwerden/rueckenschmerzen/,high,MERGE_INTO_EXISTING,reject,"Frageform-Variante — gleiche Intent-Gruppe wie die Grundform, keine eigene Seite."
Was bedeutet es wenn rippen schmerzen beim Liegen?,rippen: schmerzen beim liegen,Rippen,schmerzen,beim Liegen,,/beschwerden/rueckenschmerzen/,Rückenschmerzen,medium,no,medium,medium,/beschwerden/rueckenschmerzen/,high,MERGE_INTO_EXISTING,reject,"Frageform-Variante — gleiche Intent-Gruppe wie die Grundform, keine eigene Seite."
Was bedeutet es wenn rippen schmerzen beim tiefen Einatmen?,rippen: schmerzen beim tiefen einatmen,Rippen,schmerzen,beim tiefen Einatmen,,/beschwerden/rueckenschmerzen/,Rückenschmerzen,medium,no,medium,medium,/beschwerden/rueckenschmerzen/,high,MERGE_INTO_EXISTING,reject,"Frageform-Variante — gleiche Intent-Gruppe wie die Grundform, keine eigene Seite."
Was tun wenn rippen schmerzen beim Drehen?,rippen: schmerzen beim drehen,Rippen,schmerzen,beim Drehen,,/beschwerden/rueckenschmerzen/,Rückenschmerzen,medium,no,medium,medium,/beschwerden/rueckenschmerzen/,high,MERGE_INTO_EXISTING,reject,"Frageform-Variante — gleiche Intent-Gruppe wie die Grundform, keine eigene Seite."
Was tun wenn rippen schmerzen beim Liegen?,rippen: schmerzen beim liegen,Rippen,schmerzen,beim Liegen,,/beschwerden/rueckenschmerzen/,Rückenschmerzen,medium,no,medium,medium,/beschwerden/rueckenschmerzen/,high,MERGE_INTO_EXISTING,reject,"Frageform-Variante — gleiche Intent-Gruppe wie die Grundform, keine eigene Seite."
Was tun wenn rippen schmerzen beim tiefen Einatmen?,rippen: schmerzen beim tiefen einatmen,Rippen,schmerzen,beim tiefen Einatmen,,/beschwerden/rueckenschmerzen/,Rückenschmerzen,medium,no,medium,medium,/beschwerden/rueckenschmerzen/,high,MERGE_INTO_EXISTING,reject,"Frageform-Variante — gleiche Intent-Gruppe wie die Grundform, keine eigene Seite."
Rücken ist steif morgens,rücken: ist steif morgens,Rücken,ist steif,morgens,morgens,/beschwerden/rueckenschmerzen/,Rückenschmerzen,high,no,medium,low,/beschwerden/rueckenschmerzen/,none,REJECT_CANNIBALIZATION,reject,Kernintent bereits von /beschwerden/rueckenschmerzen/ abgedeckt; Situations-Modifier ändert den Suchintent nicht substanziell.
Rücken ist steif nach dem Autofahren,rücken: ist steif nach dem autofahren,Rücken,ist steif,nach dem Autofahren,,/beschwerden/rueckenschmerzen/,Rückenschmerzen,high,no,medium,low,/beschwerden/rueckenschmerzen/,none,REJECT_CANNIBALIZATION,reject,Kernintent bereits von /beschwerden/rueckenschmerzen/ abgedeckt; Situations-Modifier ändert den Suchintent nicht substanziell.
Rücken ist steif nach dem Sitzen,rücken: ist steif nach dem sitzen,Rücken,ist steif,nach dem Sitzen,,/beschwerden/rueckenschmerzen/,Rückenschmerzen,high,no,medium,low,/beschwerden/rueckenschmerzen/,none,REJECT_CANNIBALIZATION,reject,Kernintent bereits von /beschwerden/rueckenschmerzen/ abgedeckt; Situations-Modifier ändert den Suchintent nicht substanziell.
Rücken schmerzt beim Aufrichten nach dem Sitzen,rücken: schmerzt beim aufrichten nach dem sitzen,Rücken,schmerzt,beim Aufrichten nach dem Sitzen,,/beschwerden/rueckenschmerzen/,Rückenschmerzen,high,no,medium,low,/beschwerden/rueckenschmerzen/,medium,REJECT_CANNIBALIZATION,reject,Kernintent bereits von /beschwerden/rueckenschmerzen/ abgedeckt; Situations-Modifier ändert den Suchintent nicht substanziell.
Rücken schmerzt beim Bücken,rücken: schmerzt beim bücken,Rücken,schmerzt,beim Bücken,,/beschwerden/rueckenschmerzen/,Rückenschmerzen,high,no,medium,low,/beschwerden/rueckenschmerzen/,medium,REJECT_CANNIBALIZATION,reject,Kernintent bereits von /beschwerden/rueckenschmerzen/ abgedeckt; Situations-Modifier ändert den Suchintent nicht substanziell.
Rücken schmerzt beim langen Gehen,rücken: schmerzt beim langen gehen,Rücken,schmerzt,beim langen Gehen,,/beschwerden/rueckenschmerzen/,Rückenschmerzen,high,no,medium,low,/beschwerden/rueckenschmerzen/,medium,REJECT_CANNIBALIZATION,reject,Kernintent bereits von /beschwerden/rueckenschmerzen/ abgedeckt; Situations-Modifier ändert den Suchintent nicht substanziell.
Rücken schmerzt morgens beim Aufstehen,rücken: schmerzt morgens beim aufstehen,Rücken,schmerzt,morgens beim Aufstehen,morgens,/beschwerden/rueckenschmerzen/,Rückenschmerzen,high,no,medium,low,/beschwerden/rueckenschmerzen/,medium,REJECT_CANNIBALIZATION,reject,Kernintent bereits von /beschwerden/rueckenschmerzen/ abgedeckt; Situations-Modifier ändert den Suchintent nicht substanziell.
Rücken schmerzt nachts beim Liegen,rücken: schmerzt nachts beim liegen,Rücken,schmerzt,nachts beim Liegen,nachts,/beschwerden/rueckenschmerzen/,Rückenschmerzen,high,no,medium,low,/beschwerden/rueckenschmerzen/,medium,REJECT_CANNIBALIZATION,reject,Kernintent bereits von /beschwerden/rueckenschmerzen/ abgedeckt; Situations-Modifier ändert den Suchintent nicht substanziell.
Rücken schmerzt nur im Stehen,rücken: schmerzt nur im stehen,Rücken,schmerzt,nur im Stehen,,/beschwerden/rueckenschmerzen/,Rückenschmerzen,high,no,medium,low,/beschwerden/rueckenschmerzen/,medium,REJECT_CANNIBALIZATION,reject,Kernintent bereits von /beschwerden/rueckenschmerzen/ abgedeckt; Situations-Modifier ändert den Suchintent nicht substanziell.
Rücken sticht beim Aufrichten nach dem Sitzen,rücken: schmerzt beim aufrichten nach dem sitzen,Rücken,sticht,beim Aufrichten nach dem Sitzen,,/beschwerden/rueckenschmerzen/,Rückenschmerzen,high,no,medium,low,/beschwerden/rueckenschmerzen/,medium,REJECT_CANNIBALIZATION,reject,"Empfindungs-Synonym — gleiche Intent-Gruppe wie die Grundform, keine eigene Seite."
Rücken sticht beim Bücken,rücken: schmerzt beim bücken,Rücken,sticht,beim Bücken,,/beschwerden/rueckenschmerzen/,Rückenschmerzen,high,no,medium,low,/beschwerden/rueckenschmerzen/,medium,REJECT_CANNIBALIZATION,reject,"Empfindungs-Synonym — gleiche Intent-Gruppe wie die Grundform, keine eigene Seite."
Rücken sticht beim Husten,rücken: schmerzt beim husten,Rücken,sticht,beim Husten,,/beschwerden/rueckenschmerzen/,Rückenschmerzen,medium,no,medium,medium,/beschwerden/rueckenschmerzen/,medium,MERGE_INTO_EXISTING,reject,"Empfindungs-Synonym — gleiche Intent-Gruppe wie die Grundform, keine eigene Seite."
Rücken sticht beim Niesen,rücken: schmerzt beim niesen,Rücken,sticht,beim Niesen,,/beschwerden/rueckenschmerzen/,Rückenschmerzen,medium,no,medium,medium,/beschwerden/rueckenschmerzen/,medium,MERGE_INTO_EXISTING,reject,"Empfindungs-Synonym — gleiche Intent-Gruppe wie die Grundform, keine eigene Seite."
Rücken sticht beim langen Gehen,rücken: schmerzt beim langen gehen,Rücken,sticht,beim langen Gehen,,/beschwerden/rueckenschmerzen/,Rückenschmerzen,high,no,medium,low,/beschwerden/rueckenschmerzen/,medium,REJECT_CANNIBALIZATION,reject,"Empfindungs-Synonym — gleiche Intent-Gruppe wie die Grundform, keine eigene Seite."
Rücken sticht morgens beim Aufstehen,rücken: schmerzt morgens beim aufstehen,Rücken,sticht,morgens beim Aufstehen,morgens,/beschwerden/rueckenschmerzen/,Rückenschmerzen,high,no,medium,low,/beschwerden/rueckenschmerzen/,medium,REJECT_CANNIBALIZATION,reject,"Empfindungs-Synonym — gleiche Intent-Gruppe wie die Grundform, keine eigene Seite."
Rücken sticht nachts beim Liegen,rücken: schmerzt nachts beim liegen,Rücken,sticht,nachts beim Liegen,nachts,/beschwerden/rueckenschmerzen/,Rückenschmerzen,high,no,medium,low,/beschwerden/rueckenschmerzen/,medium,REJECT_CANNIBALIZATION,reject,"Empfindungs-Synonym — gleiche Intent-Gruppe wie die Grundform, keine eigene Seite."
Rücken sticht nur im Stehen,rücken: schmerzt nur im stehen,Rücken,sticht,nur im Stehen,,/beschwerden/rueckenschmerzen/,Rückenschmerzen,high,no,medium,low,/beschwerden/rueckenschmerzen/,medium,REJECT_CANNIBALIZATION,reject,"Empfindungs-Synonym — gleiche Intent-Gruppe wie die Grundform, keine eigene Seite."
Rücken zieht beim Aufrichten nach dem Sitzen,rücken: schmerzt beim aufrichten nach dem sitzen,Rücken,zieht,beim Aufrichten nach dem Sitzen,,/beschwerden/rueckenschmerzen/,Rückenschmerzen,high,no,medium,low,/beschwerden/rueckenschmerzen/,medium,REJECT_CANNIBALIZATION,reject,"Empfindungs-Synonym — gleiche Intent-Gruppe wie die Grundform, keine eigene Seite."
Rücken zieht beim Bücken,rücken: schmerzt beim bücken,Rücken,zieht,beim Bücken,,/beschwerden/rueckenschmerzen/,Rückenschmerzen,high,no,medium,low,/beschwerden/rueckenschmerzen/,medium,REJECT_CANNIBALIZATION,reject,"Empfindungs-Synonym — gleiche Intent-Gruppe wie die Grundform, keine eigene Seite."
Rücken zieht beim Husten,rücken: schmerzt beim husten,Rücken,zieht,beim Husten,,/beschwerden/rueckenschmerzen/,Rückenschmerzen,medium,no,medium,medium,/beschwerden/rueckenschmerzen/,medium,MERGE_INTO_EXISTING,reject,"Empfindungs-Synonym — gleiche Intent-Gruppe wie die Grundform, keine eigene Seite."
Rücken zieht beim Niesen,rücken: schmerzt beim niesen,Rücken,zieht,beim Niesen,,/beschwerden/rueckenschmerzen/,Rückenschmerzen,medium,no,medium,medium,/beschwerden/rueckenschmerzen/,medium,MERGE_INTO_EXISTING,reject,"Empfindungs-Synonym — gleiche Intent-Gruppe wie die Grundform, keine eigene Seite."
Rücken zieht beim langen Gehen,rücken: schmerzt beim langen gehen,Rücken,zieht,beim langen Gehen,,/beschwerden/rueckenschmerzen/,Rückenschmerzen,high,no,medium,low,/beschwerden/rueckenschmerzen/,medium,REJECT_CANNIBALIZATION,reject,"Empfindungs-Synonym — gleiche Intent-Gruppe wie die Grundform, keine eigene Seite."
Rücken zieht morgens beim Aufstehen,rücken: schmerzt morgens beim aufstehen,Rücken,zieht,morgens beim Aufstehen,morgens,/beschwerden/rueckenschmerzen/,Rückenschmerzen,high,no,medium,low,/beschwerden/rueckenschmerzen/,medium,REJECT_CANNIBALIZATION,reject,"Empfindungs-Synonym — gleiche Intent-Gruppe wie die Grundform, keine eigene Seite."
Rücken zieht nachts beim Liegen,rücken: schmerzt nachts beim liegen,Rücken,zieht,nachts beim Liegen,nachts,/beschwerden/rueckenschmerzen/,Rückenschmerzen,high,no,medium,low,/beschwerden/rueckenschmerzen/,medium,REJECT_CANNIBALIZATION,reject,"Empfindungs-Synonym — gleiche Intent-Gruppe wie die Grundform, keine eigene Seite."
Rücken zieht nur im Stehen,rücken: schmerzt nur im stehen,Rücken,zieht,nur im Stehen,,/beschwerden/rueckenschmerzen/,Rückenschmerzen,high,no,medium,low,/beschwerden/rueckenschmerzen/,medium,REJECT_CANNIBALIZATION,reject,"Empfindungs-Synonym — gleiche Intent-Gruppe wie die Grundform, keine eigene Seite."
Warum rücken ist steif morgens?,rücken: ist steif morgens,Rücken,ist steif,morgens,morgens,/beschwerden/rueckenschmerzen/,Rückenschmerzen,high,no,medium,low,/beschwerden/rueckenschmerzen/,none,REJECT_CANNIBALIZATION,reject,Kernintent bereits von /beschwerden/rueckenschmerzen/ abgedeckt; Situations-Modifier ändert den Suchintent nicht substanziell.
Warum rücken ist steif nach dem Autofahren?,rücken: ist steif nach dem autofahren,Rücken,ist steif,nach dem Autofahren,,/beschwerden/rueckenschmerzen/,Rückenschmerzen,high,no,medium,low,/beschwerden/rueckenschmerzen/,none,REJECT_CANNIBALIZATION,reject,Kernintent bereits von /beschwerden/rueckenschmerzen/ abgedeckt; Situations-Modifier ändert den Suchintent nicht substanziell.
Warum rücken ist steif nach dem Sitzen?,rücken: ist steif nach dem sitzen,Rücken,ist steif,nach dem Sitzen,,/beschwerden/rueckenschmerzen/,Rückenschmerzen,high,no,medium,low,/beschwerden/rueckenschmerzen/,none,REJECT_CANNIBALIZATION,reject,Kernintent bereits von /beschwerden/rueckenschmerzen/ abgedeckt; Situations-Modifier ändert den Suchintent nicht substanziell.
Warum rücken schmerzt beim Aufrichten nach dem Sitzen?,rücken: schmerzt beim aufrichten nach dem sitzen,Rücken,schmerzt,beim Aufrichten nach dem Sitzen,,/beschwerden/rueckenschmerzen/,Rückenschmerzen,high,no,medium,low,/beschwerden/rueckenschmerzen/,medium,REJECT_CANNIBALIZATION,reject,Kernintent bereits von /beschwerden/rueckenschmerzen/ abgedeckt; Situations-Modifier ändert den Suchintent nicht substanziell.
Warum rücken schmerzt beim Bücken?,rücken: schmerzt beim bücken,Rücken,schmerzt,beim Bücken,,/beschwerden/rueckenschmerzen/,Rückenschmerzen,high,no,medium,low,/beschwerden/rueckenschmerzen/,medium,REJECT_CANNIBALIZATION,reject,Kernintent bereits von /beschwerden/rueckenschmerzen/ abgedeckt; Situations-Modifier ändert den Suchintent nicht substanziell.
Warum rücken schmerzt beim Husten?,rücken: schmerzt beim husten,Rücken,schmerzt,beim Husten,,/beschwerden/rueckenschmerzen/,Rückenschmerzen,medium,no,medium,medium,/beschwerden/rueckenschmerzen/,medium,MERGE_INTO_EXISTING,reject,"Muster-Intent plausibel eigenständig; manuell prüfen. (Frageform-Variante — gleiche Intent-Gruppe, KEINE eigene Seite.)"
Warum rücken schmerzt beim Niesen?,rücken: schmerzt beim niesen,Rücken,schmerzt,beim Niesen,,/beschwerden/rueckenschmerzen/,Rückenschmerzen,medium,no,medium,medium,/beschwerden/rueckenschmerzen/,medium,MERGE_INTO_EXISTING,reject,"Muster-Intent plausibel eigenständig; manuell prüfen. (Frageform-Variante — gleiche Intent-Gruppe, KEINE eigene Seite.)"
Warum rücken schmerzt beim langen Gehen?,rücken: schmerzt beim langen gehen,Rücken,schmerzt,beim langen Gehen,,/beschwerden/rueckenschmerzen/,Rückenschmerzen,high,no,medium,low,/beschwerden/rueckenschmerzen/,medium,REJECT_CANNIBALIZATION,reject,Kernintent bereits von /beschwerden/rueckenschmerzen/ abgedeckt; Situations-Modifier ändert den Suchintent nicht substanziell.
Warum rücken schmerzt morgens beim Aufstehen?,rücken: schmerzt morgens beim aufstehen,Rücken,schmerzt,morgens beim Aufstehen,morgens,/beschwerden/rueckenschmerzen/,Rückenschmerzen,high,no,medium,low,/beschwerden/rueckenschmerzen/,medium,REJECT_CANNIBALIZATION,reject,Kernintent bereits von /beschwerden/rueckenschmerzen/ abgedeckt; Situations-Modifier ändert den Suchintent nicht substanziell.
Warum rücken schmerzt nachts beim Liegen?,rücken: schmerzt nachts beim liegen,Rücken,schmerzt,nachts beim Liegen,nachts,/beschwerden/rueckenschmerzen/,Rückenschmerzen,high,no,medium,low,/beschwerden/rueckenschmerzen/,medium,REJECT_CANNIBALIZATION,reject,Kernintent bereits von /beschwerden/rueckenschmerzen/ abgedeckt; Situations-Modifier ändert den Suchintent nicht substanziell.
Warum rücken schmerzt nur im Stehen?,rücken: schmerzt nur im stehen,Rücken,schmerzt,nur im Stehen,,/beschwerden/rueckenschmerzen/,Rückenschmerzen,high,no,medium,low,/beschwerden/rueckenschmerzen/,medium,REJECT_CANNIBALIZATION,reject,Kernintent bereits von /beschwerden/rueckenschmerzen/ abgedeckt; Situations-Modifier ändert den Suchintent nicht substanziell.
Warum rücken sticht beim Aufrichten nach dem Sitzen?,rücken: schmerzt beim aufrichten nach dem sitzen,Rücken,sticht,beim Aufrichten nach dem Sitzen,,/beschwerden/rueckenschmerzen/,Rückenschmerzen,high,no,medium,low,/beschwerden/rueckenschmerzen/,medium,REJECT_CANNIBALIZATION,reject,"Empfindungs-Synonym — gleiche Intent-Gruppe wie die Grundform, keine eigene Seite."
Warum rücken sticht beim Bücken?,rücken: schmerzt beim bücken,Rücken,sticht,beim Bücken,,/beschwerden/rueckenschmerzen/,Rückenschmerzen,high,no,medium,low,/beschwerden/rueckenschmerzen/,medium,REJECT_CANNIBALIZATION,reject,"Empfindungs-Synonym — gleiche Intent-Gruppe wie die Grundform, keine eigene Seite."
Warum rücken sticht beim Husten?,rücken: schmerzt beim husten,Rücken,sticht,beim Husten,,/beschwerden/rueckenschmerzen/,Rückenschmerzen,medium,no,medium,medium,/beschwerden/rueckenschmerzen/,medium,MERGE_INTO_EXISTING,reject,"Empfindungs-Synonym — gleiche Intent-Gruppe wie die Grundform, keine eigene Seite."
Warum rücken sticht beim Niesen?,rücken: schmerzt beim niesen,Rücken,sticht,beim Niesen,,/beschwerden/rueckenschmerzen/,Rückenschmerzen,medium,no,medium,medium,/beschwerden/rueckenschmerzen/,medium,MERGE_INTO_EXISTING,reject,"Empfindungs-Synonym — gleiche Intent-Gruppe wie die Grundform, keine eigene Seite."
Warum rücken sticht beim langen Gehen?,rücken: schmerzt beim langen gehen,Rücken,sticht,beim langen Gehen,,/beschwerden/rueckenschmerzen/,Rückenschmerzen,high,no,medium,low,/beschwerden/rueckenschmerzen/,medium,REJECT_CANNIBALIZATION,reject,"Empfindungs-Synonym — gleiche Intent-Gruppe wie die Grundform, keine eigene Seite."
Warum rücken sticht morgens beim Aufstehen?,rücken: schmerzt morgens beim aufstehen,Rücken,sticht,morgens beim Aufstehen,morgens,/beschwerden/rueckenschmerzen/,Rückenschmerzen,high,no,medium,low,/beschwerden/rueckenschmerzen/,medium,REJECT_CANNIBALIZATION,reject,"Empfindungs-Synonym — gleiche Intent-Gruppe wie die Grundform, keine eigene Seite."
Warum rücken sticht nachts beim Liegen?,rücken: schmerzt nachts beim liegen,Rücken,sticht,nachts beim Liegen,nachts,/beschwerden/rueckenschmerzen/,Rückenschmerzen,high,no,medium,low,/beschwerden/rueckenschmerzen/,medium,REJECT_CANNIBALIZATION,reject,"Empfindungs-Synonym — gleiche Intent-Gruppe wie die Grundform, keine eigene Seite."
Warum rücken sticht nur im Stehen?,rücken: schmerzt nur im stehen,Rücken,sticht,nur im Stehen,,/beschwerden/rueckenschmerzen/,Rückenschmerzen,high,no,medium,low,/beschwerden/rueckenschmerzen/,medium,REJECT_CANNIBALIZATION,reject,"Empfindungs-Synonym — gleiche Intent-Gruppe wie die Grundform, keine eigene Seite."
Warum rücken zieht beim Aufrichten nach dem Sitzen?,rücken: schmerzt beim aufrichten nach dem sitzen,Rücken,zieht,beim Aufrichten nach dem Sitzen,,/beschwerden/rueckenschmerzen/,Rückenschmerzen,high,no,medium,low,/beschwerden/rueckenschmerzen/,medium,REJECT_CANNIBALIZATION,reject,"Empfindungs-Synonym — gleiche Intent-Gruppe wie die Grundform, keine eigene Seite."
Warum rücken zieht beim Bücken?,rücken: schmerzt beim bücken,Rücken,zieht,beim Bücken,,/beschwerden/rueckenschmerzen/,Rückenschmerzen,high,no,medium,low,/beschwerden/rueckenschmerzen/,medium,REJECT_CANNIBALIZATION,reject,"Empfindungs-Synonym — gleiche Intent-Gruppe wie die Grundform, keine eigene Seite."
Warum rücken zieht beim Husten?,rücken: schmerzt beim husten,Rücken,zieht,beim Husten,,/beschwerden/rueckenschmerzen/,Rückenschmerzen,medium,no,medium,medium,/beschwerden/rueckenschmerzen/,medium,MERGE_INTO_EXISTING,reject,"Empfindungs-Synonym — gleiche Intent-Gruppe wie die Grundform, keine eigene Seite."
Warum rücken zieht beim Niesen?,rücken: schmerzt beim niesen,Rücken,zieht,beim Niesen,,/beschwerden/rueckenschmerzen/,Rückenschmerzen,medium,no,medium,medium,/beschwerden/rueckenschmerzen/,medium,MERGE_INTO_EXISTING,reject,"Empfindungs-Synonym — gleiche Intent-Gruppe wie die Grundform, keine eigene Seite."
Warum rücken zieht beim langen Gehen?,rücken: schmerzt beim langen gehen,Rücken,zieht,beim langen Gehen,,/beschwerden/rueckenschmerzen/,Rückenschmerzen,high,no,medium,low,/beschwerden/rueckenschmerzen/,medium,REJECT_CANNIBALIZATION,reject,"Empfindungs-Synonym — gleiche Intent-Gruppe wie die Grundform, keine eigene Seite."
Warum rücken zieht morgens beim Aufstehen?,rücken: schmerzt morgens beim aufstehen,Rücken,zieht,morgens beim Aufstehen,morgens,/beschwerden/rueckenschmerzen/,Rückenschmerzen,high,no,medium,low,/beschwerden/rueckenschmerzen/,medium,REJECT_CANNIBALIZATION,reject,"Empfindungs-Synonym — gleiche Intent-Gruppe wie die Grundform, keine eigene Seite."
Warum rücken zieht nachts beim Liegen?,rücken: schmerzt nachts beim liegen,Rücken,zieht,nachts beim Liegen,nachts,/beschwerden/rueckenschmerzen/,Rückenschmerzen,high,no,medium,low,/beschwerden/rueckenschmerzen/,medium,REJECT_CANNIBALIZATION,reject,"Empfindungs-Synonym — gleiche Intent-Gruppe wie die Grundform, keine eigene Seite."
Warum rücken zieht nur im Stehen?,rücken: schmerzt nur im stehen,Rücken,zieht,nur im Stehen,,/beschwerden/rueckenschmerzen/,Rückenschmerzen,high,no,medium,low,/beschwerden/rueckenschmerzen/,medium,REJECT_CANNIBALIZATION,reject,"Empfindungs-Synonym — gleiche Intent-Gruppe wie die Grundform, keine eigene Seite."
Was bedeutet es wenn rücken schmerzt beim Husten?,rücken: schmerzt beim husten,Rücken,schmerzt,beim Husten,,/beschwerden/rueckenschmerzen/,Rückenschmerzen,medium,no,medium,medium,/beschwerden/rueckenschmerzen/,medium,MERGE_INTO_EXISTING,reject,"Frageform-Variante — gleiche Intent-Gruppe wie die Grundform, keine eigene Seite."
Was bedeutet es wenn rücken schmerzt beim Niesen?,rücken: schmerzt beim niesen,Rücken,schmerzt,beim Niesen,,/beschwerden/rueckenschmerzen/,Rückenschmerzen,medium,no,medium,medium,/beschwerden/rueckenschmerzen/,medium,MERGE_INTO_EXISTING,reject,"Frageform-Variante — gleiche Intent-Gruppe wie die Grundform, keine eigene Seite."
Was tun wenn rücken schmerzt beim Husten?,rücken: schmerzt beim husten,Rücken,schmerzt,beim Husten,,/beschwerden/rueckenschmerzen/,Rückenschmerzen,medium,no,medium,medium,/beschwerden/rueckenschmerzen/,medium,MERGE_INTO_EXISTING,reject,"Frageform-Variante — gleiche Intent-Gruppe wie Grundform, KEINE eigene Seite."
Was tun wenn rücken schmerzt beim Niesen?,rücken: schmerzt beim niesen,Rücken,schmerzt,beim Niesen,,/beschwerden/rueckenschmerzen/,Rückenschmerzen,medium,no,medium,medium,/beschwerden/rueckenschmerzen/,medium,MERGE_INTO_EXISTING,reject,"Frageform-Variante — gleiche Intent-Gruppe wie Grundform, KEINE eigene Seite."
Was tun wenn rücken sticht beim Husten?,rücken: schmerzt beim husten,Rücken,sticht,beim Husten,,/beschwerden/rueckenschmerzen/,Rückenschmerzen,medium,no,medium,medium,/beschwerden/rueckenschmerzen/,medium,MERGE_INTO_EXISTING,reject,"Empfindungs-Synonym — gleiche Intent-Gruppe wie die Grundform, keine eigene Seite."
Was tun wenn rücken sticht beim Niesen?,rücken: schmerzt beim niesen,Rücken,sticht,beim Niesen,,/beschwerden/rueckenschmerzen/,Rückenschmerzen,medium,no,medium,medium,/beschwerden/rueckenschmerzen/,medium,MERGE_INTO_EXISTING,reject,"Empfindungs-Synonym — gleiche Intent-Gruppe wie die Grundform, keine eigene Seite."
Was tun wenn rücken zieht beim Husten?,rücken: schmerzt beim husten,Rücken,zieht,beim Husten,,/beschwerden/rueckenschmerzen/,Rückenschmerzen,medium,no,medium,medium,/beschwerden/rueckenschmerzen/,medium,MERGE_INTO_EXISTING,reject,"Empfindungs-Synonym — gleiche Intent-Gruppe wie die Grundform, keine eigene Seite."
Was tun wenn rücken zieht beim Niesen?,rücken: schmerzt beim niesen,Rücken,zieht,beim Niesen,,/beschwerden/rueckenschmerzen/,Rückenschmerzen,medium,no,medium,medium,/beschwerden/rueckenschmerzen/,medium,MERGE_INTO_EXISTING,reject,"Empfindungs-Synonym — gleiche Intent-Gruppe wie die Grundform, keine eigene Seite."
Warum gegen 3 Uhr aufwachen?,schlaf: aufwachen gegen 3 uhr,Schlaf,Aufwachen,gegen 3 Uhr,,/beschwerden/schlafprobleme/,Schlafprobleme,medium,no,medium,medium,/beschwerden/schlafprobleme/,medium,MERGE_INTO_EXISTING,reject,"Muster-Intent plausibel eigenständig; manuell prüfen. (Frageform-Variante — gleiche Intent-Gruppe, KEINE eigene Seite.)"
Warum immer zur gleichen Uhrzeit aufwachen?,schlaf: aufwachen immer zur gleichen uhrzeit,Schlaf,Aufwachen,immer zur gleichen Uhrzeit,,/beschwerden/schlafprobleme/,Schlafprobleme,high,no,medium,low,/beschwerden/schlafprobleme/,medium,REJECT_CANNIBALIZATION,reject,Kernintent bereits von /beschwerden/schlafprobleme/ abgedeckt; Situations-Modifier ändert den Suchintent nicht substanziell.
Warum nach 4 Stunden aufwachen?,schlaf: aufwachen nach 4 stunden,Schlaf,Aufwachen,nach 4 Stunden,,/beschwerden/schlafprobleme/,Schlafprobleme,high,no,medium,low,/beschwerden/schlafprobleme/,medium,REJECT_CANNIBALIZATION,reject,Kernintent bereits von /beschwerden/schlafprobleme/ abgedeckt; Situations-Modifier ändert den Suchintent nicht substanziell.
Warum nachts aufwachen mit Herzklopfen?,schlaf: aufwachen mit herzklopfen,Schlaf,Aufwachen,mit Herzklopfen,,/beschwerden/schlafprobleme/,Schlafprobleme,high,no,medium,low,/beschwerden/schlafprobleme/,medium,REJECT_CANNIBALIZATION,reject,Kernintent bereits von /beschwerden/schlafprobleme/ abgedeckt; Situations-Modifier ändert den Suchintent nicht substanziell.
Warum nachts aufwachen schweissgebadet?,schlaf: aufwachen schweissgebadet,Schlaf,Aufwachen,schweissgebadet,,/beschwerden/schlafprobleme/,Schlafprobleme,high,no,medium,low,/beschwerden/schlafprobleme/,medium,REJECT_CANNIBALIZATION,reject,Kernintent bereits von /beschwerden/schlafprobleme/ abgedeckt; Situations-Modifier ändert den Suchintent nicht substanziell.
Was bedeutet es wenn gegen 3 Uhr aufwachen?,schlaf: aufwachen gegen 3 uhr,Schlaf,Aufwachen,gegen 3 Uhr,,/beschwerden/schlafprobleme/,Schlafprobleme,medium,no,medium,medium,/beschwerden/schlafprobleme/,medium,MERGE_INTO_EXISTING,reject,"Frageform-Variante — gleiche Intent-Gruppe wie die Grundform, keine eigene Seite."
Was tun wenn gegen 3 Uhr aufwachen?,schlaf: aufwachen gegen 3 uhr,Schlaf,Aufwachen,gegen 3 Uhr,,/beschwerden/schlafprobleme/,Schlafprobleme,medium,no,medium,medium,/beschwerden/schlafprobleme/,medium,MERGE_INTO_EXISTING,reject,"Frageform-Variante — gleiche Intent-Gruppe wie Grundform, KEINE eigene Seite."
nach 4 Stunden aufwachen,schlaf: aufwachen nach 4 stunden,Schlaf,Aufwachen,nach 4 Stunden,,/beschwerden/schlafprobleme/,Schlafprobleme,high,no,medium,low,/beschwerden/schlafprobleme/,medium,REJECT_CANNIBALIZATION,reject,Kernintent bereits von /beschwerden/schlafprobleme/ abgedeckt; Situations-Modifier ändert den Suchintent nicht substanziell.
nachts aufwachen mit Herzklopfen,schlaf: aufwachen mit herzklopfen,Schlaf,Aufwachen,mit Herzklopfen,,/beschwerden/schlafprobleme/,Schlafprobleme,high,no,medium,low,/beschwerden/schlafprobleme/,medium,REJECT_CANNIBALIZATION,reject,Kernintent bereits von /beschwerden/schlafprobleme/ abgedeckt; Situations-Modifier ändert den Suchintent nicht substanziell.
nachts aufwachen schweissgebadet,schlaf: aufwachen schweissgebadet,Schlaf,Aufwachen,schweissgebadet,,/beschwerden/schlafprobleme/,Schlafprobleme,high,no,medium,low,/beschwerden/schlafprobleme/,medium,REJECT_CANNIBALIZATION,reject,Kernintent bereits von /beschwerden/schlafprobleme/ abgedeckt; Situations-Modifier ändert den Suchintent nicht substanziell.
Warum schleim sitzt im Hals morgens?,schleim: sitzt im hals morgens,Schleim,sitzt im Hals,morgens,morgens,/beschwerden/sodbrennen/,Sodbrennen & Reflux,medium,no,medium,medium,/beschwerden/sodbrennen/,none,MERGE_INTO_EXISTING,reject,"Frageform-Variante — gleiche Intent-Gruppe wie die Grundform, keine eigene Seite."
Warum schleim sitzt im Hals nach Milchprodukten?,schleim: sitzt im hals nach milchprodukten,Schleim,sitzt im Hals,nach Milchprodukten,,/beschwerden/sodbrennen/,Sodbrennen & Reflux,medium,no,medium,medium,/beschwerden/sodbrennen/,none,MERGE_INTO_EXISTING,reject,"Frageform-Variante — gleiche Intent-Gruppe wie die Grundform, keine eigene Seite."
Warum schleim sitzt im Hals ständig?,schleim: sitzt im hals ständig,Schleim,sitzt im Hals,ständig,,/beschwerden/sodbrennen/,Sodbrennen & Reflux,medium,no,medium,medium,/beschwerden/sodbrennen/,none,MERGE_INTO_EXISTING,reject,"Frageform-Variante — gleiche Intent-Gruppe wie die Grundform, keine eigene Seite."
Was bedeutet es wenn schleim sitzt im Hals morgens?,schleim: sitzt im hals morgens,Schleim,sitzt im Hals,morgens,morgens,/beschwerden/sodbrennen/,Sodbrennen & Reflux,medium,no,medium,medium,/beschwerden/sodbrennen/,none,MERGE_INTO_EXISTING,reject,"Frageform-Variante — gleiche Intent-Gruppe wie die Grundform, keine eigene Seite."
Was bedeutet es wenn schleim sitzt im Hals nach Milchprodukten?,schleim: sitzt im hals nach milchprodukten,Schleim,sitzt im Hals,nach Milchprodukten,,/beschwerden/sodbrennen/,Sodbrennen & Reflux,medium,no,medium,medium,/beschwerden/sodbrennen/,none,MERGE_INTO_EXISTING,reject,"Frageform-Variante — gleiche Intent-Gruppe wie die Grundform, keine eigene Seite."
Was bedeutet es wenn schleim sitzt im Hals ständig?,schleim: sitzt im hals ständig,Schleim,sitzt im Hals,ständig,,/beschwerden/sodbrennen/,Sodbrennen & Reflux,medium,no,medium,medium,/beschwerden/sodbrennen/,none,MERGE_INTO_EXISTING,reject,"Frageform-Variante — gleiche Intent-Gruppe wie die Grundform, keine eigene Seite."
Was tun wenn schleim sitzt im Hals morgens?,schleim: sitzt im hals morgens,Schleim,sitzt im Hals,morgens,morgens,/beschwerden/sodbrennen/,Sodbrennen & Reflux,medium,no,medium,medium,/beschwerden/sodbrennen/,none,MERGE_INTO_EXISTING,reject,"Frageform-Variante — gleiche Intent-Gruppe wie die Grundform, keine eigene Seite."
Was tun wenn schleim sitzt im Hals nach Milchprodukten?,schleim: sitzt im hals nach milchprodukten,Schleim,sitzt im Hals,nach Milchprodukten,,/beschwerden/sodbrennen/,Sodbrennen & Reflux,medium,no,medium,medium,/beschwerden/sodbrennen/,none,MERGE_INTO_EXISTING,reject,"Frageform-Variante — gleiche Intent-Gruppe wie die Grundform, keine eigene Seite."
Was tun wenn schleim sitzt im Hals ständig?,schleim: sitzt im hals ständig,Schleim,sitzt im Hals,ständig,,/beschwerden/sodbrennen/,Sodbrennen & Reflux,medium,no,medium,medium,/beschwerden/sodbrennen/,none,MERGE_INTO_EXISTING,reject,"Frageform-Variante — gleiche Intent-Gruppe wie die Grundform, keine eigene Seite."
Schluckauf bleibt seit Stunden,schluckauf: bleibt seit stunden,Schluckauf,bleibt,seit Stunden,,/beschwerden/verdauungsprobleme/,Verdauungsprobleme,medium,yes,medium,medium,/beschwerden/verdauungsprobleme/,none,REJECT_TOO_THIN,reject,Kein tragfähiger eigenständiger Behandlungs-Intent für TCM.ch.
Warum schluckauf bleibt immer nach dem Essen?,schluckauf: bleibt immer nach dem essen,Schluckauf,bleibt,immer nach dem Essen,,/beschwerden/verdauungsprobleme/,Verdauungsprobleme,medium,no,medium,medium,/beschwerden/verdauungsprobleme/,none,MERGE_INTO_EXISTING,reject,"Frageform-Variante — gleiche Intent-Gruppe wie die Grundform, keine eigene Seite."
Warum schluckauf bleibt seit Stunden?,schluckauf: bleibt seit stunden,Schluckauf,bleibt,seit Stunden,,/beschwerden/verdauungsprobleme/,Verdauungsprobleme,medium,no,medium,medium,/beschwerden/verdauungsprobleme/,none,MERGE_INTO_EXISTING,reject,"Frageform-Variante — gleiche Intent-Gruppe wie die Grundform, keine eigene Seite."
Was bedeutet es wenn schluckauf bleibt immer nach dem Essen?,schluckauf: bleibt immer nach dem essen,Schluckauf,bleibt,immer nach dem Essen,,/beschwerden/verdauungsprobleme/,Verdauungsprobleme,medium,no,medium,medium,/beschwerden/verdauungsprobleme/,none,MERGE_INTO_EXISTING,reject,"Frageform-Variante — gleiche Intent-Gruppe wie die Grundform, keine eigene Seite."
Was bedeutet es wenn schluckauf bleibt seit Stunden?,schluckauf: bleibt seit stunden,Schluckauf,bleibt,seit Stunden,,/beschwerden/verdauungsprobleme/,Verdauungsprobleme,medium,no,medium,medium,/beschwerden/verdauungsprobleme/,none,MERGE_INTO_EXISTING,reject,"Frageform-Variante — gleiche Intent-Gruppe wie die Grundform, keine eigene Seite."
Was tun wenn schluckauf bleibt immer nach dem Essen?,schluckauf: bleibt immer nach dem essen,Schluckauf,bleibt,immer nach dem Essen,,/beschwerden/verdauungsprobleme/,Verdauungsprobleme,medium,no,medium,medium,/beschwerden/verdauungsprobleme/,none,MERGE_INTO_EXISTING,reject,"Frageform-Variante — gleiche Intent-Gruppe wie die Grundform, keine eigene Seite."
Was tun wenn schluckauf bleibt seit Stunden?,schluckauf: bleibt seit stunden,Schluckauf,bleibt,seit Stunden,,/beschwerden/verdauungsprobleme/,Verdauungsprobleme,medium,no,medium,medium,/beschwerden/verdauungsprobleme/,none,MERGE_INTO_EXISTING,reject,"Frageform-Variante — gleiche Intent-Gruppe wie die Grundform, keine eigene Seite."
Schulter schmerzt beim Anheben des Arms,schulter: schmerzt beim anheben des arms,Schulter,schmerzt,beim Anheben des Arms,,/beschwerden/schulterschmerzen/,Schulterschmerzen,high,no,medium,low,/beschwerden/schulterschmerzen/,none,REJECT_CANNIBALIZATION,reject,Kernintent bereits von /beschwerden/schulterschmerzen/ abgedeckt; Situations-Modifier ändert den Suchintent nicht substanziell.
Schulter schmerzt beim Griff nach hinten,schulter: schmerzt beim griff nach hinten,Schulter,schmerzt,beim Griff nach hinten,,/beschwerden/schulterschmerzen/,Schulterschmerzen,high,no,medium,low,/beschwerden/schulterschmerzen/,none,REJECT_CANNIBALIZATION,reject,Kernintent bereits von /beschwerden/schulterschmerzen/ abgedeckt; Situations-Modifier ändert den Suchintent nicht substanziell.
Schulter schmerzt nachts beim Liegen auf der Seite,schulter: schmerzt nachts beim liegen auf der seite,Schulter,schmerzt,nachts beim Liegen auf der Seite,nachts,/beschwerden/schulterschmerzen/,Schulterschmerzen,high,no,medium,low,/beschwerden/schulterschmerzen/,none,REJECT_CANNIBALIZATION,reject,Kernintent bereits von /beschwerden/schulterschmerzen/ abgedeckt; Situations-Modifier ändert den Suchintent nicht substanziell.
Schulter schmerzt über Kopf,schulter: schmerzt über kopf,Schulter,schmerzt,über Kopf,,/beschwerden/schulterschmerzen/,Schulterschmerzen,high,no,medium,low,/beschwerden/schulterschmerzen/,none,REJECT_CANNIBALIZATION,reject,Kernintent bereits von /beschwerden/schulterschmerzen/ abgedeckt; Situations-Modifier ändert den Suchintent nicht substanziell.
Schulter sticht beim Anheben des Arms,schulter: schmerzt beim anheben des arms,Schulter,sticht,beim Anheben des Arms,,/beschwerden/schulterschmerzen/,Schulterschmerzen,high,no,medium,low,/beschwerden/schulterschmerzen/,none,REJECT_CANNIBALIZATION,reject,"Empfindungs-Synonym — gleiche Intent-Gruppe wie die Grundform, keine eigene Seite."
Schulter sticht beim Griff nach hinten,schulter: schmerzt beim griff nach hinten,Schulter,sticht,beim Griff nach hinten,,/beschwerden/schulterschmerzen/,Schulterschmerzen,high,no,medium,low,/beschwerden/schulterschmerzen/,none,REJECT_CANNIBALIZATION,reject,"Empfindungs-Synonym — gleiche Intent-Gruppe wie die Grundform, keine eigene Seite."
Schulter sticht nachts beim Liegen auf der Seite,schulter: schmerzt nachts beim liegen auf der seite,Schulter,sticht,nachts beim Liegen auf der Seite,nachts,/beschwerden/schulterschmerzen/,Schulterschmerzen,high,no,medium,low,/beschwerden/schulterschmerzen/,none,REJECT_CANNIBALIZATION,reject,"Empfindungs-Synonym — gleiche Intent-Gruppe wie die Grundform, keine eigene Seite."
Schulter sticht über Kopf,schulter: schmerzt über kopf,Schulter,sticht,über Kopf,,/beschwerden/schulterschmerzen/,Schulterschmerzen,high,no,medium,low,/beschwerden/schulterschmerzen/,none,REJECT_CANNIBALIZATION,reject,"Empfindungs-Synonym — gleiche Intent-Gruppe wie die Grundform, keine eigene Seite."
Schulter zieht beim Anheben des Arms,schulter: schmerzt beim anheben des arms,Schulter,zieht,beim Anheben des Arms,,/beschwerden/schulterschmerzen/,Schulterschmerzen,high,no,medium,low,/beschwerden/schulterschmerzen/,none,REJECT_CANNIBALIZATION,reject,"Empfindungs-Synonym — gleiche Intent-Gruppe wie die Grundform, keine eigene Seite."
Schulter zieht beim Griff nach hinten,schulter: schmerzt beim griff nach hinten,Schulter,zieht,beim Griff nach hinten,,/beschwerden/schulterschmerzen/,Schulterschmerzen,high,no,medium,low,/beschwerden/schulterschmerzen/,none,REJECT_CANNIBALIZATION,reject,"Empfindungs-Synonym — gleiche Intent-Gruppe wie die Grundform, keine eigene Seite."
Schulter zieht nachts beim Liegen auf der Seite,schulter: schmerzt nachts beim liegen auf der seite,Schulter,zieht,nachts beim Liegen auf der Seite,nachts,/beschwerden/schulterschmerzen/,Schulterschmerzen,high,no,medium,low,/beschwerden/schulterschmerzen/,none,REJECT_CANNIBALIZATION,reject,"Empfindungs-Synonym — gleiche Intent-Gruppe wie die Grundform, keine eigene Seite."
Schulter zieht über Kopf,schulter: schmerzt über kopf,Schulter,zieht,über Kopf,,/beschwerden/schulterschmerzen/,Schulterschmerzen,high,no,medium,low,/beschwerden/schulterschmerzen/,none,REJECT_CANNIBALIZATION,reject,"Empfindungs-Synonym — gleiche Intent-Gruppe wie die Grundform, keine eigene Seite."
Warum schulter knackt bei jeder Bewegung?,schulter: knackt bei jeder bewegung,Schulter,knackt,bei jeder Bewegung,,/beschwerden/schulterschmerzen/,Schulterschmerzen,low,no,medium,medium,/beschwerden/schulterschmerzen/,none,MERGE_INTO_EXISTING,reject,"Muster-Intent plausibel eigenständig; manuell prüfen. (Frageform-Variante — gleiche Intent-Gruppe, KEINE eigene Seite.)"
Warum schulter knackt beim Kreisen?,schulter: knackt beim kreisen,Schulter,knackt,beim Kreisen,,/beschwerden/schulterschmerzen/,Schulterschmerzen,low,no,medium,medium,/beschwerden/schulterschmerzen/,none,MERGE_INTO_EXISTING,reject,"Muster-Intent plausibel eigenständig; manuell prüfen. (Frageform-Variante — gleiche Intent-Gruppe, KEINE eigene Seite.)"
Warum schulter schmerzt beim Anheben des Arms?,schulter: schmerzt beim anheben des arms,Schulter,schmerzt,beim Anheben des Arms,,/beschwerden/schulterschmerzen/,Schulterschmerzen,high,no,medium,low,/beschwerden/schulterschmerzen/,none,REJECT_CANNIBALIZATION,reject,Kernintent bereits von /beschwerden/schulterschmerzen/ abgedeckt; Situations-Modifier ändert den Suchintent nicht substanziell.
Warum schulter schmerzt beim Griff nach hinten?,schulter: schmerzt beim griff nach hinten,Schulter,schmerzt,beim Griff nach hinten,,/beschwerden/schulterschmerzen/,Schulterschmerzen,high,no,medium,low,/beschwerden/schulterschmerzen/,none,REJECT_CANNIBALIZATION,reject,Kernintent bereits von /beschwerden/schulterschmerzen/ abgedeckt; Situations-Modifier ändert den Suchintent nicht substanziell.
Warum schulter schmerzt nachts beim Liegen auf der Seite?,schulter: schmerzt nachts beim liegen auf der seite,Schulter,schmerzt,nachts beim Liegen auf der Seite,nachts,/beschwerden/schulterschmerzen/,Schulterschmerzen,high,no,medium,low,/beschwerden/schulterschmerzen/,none,REJECT_CANNIBALIZATION,reject,Kernintent bereits von /beschwerden/schulterschmerzen/ abgedeckt; Situations-Modifier ändert den Suchintent nicht substanziell.
Warum schulter schmerzt über Kopf?,schulter: schmerzt über kopf,Schulter,schmerzt,über Kopf,,/beschwerden/schulterschmerzen/,Schulterschmerzen,high,no,medium,low,/beschwerden/schulterschmerzen/,none,REJECT_CANNIBALIZATION,reject,Kernintent bereits von /beschwerden/schulterschmerzen/ abgedeckt; Situations-Modifier ändert den Suchintent nicht substanziell.
Warum schulter sticht beim Anheben des Arms?,schulter: schmerzt beim anheben des arms,Schulter,sticht,beim Anheben des Arms,,/beschwerden/schulterschmerzen/,Schulterschmerzen,high,no,medium,low,/beschwerden/schulterschmerzen/,none,REJECT_CANNIBALIZATION,reject,"Empfindungs-Synonym — gleiche Intent-Gruppe wie die Grundform, keine eigene Seite."
Warum schulter sticht beim Griff nach hinten?,schulter: schmerzt beim griff nach hinten,Schulter,sticht,beim Griff nach hinten,,/beschwerden/schulterschmerzen/,Schulterschmerzen,high,no,medium,low,/beschwerden/schulterschmerzen/,none,REJECT_CANNIBALIZATION,reject,"Empfindungs-Synonym — gleiche Intent-Gruppe wie die Grundform, keine eigene Seite."
Warum schulter sticht nachts beim Liegen auf der Seite?,schulter: schmerzt nachts beim liegen auf der seite,Schulter,sticht,nachts beim Liegen auf der Seite,nachts,/beschwerden/schulterschmerzen/,Schulterschmerzen,high,no,medium,low,/beschwerden/schulterschmerzen/,none,REJECT_CANNIBALIZATION,reject,"Empfindungs-Synonym — gleiche Intent-Gruppe wie die Grundform, keine eigene Seite."
Warum schulter sticht über Kopf?,schulter: schmerzt über kopf,Schulter,sticht,über Kopf,,/beschwerden/schulterschmerzen/,Schulterschmerzen,high,no,medium,low,/beschwerden/schulterschmerzen/,none,REJECT_CANNIBALIZATION,reject,"Empfindungs-Synonym — gleiche Intent-Gruppe wie die Grundform, keine eigene Seite."
Warum schulter zieht beim Anheben des Arms?,schulter: schmerzt beim anheben des arms,Schulter,zieht,beim Anheben des Arms,,/beschwerden/schulterschmerzen/,Schulterschmerzen,high,no,medium,low,/beschwerden/schulterschmerzen/,none,REJECT_CANNIBALIZATION,reject,"Empfindungs-Synonym — gleiche Intent-Gruppe wie die Grundform, keine eigene Seite."
Warum schulter zieht beim Griff nach hinten?,schulter: schmerzt beim griff nach hinten,Schulter,zieht,beim Griff nach hinten,,/beschwerden/schulterschmerzen/,Schulterschmerzen,high,no,medium,low,/beschwerden/schulterschmerzen/,none,REJECT_CANNIBALIZATION,reject,"Empfindungs-Synonym — gleiche Intent-Gruppe wie die Grundform, keine eigene Seite."
Warum schulter zieht nachts beim Liegen auf der Seite?,schulter: schmerzt nachts beim liegen auf der seite,Schulter,zieht,nachts beim Liegen auf der Seite,nachts,/beschwerden/schulterschmerzen/,Schulterschmerzen,high,no,medium,low,/beschwerden/schulterschmerzen/,none,REJECT_CANNIBALIZATION,reject,"Empfindungs-Synonym — gleiche Intent-Gruppe wie die Grundform, keine eigene Seite."
Warum schulter zieht über Kopf?,schulter: schmerzt über kopf,Schulter,zieht,über Kopf,,/beschwerden/schulterschmerzen/,Schulterschmerzen,high,no,medium,low,/beschwerden/schulterschmerzen/,none,REJECT_CANNIBALIZATION,reject,"Empfindungs-Synonym — gleiche Intent-Gruppe wie die Grundform, keine eigene Seite."
Was bedeutet es wenn schulter knackt bei jeder Bewegung?,schulter: knackt bei jeder bewegung,Schulter,knackt,bei jeder Bewegung,,/beschwerden/schulterschmerzen/,Schulterschmerzen,low,no,medium,medium,/beschwerden/schulterschmerzen/,none,MERGE_INTO_EXISTING,reject,"Frageform-Variante — gleiche Intent-Gruppe wie die Grundform, keine eigene Seite."
Was bedeutet es wenn schulter knackt beim Kreisen?,schulter: knackt beim kreisen,Schulter,knackt,beim Kreisen,,/beschwerden/schulterschmerzen/,Schulterschmerzen,low,no,medium,medium,/beschwerden/schulterschmerzen/,none,MERGE_INTO_EXISTING,reject,"Frageform-Variante — gleiche Intent-Gruppe wie die Grundform, keine eigene Seite."
Was tun wenn schulter knackt bei jeder Bewegung?,schulter: knackt bei jeder bewegung,Schulter,knackt,bei jeder Bewegung,,/beschwerden/schulterschmerzen/,Schulterschmerzen,low,no,medium,medium,/beschwerden/schulterschmerzen/,none,MERGE_INTO_EXISTING,reject,"Frageform-Variante — gleiche Intent-Gruppe wie Grundform, KEINE eigene Seite."
Was tun wenn schulter knackt beim Kreisen?,schulter: knackt beim kreisen,Schulter,knackt,beim Kreisen,,/beschwerden/schulterschmerzen/,Schulterschmerzen,low,no,medium,medium,/beschwerden/schulterschmerzen/,none,MERGE_INTO_EXISTING,reject,"Frageform-Variante — gleiche Intent-Gruppe wie Grundform, KEINE eigene Seite."
Schweiss bricht aus bei kleinster Anstrengung,schweiss: bricht aus bei kleinster anstrengung,Schweiss,bricht aus,bei kleinster Anstrengung,,/beschwerden/hyperhidrose/,Starkes Schwitzen (Hyperhidrose) – TCM,high,no,medium,low,/beschwerden/hyperhidrose/,medium,REJECT_CANNIBALIZATION,reject,Kernintent bereits von /beschwerden/hyperhidrose/ abgedeckt.
Schweiss bricht aus beim Essen,schweiss: bricht aus beim essen,Schweiss,bricht aus,beim Essen,,/beschwerden/hyperhidrose/,Starkes Schwitzen (Hyperhidrose) – TCM,high,no,medium,low,/beschwerden/hyperhidrose/,medium,REJECT_CANNIBALIZATION,reject,Kernintent bereits von /beschwerden/hyperhidrose/ abgedeckt.
Schweiss bricht aus in Stresssituationen,schweiss: bricht aus in stresssituationen,Schweiss,bricht aus,in Stresssituationen,,/beschwerden/hyperhidrose/,Starkes Schwitzen (Hyperhidrose) – TCM,high,no,medium,low,/beschwerden/hyperhidrose/,medium,REJECT_CANNIBALIZATION,reject,Kernintent bereits von /beschwerden/hyperhidrose/ abgedeckt.
Schweiss bricht aus nachts,schweiss: bricht aus nachts,Schweiss,bricht aus,nachts,nachts,/beschwerden/hyperhidrose/,Starkes Schwitzen (Hyperhidrose) – TCM,high,no,medium,low,/beschwerden/hyperhidrose/,medium,REJECT_CANNIBALIZATION,reject,Kernintent bereits von /beschwerden/hyperhidrose/ abgedeckt.
Schwindel beim Bücken,schwindel: tritt auf beim bücken,Schwindel,tritt auf,beim Bücken,,/beschwerden/schwindel/,Schwindel,high,no,medium,low,/beschwerden/schwindel/,medium,REJECT_CANNIBALIZATION,reject,Kernintent bereits von /beschwerden/schwindel/ abgedeckt; Situations-Modifier ändert den Suchintent nicht substanziell.
Schwindel beim Gehen,schwindel: tritt auf beim gehen,Schwindel,tritt auf,beim Gehen,,/beschwerden/schwindel/,Schwindel,high,no,medium,low,/beschwerden/schwindel/,medium,REJECT_CANNIBALIZATION,reject,Kernintent bereits von /beschwerden/schwindel/ abgedeckt; Situations-Modifier ändert den Suchintent nicht substanziell.
Schwindel beim Kopfdrehen,schwindel: tritt auf beim kopfdrehen,Schwindel,tritt auf,beim Kopfdrehen,,/beschwerden/schwindel/,Schwindel,high,no,medium,low,/beschwerden/schwindel/,medium,REJECT_CANNIBALIZATION,reject,Kernintent bereits von /beschwerden/schwindel/ abgedeckt; Situations-Modifier ändert den Suchintent nicht substanziell.
Schwindel beim Zurücklegen des Kopfes,schwindel: tritt auf beim zurücklegen des kopfes,Schwindel,tritt auf,beim Zurücklegen des Kopfes,,/beschwerden/schwindel/,Schwindel,high,no,medium,low,/beschwerden/schwindel/,medium,REJECT_CANNIBALIZATION,reject,Kernintent bereits von /beschwerden/schwindel/ abgedeckt; Situations-Modifier ändert den Suchintent nicht substanziell.
Schwindel im Supermarkt,schwindel: tritt auf im supermarkt,Schwindel,tritt auf,im Supermarkt,,/beschwerden/schwindel/,Schwindel,high,no,medium,low,/beschwerden/schwindel/,medium,REJECT_CANNIBALIZATION,reject,Kernintent bereits von /beschwerden/schwindel/ abgedeckt; Situations-Modifier ändert den Suchintent nicht substanziell.
Schwindel nach dem Aufstehen morgens,schwindel: tritt auf nach dem aufstehen morgens,Schwindel,tritt auf,nach dem Aufstehen morgens,morgens,/beschwerden/schwindel/,Schwindel,high,no,medium,low,/beschwerden/schwindel/,medium,REJECT_CANNIBALIZATION,reject,Kernintent bereits von /beschwerden/schwindel/ abgedeckt; Situations-Modifier ändert den Suchintent nicht substanziell.
Warum schwindel beim Aufstehen aus dem Sitzen?,schwindel: tritt auf beim aufstehen aus dem sitzen,Schwindel,tritt auf,beim Aufstehen aus dem Sitzen,,/beschwerden/schwindel/,Schwindel,high,no,medium,low,/beschwerden/schwindel/,medium,REJECT_CANNIBALIZATION,reject,Kernintent bereits von /beschwerden/schwindel/ abgedeckt; Situations-Modifier ändert den Suchintent nicht substanziell.
Warum schwindel beim Bücken?,schwindel: tritt auf beim bücken,Schwindel,tritt auf,beim Bücken,,/beschwerden/schwindel/,Schwindel,high,no,medium,low,/beschwerden/schwindel/,medium,REJECT_CANNIBALIZATION,reject,Kernintent bereits von /beschwerden/schwindel/ abgedeckt; Situations-Modifier ändert den Suchintent nicht substanziell.
Warum schwindel beim Gehen?,schwindel: tritt auf beim gehen,Schwindel,tritt auf,beim Gehen,,/beschwerden/schwindel/,Schwindel,high,no,medium,low,/beschwerden/schwindel/,medium,REJECT_CANNIBALIZATION,reject,Kernintent bereits von /beschwerden/schwindel/ abgedeckt; Situations-Modifier ändert den Suchintent nicht substanziell.
Warum schwindel beim Kopfdrehen?,schwindel: tritt auf beim kopfdrehen,Schwindel,tritt auf,beim Kopfdrehen,,/beschwerden/schwindel/,Schwindel,high,no,medium,low,/beschwerden/schwindel/,medium,REJECT_CANNIBALIZATION,reject,Kernintent bereits von /beschwerden/schwindel/ abgedeckt; Situations-Modifier ändert den Suchintent nicht substanziell.
Warum schwindel beim Umdrehen im Bett?,schwindel: tritt auf beim umdrehen im bett,Schwindel,tritt auf,beim Umdrehen im Bett,,/beschwerden/schwindel/,Schwindel,medium,no,medium,medium,/beschwerden/schwindel/,medium,MERGE_INTO_EXISTING,reject,"Muster-Intent plausibel eigenständig; manuell prüfen. (Frageform-Variante — gleiche Intent-Gruppe, KEINE eigene Seite.)"
Warum schwindel beim Zurücklegen des Kopfes?,schwindel: tritt auf beim zurücklegen des kopfes,Schwindel,tritt auf,beim Zurücklegen des Kopfes,,/beschwerden/schwindel/,Schwindel,high,no,medium,low,/beschwerden/schwindel/,medium,REJECT_CANNIBALIZATION,reject,Kernintent bereits von /beschwerden/schwindel/ abgedeckt; Situations-Modifier ändert den Suchintent nicht substanziell.
Warum schwindel im Supermarkt?,schwindel: tritt auf im supermarkt,Schwindel,tritt auf,im Supermarkt,,/beschwerden/schwindel/,Schwindel,high,no,medium,low,/beschwerden/schwindel/,medium,REJECT_CANNIBALIZATION,reject,Kernintent bereits von /beschwerden/schwindel/ abgedeckt; Situations-Modifier ändert den Suchintent nicht substanziell.
Warum schwindel nach dem Aufstehen morgens?,schwindel: tritt auf nach dem aufstehen morgens,Schwindel,tritt auf,nach dem Aufstehen morgens,morgens,/beschwerden/schwindel/,Schwindel,high,no,medium,low,/beschwerden/schwindel/,medium,REJECT_CANNIBALIZATION,reject,Kernintent bereits von /beschwerden/schwindel/ abgedeckt; Situations-Modifier ändert den Suchintent nicht substanziell.
Was bedeutet es wenn schwindel beim Umdrehen im Bett?,schwindel: tritt auf beim umdrehen im bett,Schwindel,tritt auf,beim Umdrehen im Bett,,/beschwerden/schwindel/,Schwindel,medium,no,medium,medium,/beschwerden/schwindel/,medium,MERGE_INTO_EXISTING,reject,"Frageform-Variante — gleiche Intent-Gruppe wie die Grundform, keine eigene Seite."
Was tun wenn schwindel beim Umdrehen im Bett?,schwindel: tritt auf beim umdrehen im bett,Schwindel,tritt auf,beim Umdrehen im Bett,,/beschwerden/schwindel/,Schwindel,medium,no,medium,medium,/beschwerden/schwindel/,medium,MERGE_INTO_EXISTING,reject,"Frageform-Variante — gleiche Intent-Gruppe wie Grundform, KEINE eigene Seite."
Sehnenansatz sticht am Ellenbogen,sehnenansatz: schmerzt am ellenbogen,Sehnenansatz,sticht,am Ellenbogen,,/beschwerden/sehnenscheidenentzuendung/,"Sehnenscheidenentzündung: Behandlung, Dauer & was hilft",medium,no,medium,medium,/beschwerden/sehnenscheidenentzuendung/,none,MERGE_INTO_EXISTING,reject,"Empfindungs-Synonym — gleiche Intent-Gruppe wie die Grundform, keine eigene Seite."
Sehnenansatz sticht an der Hüfte,sehnenansatz: schmerzt an der hüfte,Sehnenansatz,sticht,an der Hüfte,,/beschwerden/sehnenscheidenentzuendung/,"Sehnenscheidenentzündung: Behandlung, Dauer & was hilft",medium,no,medium,medium,/beschwerden/sehnenscheidenentzuendung/,none,MERGE_INTO_EXISTING,reject,"Empfindungs-Synonym — gleiche Intent-Gruppe wie die Grundform, keine eigene Seite."
Sehnenansatz sticht an der Schulter,sehnenansatz: schmerzt an der schulter,Sehnenansatz,sticht,an der Schulter,,/beschwerden/sehnenscheidenentzuendung/,"Sehnenscheidenentzündung: Behandlung, Dauer & was hilft",medium,no,medium,medium,/beschwerden/sehnenscheidenentzuendung/,none,MERGE_INTO_EXISTING,reject,"Empfindungs-Synonym — gleiche Intent-Gruppe wie die Grundform, keine eigene Seite."
Sehnenansatz zieht am Ellenbogen,sehnenansatz: schmerzt am ellenbogen,Sehnenansatz,zieht,am Ellenbogen,,/beschwerden/sehnenscheidenentzuendung/,"Sehnenscheidenentzündung: Behandlung, Dauer & was hilft",medium,no,medium,medium,/beschwerden/sehnenscheidenentzuendung/,none,MERGE_INTO_EXISTING,reject,"Empfindungs-Synonym — gleiche Intent-Gruppe wie die Grundform, keine eigene Seite."
Sehnenansatz zieht an der Hüfte,sehnenansatz: schmerzt an der hüfte,Sehnenansatz,zieht,an der Hüfte,,/beschwerden/sehnenscheidenentzuendung/,"Sehnenscheidenentzündung: Behandlung, Dauer & was hilft",medium,no,medium,medium,/beschwerden/sehnenscheidenentzuendung/,none,MERGE_INTO_EXISTING,reject,"Empfindungs-Synonym — gleiche Intent-Gruppe wie die Grundform, keine eigene Seite."
Sehnenansatz zieht an der Schulter,sehnenansatz: schmerzt an der schulter,Sehnenansatz,zieht,an der Schulter,,/beschwerden/sehnenscheidenentzuendung/,"Sehnenscheidenentzündung: Behandlung, Dauer & was hilft",medium,no,medium,medium,/beschwerden/sehnenscheidenentzuendung/,none,MERGE_INTO_EXISTING,reject,"Empfindungs-Synonym — gleiche Intent-Gruppe wie die Grundform, keine eigene Seite."
Warum sehnenansatz schmerzt am Ellenbogen?,sehnenansatz: schmerzt am ellenbogen,Sehnenansatz,schmerzt,am Ellenbogen,,/beschwerden/sehnenscheidenentzuendung/,"Sehnenscheidenentzündung: Behandlung, Dauer & was hilft",medium,no,medium,medium,/beschwerden/sehnenscheidenentzuendung/,none,MERGE_INTO_EXISTING,reject,"Frageform-Variante — gleiche Intent-Gruppe wie die Grundform, keine eigene Seite."
Warum sehnenansatz schmerzt an der Hüfte?,sehnenansatz: schmerzt an der hüfte,Sehnenansatz,schmerzt,an der Hüfte,,/beschwerden/sehnenscheidenentzuendung/,"Sehnenscheidenentzündung: Behandlung, Dauer & was hilft",medium,no,medium,medium,/beschwerden/sehnenscheidenentzuendung/,none,MERGE_INTO_EXISTING,reject,"Frageform-Variante — gleiche Intent-Gruppe wie die Grundform, keine eigene Seite."
Warum sehnenansatz schmerzt an der Schulter?,sehnenansatz: schmerzt an der schulter,Sehnenansatz,schmerzt,an der Schulter,,/beschwerden/sehnenscheidenentzuendung/,"Sehnenscheidenentzündung: Behandlung, Dauer & was hilft",medium,no,medium,medium,/beschwerden/sehnenscheidenentzuendung/,none,MERGE_INTO_EXISTING,reject,"Frageform-Variante — gleiche Intent-Gruppe wie die Grundform, keine eigene Seite."
Was bedeutet es wenn sehnenansatz schmerzt am Ellenbogen?,sehnenansatz: schmerzt am ellenbogen,Sehnenansatz,schmerzt,am Ellenbogen,,/beschwerden/sehnenscheidenentzuendung/,"Sehnenscheidenentzündung: Behandlung, Dauer & was hilft",medium,no,medium,medium,/beschwerden/sehnenscheidenentzuendung/,none,MERGE_INTO_EXISTING,reject,"Frageform-Variante — gleiche Intent-Gruppe wie die Grundform, keine eigene Seite."
Was bedeutet es wenn sehnenansatz schmerzt an der Hüfte?,sehnenansatz: schmerzt an der hüfte,Sehnenansatz,schmerzt,an der Hüfte,,/beschwerden/sehnenscheidenentzuendung/,"Sehnenscheidenentzündung: Behandlung, Dauer & was hilft",medium,no,medium,medium,/beschwerden/sehnenscheidenentzuendung/,none,MERGE_INTO_EXISTING,reject,"Frageform-Variante — gleiche Intent-Gruppe wie die Grundform, keine eigene Seite."
Was bedeutet es wenn sehnenansatz schmerzt an der Schulter?,sehnenansatz: schmerzt an der schulter,Sehnenansatz,schmerzt,an der Schulter,,/beschwerden/sehnenscheidenentzuendung/,"Sehnenscheidenentzündung: Behandlung, Dauer & was hilft",medium,no,medium,medium,/beschwerden/sehnenscheidenentzuendung/,none,MERGE_INTO_EXISTING,reject,"Frageform-Variante — gleiche Intent-Gruppe wie die Grundform, keine eigene Seite."
Was tun wenn sehnenansatz schmerzt am Ellenbogen?,sehnenansatz: schmerzt am ellenbogen,Sehnenansatz,schmerzt,am Ellenbogen,,/beschwerden/sehnenscheidenentzuendung/,"Sehnenscheidenentzündung: Behandlung, Dauer & was hilft",medium,no,medium,medium,/beschwerden/sehnenscheidenentzuendung/,none,MERGE_INTO_EXISTING,reject,"Frageform-Variante — gleiche Intent-Gruppe wie die Grundform, keine eigene Seite."
Was tun wenn sehnenansatz schmerzt an der Hüfte?,sehnenansatz: schmerzt an der hüfte,Sehnenansatz,schmerzt,an der Hüfte,,/beschwerden/sehnenscheidenentzuendung/,"Sehnenscheidenentzündung: Behandlung, Dauer & was hilft",medium,no,medium,medium,/beschwerden/sehnenscheidenentzuendung/,none,MERGE_INTO_EXISTING,reject,"Frageform-Variante — gleiche Intent-Gruppe wie die Grundform, keine eigene Seite."
Was tun wenn sehnenansatz schmerzt an der Schulter?,sehnenansatz: schmerzt an der schulter,Sehnenansatz,schmerzt,an der Schulter,,/beschwerden/sehnenscheidenentzuendung/,"Sehnenscheidenentzündung: Behandlung, Dauer & was hilft",medium,no,medium,medium,/beschwerden/sehnenscheidenentzuendung/,none,MERGE_INTO_EXISTING,reject,"Frageform-Variante — gleiche Intent-Gruppe wie die Grundform, keine eigene Seite."
Sodbrennen tritt auf beim Bücken,sodbrennen: tritt auf beim bücken,Sodbrennen,tritt auf,beim Bücken,,/beschwerden/sodbrennen/,Sodbrennen & Reflux,high,no,medium,low,/beschwerden/sodbrennen/,none,REJECT_CANNIBALIZATION,reject,Kernintent bereits von /beschwerden/sodbrennen/ abgedeckt.
Sodbrennen tritt auf im Liegen,sodbrennen: tritt auf im liegen,Sodbrennen,tritt auf,im Liegen,,/beschwerden/sodbrennen/,Sodbrennen & Reflux,high,no,medium,low,/beschwerden/sodbrennen/,none,REJECT_CANNIBALIZATION,reject,Kernintent bereits von /beschwerden/sodbrennen/ abgedeckt.
Sodbrennen tritt auf nach Kaffee,sodbrennen: tritt auf nach kaffee,Sodbrennen,tritt auf,nach Kaffee,,/beschwerden/sodbrennen/,Sodbrennen & Reflux,high,no,medium,low,/beschwerden/sodbrennen/,none,REJECT_CANNIBALIZATION,reject,Kernintent bereits von /beschwerden/sodbrennen/ abgedeckt.
Sodbrennen tritt auf nachts,sodbrennen: tritt auf nachts,Sodbrennen,tritt auf,nachts,nachts,/beschwerden/sodbrennen/,Sodbrennen & Reflux,high,no,medium,low,/beschwerden/sodbrennen/,none,REJECT_CANNIBALIZATION,reject,Kernintent bereits von /beschwerden/sodbrennen/ abgedeckt.
Steissbein sticht beim Aufstehen vom Stuhl,steissbein: schmerzt beim aufstehen vom stuhl,Steissbein,sticht,beim Aufstehen vom Stuhl,,/beschwerden/rueckenschmerzen/,Rückenschmerzen,low,no,medium,medium,/beschwerden/rueckenschmerzen/,none,MERGE_INTO_EXISTING,reject,"Empfindungs-Synonym — gleiche Intent-Gruppe wie die Grundform, keine eigene Seite."
Steissbein sticht beim Sitzen,steissbein: schmerzt beim sitzen,Steissbein,sticht,beim Sitzen,,/beschwerden/rueckenschmerzen/,Rückenschmerzen,low,no,medium,medium,/beschwerden/rueckenschmerzen/,none,MERGE_INTO_EXISTING,reject,"Empfindungs-Synonym — gleiche Intent-Gruppe wie die Grundform, keine eigene Seite."
Steissbein zieht beim Aufstehen vom Stuhl,steissbein: schmerzt beim aufstehen vom stuhl,Steissbein,zieht,beim Aufstehen vom Stuhl,,/beschwerden/rueckenschmerzen/,Rückenschmerzen,low,no,medium,medium,/beschwerden/rueckenschmerzen/,none,MERGE_INTO_EXISTING,reject,"Empfindungs-Synonym — gleiche Intent-Gruppe wie die Grundform, keine eigene Seite."
Steissbein zieht beim Sitzen,steissbein: schmerzt beim sitzen,Steissbein,zieht,beim Sitzen,,/beschwerden/rueckenschmerzen/,Rückenschmerzen,low,no,medium,medium,/beschwerden/rueckenschmerzen/,none,MERGE_INTO_EXISTING,reject,"Empfindungs-Synonym — gleiche Intent-Gruppe wie die Grundform, keine eigene Seite."
Warum steissbein schmerzt beim Aufstehen vom Stuhl?,steissbein: schmerzt beim aufstehen vom stuhl,Steissbein,schmerzt,beim Aufstehen vom Stuhl,,/beschwerden/rueckenschmerzen/,Rückenschmerzen,low,no,medium,medium,/beschwerden/rueckenschmerzen/,none,MERGE_INTO_EXISTING,reject,"Muster-Intent plausibel eigenständig; manuell prüfen. (Frageform-Variante — gleiche Intent-Gruppe, KEINE eigene Seite.)"
Warum steissbein schmerzt beim Sitzen?,steissbein: schmerzt beim sitzen,Steissbein,schmerzt,beim Sitzen,,/beschwerden/rueckenschmerzen/,Rückenschmerzen,low,no,medium,medium,/beschwerden/rueckenschmerzen/,none,MERGE_INTO_EXISTING,reject,"Muster-Intent plausibel eigenständig; manuell prüfen. (Frageform-Variante — gleiche Intent-Gruppe, KEINE eigene Seite.)"
Warum steissbein sticht beim Aufstehen vom Stuhl?,steissbein: schmerzt beim aufstehen vom stuhl,Steissbein,sticht,beim Aufstehen vom Stuhl,,/beschwerden/rueckenschmerzen/,Rückenschmerzen,low,no,medium,medium,/beschwerden/rueckenschmerzen/,none,MERGE_INTO_EXISTING,reject,"Empfindungs-Synonym — gleiche Intent-Gruppe wie die Grundform, keine eigene Seite."
Warum steissbein sticht beim Sitzen?,steissbein: schmerzt beim sitzen,Steissbein,sticht,beim Sitzen,,/beschwerden/rueckenschmerzen/,Rückenschmerzen,low,no,medium,medium,/beschwerden/rueckenschmerzen/,none,MERGE_INTO_EXISTING,reject,"Empfindungs-Synonym — gleiche Intent-Gruppe wie die Grundform, keine eigene Seite."
Warum steissbein zieht beim Aufstehen vom Stuhl?,steissbein: schmerzt beim aufstehen vom stuhl,Steissbein,zieht,beim Aufstehen vom Stuhl,,/beschwerden/rueckenschmerzen/,Rückenschmerzen,low,no,medium,medium,/beschwerden/rueckenschmerzen/,none,MERGE_INTO_EXISTING,reject,"Empfindungs-Synonym — gleiche Intent-Gruppe wie die Grundform, keine eigene Seite."
Warum steissbein zieht beim Sitzen?,steissbein: schmerzt beim sitzen,Steissbein,zieht,beim Sitzen,,/beschwerden/rueckenschmerzen/,Rückenschmerzen,low,no,medium,medium,/beschwerden/rueckenschmerzen/,none,MERGE_INTO_EXISTING,reject,"Empfindungs-Synonym — gleiche Intent-Gruppe wie die Grundform, keine eigene Seite."
Was bedeutet es wenn steissbein schmerzt beim Aufstehen vom Stuhl?,steissbein: schmerzt beim aufstehen vom stuhl,Steissbein,schmerzt,beim Aufstehen vom Stuhl,,/beschwerden/rueckenschmerzen/,Rückenschmerzen,low,no,medium,medium,/beschwerden/rueckenschmerzen/,none,MERGE_INTO_EXISTING,reject,"Frageform-Variante — gleiche Intent-Gruppe wie die Grundform, keine eigene Seite."
Was bedeutet es wenn steissbein schmerzt beim Sitzen?,steissbein: schmerzt beim sitzen,Steissbein,schmerzt,beim Sitzen,,/beschwerden/rueckenschmerzen/,Rückenschmerzen,low,no,medium,medium,/beschwerden/rueckenschmerzen/,none,MERGE_INTO_EXISTING,reject,"Frageform-Variante — gleiche Intent-Gruppe wie die Grundform, keine eigene Seite."
Was tun wenn steissbein schmerzt beim Aufstehen vom Stuhl?,steissbein: schmerzt beim aufstehen vom stuhl,Steissbein,schmerzt,beim Aufstehen vom Stuhl,,/beschwerden/rueckenschmerzen/,Rückenschmerzen,low,no,medium,medium,/beschwerden/rueckenschmerzen/,none,MERGE_INTO_EXISTING,reject,"Frageform-Variante — gleiche Intent-Gruppe wie Grundform, KEINE eigene Seite."
Was tun wenn steissbein schmerzt beim Sitzen?,steissbein: schmerzt beim sitzen,Steissbein,schmerzt,beim Sitzen,,/beschwerden/rueckenschmerzen/,Rückenschmerzen,low,no,medium,medium,/beschwerden/rueckenschmerzen/,none,MERGE_INTO_EXISTING,reject,"Frageform-Variante — gleiche Intent-Gruppe wie Grundform, KEINE eigene Seite."
Was tun wenn steissbein sticht beim Aufstehen vom Stuhl?,steissbein: schmerzt beim aufstehen vom stuhl,Steissbein,sticht,beim Aufstehen vom Stuhl,,/beschwerden/rueckenschmerzen/,Rückenschmerzen,low,no,medium,medium,/beschwerden/rueckenschmerzen/,none,MERGE_INTO_EXISTING,reject,"Empfindungs-Synonym — gleiche Intent-Gruppe wie die Grundform, keine eigene Seite."
Was tun wenn steissbein sticht beim Sitzen?,steissbein: schmerzt beim sitzen,Steissbein,sticht,beim Sitzen,,/beschwerden/rueckenschmerzen/,Rückenschmerzen,low,no,medium,medium,/beschwerden/rueckenschmerzen/,none,MERGE_INTO_EXISTING,reject,"Empfindungs-Synonym — gleiche Intent-Gruppe wie die Grundform, keine eigene Seite."
Was tun wenn steissbein zieht beim Aufstehen vom Stuhl?,steissbein: schmerzt beim aufstehen vom stuhl,Steissbein,zieht,beim Aufstehen vom Stuhl,,/beschwerden/rueckenschmerzen/,Rückenschmerzen,low,no,medium,medium,/beschwerden/rueckenschmerzen/,none,MERGE_INTO_EXISTING,reject,"Empfindungs-Synonym — gleiche Intent-Gruppe wie die Grundform, keine eigene Seite."
Was tun wenn steissbein zieht beim Sitzen?,steissbein: schmerzt beim sitzen,Steissbein,zieht,beim Sitzen,,/beschwerden/rueckenschmerzen/,Rückenschmerzen,low,no,medium,medium,/beschwerden/rueckenschmerzen/,none,MERGE_INTO_EXISTING,reject,"Empfindungs-Synonym — gleiche Intent-Gruppe wie die Grundform, keine eigene Seite."
Warum stimme ist heiser morgens?,stimme: ist heiser morgens,Stimme,ist heiser,morgens,morgens,/beschwerden/sodbrennen/,Sodbrennen & Reflux,medium,no,medium,medium,/beschwerden/sodbrennen/,high,MERGE_INTO_EXISTING,reject,"Frageform-Variante — gleiche Intent-Gruppe wie die Grundform, keine eigene Seite."
Warum stimme ist heiser ohne Erkältung?,stimme: ist heiser ohne erkältung,Stimme,ist heiser,ohne Erkältung,,/beschwerden/sodbrennen/,Sodbrennen & Reflux,medium,no,medium,medium,/beschwerden/sodbrennen/,high,MERGE_INTO_EXISTING,reject,"Frageform-Variante — gleiche Intent-Gruppe wie die Grundform, keine eigene Seite."
Warum stimme ist heiser seit Wochen?,stimme: ist heiser seit wochen,Stimme,ist heiser,seit Wochen,,/beschwerden/sodbrennen/,Sodbrennen & Reflux,medium,no,medium,medium,/beschwerden/sodbrennen/,high,MERGE_INTO_EXISTING,reject,"Frageform-Variante — gleiche Intent-Gruppe wie die Grundform, keine eigene Seite."
Was bedeutet es wenn stimme ist heiser morgens?,stimme: ist heiser morgens,Stimme,ist heiser,morgens,morgens,/beschwerden/sodbrennen/,Sodbrennen & Reflux,medium,no,medium,medium,/beschwerden/sodbrennen/,high,MERGE_INTO_EXISTING,reject,"Frageform-Variante — gleiche Intent-Gruppe wie die Grundform, keine eigene Seite."
Was bedeutet es wenn stimme ist heiser ohne Erkältung?,stimme: ist heiser ohne erkältung,Stimme,ist heiser,ohne Erkältung,,/beschwerden/sodbrennen/,Sodbrennen & Reflux,medium,no,medium,medium,/beschwerden/sodbrennen/,high,MERGE_INTO_EXISTING,reject,"Frageform-Variante — gleiche Intent-Gruppe wie die Grundform, keine eigene Seite."
Was bedeutet es wenn stimme ist heiser seit Wochen?,stimme: ist heiser seit wochen,Stimme,ist heiser,seit Wochen,,/beschwerden/sodbrennen/,Sodbrennen & Reflux,medium,no,medium,medium,/beschwerden/sodbrennen/,high,MERGE_INTO_EXISTING,reject,"Frageform-Variante — gleiche Intent-Gruppe wie die Grundform, keine eigene Seite."
Was tun wenn stimme ist heiser morgens?,stimme: ist heiser morgens,Stimme,ist heiser,morgens,morgens,/beschwerden/sodbrennen/,Sodbrennen & Reflux,medium,no,medium,medium,/beschwerden/sodbrennen/,high,MERGE_INTO_EXISTING,reject,"Frageform-Variante — gleiche Intent-Gruppe wie die Grundform, keine eigene Seite."
Was tun wenn stimme ist heiser ohne Erkältung?,stimme: ist heiser ohne erkältung,Stimme,ist heiser,ohne Erkältung,,/beschwerden/sodbrennen/,Sodbrennen & Reflux,medium,no,medium,medium,/beschwerden/sodbrennen/,high,MERGE_INTO_EXISTING,reject,"Frageform-Variante — gleiche Intent-Gruppe wie die Grundform, keine eigene Seite."
Was tun wenn stimme ist heiser seit Wochen?,stimme: ist heiser seit wochen,Stimme,ist heiser,seit Wochen,,/beschwerden/sodbrennen/,Sodbrennen & Reflux,medium,no,medium,medium,/beschwerden/sodbrennen/,high,MERGE_INTO_EXISTING,reject,"Frageform-Variante — gleiche Intent-Gruppe wie die Grundform, keine eigene Seite."
Stuhldrang bei Stress,stuhldrang: kommt bei stress,Stuhldrang,kommt,bei Stress,,/beschwerden/reizdarm/,Reizdarm,high,no,medium,low,/beschwerden/reizdarm/,none,REJECT_CANNIBALIZATION,reject,Kernintent bereits von /beschwerden/reizdarm/ abgedeckt; Situations-Modifier ändert den Suchintent nicht substanziell.
Stuhldrang direkt nach dem Essen,stuhldrang: kommt direkt nach dem essen,Stuhldrang,kommt,direkt nach dem Essen,,/beschwerden/reizdarm/,Reizdarm,high,no,medium,low,/beschwerden/reizdarm/,none,REJECT_CANNIBALIZATION,reject,Kernintent bereits von /beschwerden/reizdarm/ abgedeckt; Situations-Modifier ändert den Suchintent nicht substanziell.
Stuhldrang morgens mehrfach,stuhldrang: kommt morgens mehrfach,Stuhldrang,kommt,morgens mehrfach,morgens,/beschwerden/reizdarm/,Reizdarm,high,no,medium,low,/beschwerden/reizdarm/,none,REJECT_CANNIBALIZATION,reject,Kernintent bereits von /beschwerden/reizdarm/ abgedeckt; Situations-Modifier ändert den Suchintent nicht substanziell.
Warum stuhldrang bei Stress?,stuhldrang: kommt bei stress,Stuhldrang,kommt,bei Stress,,/beschwerden/reizdarm/,Reizdarm,high,no,medium,low,/beschwerden/reizdarm/,none,REJECT_CANNIBALIZATION,reject,Kernintent bereits von /beschwerden/reizdarm/ abgedeckt; Situations-Modifier ändert den Suchintent nicht substanziell.
Warum stuhldrang direkt nach dem Essen?,stuhldrang: kommt direkt nach dem essen,Stuhldrang,kommt,direkt nach dem Essen,,/beschwerden/reizdarm/,Reizdarm,high,no,medium,low,/beschwerden/reizdarm/,none,REJECT_CANNIBALIZATION,reject,Kernintent bereits von /beschwerden/reizdarm/ abgedeckt; Situations-Modifier ändert den Suchintent nicht substanziell.
Warum stuhldrang morgens mehrfach?,stuhldrang: kommt morgens mehrfach,Stuhldrang,kommt,morgens mehrfach,morgens,/beschwerden/reizdarm/,Reizdarm,high,no,medium,low,/beschwerden/reizdarm/,none,REJECT_CANNIBALIZATION,reject,Kernintent bereits von /beschwerden/reizdarm/ abgedeckt; Situations-Modifier ändert den Suchintent nicht substanziell.
Warum wade krampft beim Einschlafen?,wade: krampft beim einschlafen,Wade,krampft,beim Einschlafen,,/beschwerden/restless-legs/,Restless Legs,low,no,medium,medium,/beschwerden/restless-legs/,none,MERGE_INTO_EXISTING,reject,"Muster-Intent plausibel eigenständig; manuell prüfen. (Frageform-Variante — gleiche Intent-Gruppe, KEINE eigene Seite.)"
Warum wade krampft beim Sport?,wade: krampft beim sport,Wade,krampft,beim Sport,,/beschwerden/restless-legs/,Restless Legs,low,no,medium,medium,/beschwerden/restless-legs/,none,MERGE_INTO_EXISTING,reject,"Muster-Intent plausibel eigenständig; manuell prüfen. (Frageform-Variante — gleiche Intent-Gruppe, KEINE eigene Seite.)"
Warum wade krampft morgens beim Strecken?,wade: krampft morgens beim strecken,Wade,krampft,morgens beim Strecken,morgens,/beschwerden/restless-legs/,Restless Legs,low,no,medium,medium,/beschwerden/restless-legs/,none,MERGE_INTO_EXISTING,reject,"Muster-Intent plausibel eigenständig; manuell prüfen. (Frageform-Variante — gleiche Intent-Gruppe, KEINE eigene Seite.)"
Warum wade krampft nachts?,wade: krampft nachts,Wade,krampft,nachts,nachts,/beschwerden/restless-legs/,Restless Legs,low,no,medium,medium,/beschwerden/restless-legs/,none,MERGE_INTO_EXISTING,reject,"Muster-Intent plausibel eigenständig; manuell prüfen. (Frageform-Variante — gleiche Intent-Gruppe, KEINE eigene Seite.)"
Was bedeutet es wenn wade krampft beim Einschlafen?,wade: krampft beim einschlafen,Wade,krampft,beim Einschlafen,,/beschwerden/restless-legs/,Restless Legs,low,no,medium,medium,/beschwerden/restless-legs/,none,MERGE_INTO_EXISTING,reject,"Frageform-Variante — gleiche Intent-Gruppe wie die Grundform, keine eigene Seite."
Was bedeutet es wenn wade krampft beim Sport?,wade: krampft beim sport,Wade,krampft,beim Sport,,/beschwerden/restless-legs/,Restless Legs,low,no,medium,medium,/beschwerden/restless-legs/,none,MERGE_INTO_EXISTING,reject,"Frageform-Variante — gleiche Intent-Gruppe wie die Grundform, keine eigene Seite."
Was bedeutet es wenn wade krampft morgens beim Strecken?,wade: krampft morgens beim strecken,Wade,krampft,morgens beim Strecken,morgens,/beschwerden/restless-legs/,Restless Legs,low,no,medium,medium,/beschwerden/restless-legs/,none,MERGE_INTO_EXISTING,reject,"Frageform-Variante — gleiche Intent-Gruppe wie die Grundform, keine eigene Seite."
Was bedeutet es wenn wade krampft nachts?,wade: krampft nachts,Wade,krampft,nachts,nachts,/beschwerden/restless-legs/,Restless Legs,low,no,medium,medium,/beschwerden/restless-legs/,none,MERGE_INTO_EXISTING,reject,"Frageform-Variante — gleiche Intent-Gruppe wie die Grundform, keine eigene Seite."
Was tun wenn wade krampft beim Einschlafen?,wade: krampft beim einschlafen,Wade,krampft,beim Einschlafen,,/beschwerden/restless-legs/,Restless Legs,low,no,medium,medium,/beschwerden/restless-legs/,none,MERGE_INTO_EXISTING,reject,"Frageform-Variante — gleiche Intent-Gruppe wie Grundform, KEINE eigene Seite."
Was tun wenn wade krampft beim Sport?,wade: krampft beim sport,Wade,krampft,beim Sport,,/beschwerden/restless-legs/,Restless Legs,low,no,medium,medium,/beschwerden/restless-legs/,none,MERGE_INTO_EXISTING,reject,"Frageform-Variante — gleiche Intent-Gruppe wie Grundform, KEINE eigene Seite."
Was tun wenn wade krampft morgens beim Strecken?,wade: krampft morgens beim strecken,Wade,krampft,morgens beim Strecken,morgens,/beschwerden/restless-legs/,Restless Legs,low,no,medium,medium,/beschwerden/restless-legs/,none,MERGE_INTO_EXISTING,reject,"Frageform-Variante — gleiche Intent-Gruppe wie Grundform, KEINE eigene Seite."
Was tun wenn wade krampft nachts?,wade: krampft nachts,Wade,krampft,nachts,nachts,/beschwerden/restless-legs/,Restless Legs,low,no,medium,medium,/beschwerden/restless-legs/,none,MERGE_INTO_EXISTING,reject,"Frageform-Variante — gleiche Intent-Gruppe wie Grundform, KEINE eigene Seite."
Warum zehen kribbeln beim Gehen?,zehen: kribbeln beim gehen,Zehen,kribbeln,beim Gehen,,/beschwerden/polyneuropathie/,Polyneuropathie,high,no,medium,low,/beschwerden/polyneuropathie/,medium,REJECT_CANNIBALIZATION,reject,Kernintent bereits von /beschwerden/polyneuropathie/ abgedeckt; Situations-Modifier ändert den Suchintent nicht substanziell.
Warum zehen kribbeln im Schuh?,zehen: kribbeln im schuh,Zehen,kribbeln,im Schuh,,/beschwerden/polyneuropathie/,Polyneuropathie,high,no,medium,low,/beschwerden/polyneuropathie/,medium,REJECT_CANNIBALIZATION,reject,Kernintent bereits von /beschwerden/polyneuropathie/ abgedeckt; Situations-Modifier ändert den Suchintent nicht substanziell.
Warum zehen kribbeln nachts?,zehen: kribbeln nachts,Zehen,kribbeln,nachts,nachts,/beschwerden/polyneuropathie/,Polyneuropathie,high,no,medium,low,/beschwerden/polyneuropathie/,medium,REJECT_CANNIBALIZATION,reject,Kernintent bereits von /beschwerden/polyneuropathie/ abgedeckt; Situations-Modifier ändert den Suchintent nicht substanziell.
Zehen kribbeln beim Gehen,zehen: kribbeln beim gehen,Zehen,kribbeln,beim Gehen,,/beschwerden/polyneuropathie/,Polyneuropathie,high,no,medium,low,/beschwerden/polyneuropathie/,medium,REJECT_CANNIBALIZATION,reject,Kernintent bereits von /beschwerden/polyneuropathie/ abgedeckt; Situations-Modifier ändert den Suchintent nicht substanziell.
Zehen kribbeln im Schuh,zehen: kribbeln im schuh,Zehen,kribbeln,im Schuh,,/beschwerden/polyneuropathie/,Polyneuropathie,high,no,medium,low,/beschwerden/polyneuropathie/,medium,REJECT_CANNIBALIZATION,reject,Kernintent bereits von /beschwerden/polyneuropathie/ abgedeckt; Situations-Modifier ändert den Suchintent nicht substanziell.
Zehen kribbeln nachts,zehen: kribbeln nachts,Zehen,kribbeln,nachts,nachts,/beschwerden/polyneuropathie/,Polyneuropathie,high,no,medium,low,/beschwerden/polyneuropathie/,medium,REJECT_CANNIBALIZATION,reject,Kernintent bereits von /beschwerden/polyneuropathie/ abgedeckt; Situations-Modifier ändert den Suchintent nicht substanziell.
Warum zunge brennt abends?,zunge: brennt abends,Zunge,brennt,abends,abends,/beschwerden/wechseljahre/,Wechseljahre,low,no,medium,medium,/beschwerden/wechseljahre/,medium,MERGE_INTO_EXISTING,reject,"Muster-Intent plausibel eigenständig; manuell prüfen. (Frageform-Variante — gleiche Intent-Gruppe, KEINE eigene Seite.)"
Warum zunge brennt beim Essen?,zunge: brennt beim essen,Zunge,brennt,beim Essen,,/beschwerden/wechseljahre/,Wechseljahre,low,no,medium,medium,/beschwerden/wechseljahre/,medium,MERGE_INTO_EXISTING,reject,"Muster-Intent plausibel eigenständig; manuell prüfen. (Frageform-Variante — gleiche Intent-Gruppe, KEINE eigene Seite.)"
Warum zunge brennt seit Wochen?,zunge: brennt seit wochen,Zunge,brennt,seit Wochen,,/beschwerden/wechseljahre/,Wechseljahre,low,no,medium,medium,/beschwerden/wechseljahre/,medium,MERGE_INTO_EXISTING,reject,"Muster-Intent plausibel eigenständig; manuell prüfen. (Frageform-Variante — gleiche Intent-Gruppe, KEINE eigene Seite.)"
Was bedeutet es wenn zunge brennt abends?,zunge: brennt abends,Zunge,brennt,abends,abends,/beschwerden/wechseljahre/,Wechseljahre,low,no,medium,medium,/beschwerden/wechseljahre/,medium,MERGE_INTO_EXISTING,reject,"Frageform-Variante — gleiche Intent-Gruppe wie die Grundform, keine eigene Seite."
Was bedeutet es wenn zunge brennt beim Essen?,zunge: brennt beim essen,Zunge,brennt,beim Essen,,/beschwerden/wechseljahre/,Wechseljahre,low,no,medium,medium,/beschwerden/wechseljahre/,medium,MERGE_INTO_EXISTING,reject,"Frageform-Variante — gleiche Intent-Gruppe wie die Grundform, keine eigene Seite."
Was bedeutet es wenn zunge brennt seit Wochen?,zunge: brennt seit wochen,Zunge,brennt,seit Wochen,,/beschwerden/wechseljahre/,Wechseljahre,low,no,medium,medium,/beschwerden/wechseljahre/,medium,MERGE_INTO_EXISTING,reject,"Frageform-Variante — gleiche Intent-Gruppe wie die Grundform, keine eigene Seite."
Was tun wenn zunge brennt abends?,zunge: brennt abends,Zunge,brennt,abends,abends,/beschwerden/wechseljahre/,Wechseljahre,low,no,medium,medium,/beschwerden/wechseljahre/,medium,MERGE_INTO_EXISTING,reject,"Frageform-Variante — gleiche Intent-Gruppe wie Grundform, KEINE eigene Seite."
Was tun wenn zunge brennt beim Essen?,zunge: brennt beim essen,Zunge,brennt,beim Essen,,/beschwerden/wechseljahre/,Wechseljahre,low,no,medium,medium,/beschwerden/wechseljahre/,medium,MERGE_INTO_EXISTING,reject,"Frageform-Variante — gleiche Intent-Gruppe wie Grundform, KEINE eigene Seite."
Was tun wenn zunge brennt seit Wochen?,zunge: brennt seit wochen,Zunge,brennt,seit Wochen,,/beschwerden/wechseljahre/,Wechseljahre,low,no,medium,medium,/beschwerden/wechseljahre/,medium,MERGE_INTO_EXISTING,reject,"Frageform-Variante — gleiche Intent-Gruppe wie Grundform, KEINE eigene Seite."
Zyklus ist unregelmässig mit Zwischenblutungen,zyklus: ist unregelmässig mit zwischenblutungen,Zyklus,ist unregelmässig,mit Zwischenblutungen,,/beschwerden/zyklusbeschwerden/,Zyklusbeschwerden,high,no,medium,low,/beschwerden/zyklusbeschwerden/,medium,REJECT_CANNIBALIZATION,reject,Kernintent bereits von /beschwerden/zyklusbeschwerden/ abgedeckt.
Zyklus ist unregelmässig seit Absetzen der Pille,zyklus: ist unregelmässig seit absetzen der pille,Zyklus,ist unregelmässig,seit Absetzen der Pille,,/beschwerden/zyklusbeschwerden/,Zyklusbeschwerden,high,no,medium,low,/beschwerden/zyklusbeschwerden/,medium,REJECT_CANNIBALIZATION,reject,Kernintent bereits von /beschwerden/zyklusbeschwerden/ abgedeckt.
Zyklus ist unregelmässig seit Monaten,zyklus: ist unregelmässig seit monaten,Zyklus,ist unregelmässig,seit Monaten,,/beschwerden/zyklusbeschwerden/,Zyklusbeschwerden,high,no,medium,low,/beschwerden/zyklusbeschwerden/,medium,REJECT_CANNIBALIZATION,reject,Kernintent bereits von /beschwerden/zyklusbeschwerden/ abgedeckt.
Warum zähne schmerzen bei Kälte?,zähne: schmerzen bei kälte,Zähne,schmerzen,bei Kälte,,/beschwerden/zaehneknirschen/,Zähneknirschen,medium,no,medium,medium,/beschwerden/zaehneknirschen/,medium,MERGE_INTO_EXISTING,reject,"Frageform-Variante — gleiche Intent-Gruppe wie die Grundform, keine eigene Seite."
Warum zähne schmerzen bei Stress?,zähne: schmerzen bei stress,Zähne,schmerzen,bei Stress,,/beschwerden/zaehneknirschen/,Zähneknirschen,medium,no,medium,medium,/beschwerden/zaehneknirschen/,medium,MERGE_INTO_EXISTING,reject,"Frageform-Variante — gleiche Intent-Gruppe wie die Grundform, keine eigene Seite."
Warum zähne schmerzen ohne Befund beim Zahnarzt?,zähne: schmerzen ohne befund beim zahnarzt,Zähne,schmerzen,ohne Befund beim Zahnarzt,,/beschwerden/zaehneknirschen/,Zähneknirschen,medium,no,medium,medium,/beschwerden/zaehneknirschen/,medium,MERGE_INTO_EXISTING,reject,"Frageform-Variante — gleiche Intent-Gruppe wie die Grundform, keine eigene Seite."
Was bedeutet es wenn zähne schmerzen bei Kälte?,zähne: schmerzen bei kälte,Zähne,schmerzen,bei Kälte,,/beschwerden/zaehneknirschen/,Zähneknirschen,medium,no,medium,medium,/beschwerden/zaehneknirschen/,medium,MERGE_INTO_EXISTING,reject,"Frageform-Variante — gleiche Intent-Gruppe wie die Grundform, keine eigene Seite."
Was bedeutet es wenn zähne schmerzen bei Stress?,zähne: schmerzen bei stress,Zähne,schmerzen,bei Stress,,/beschwerden/zaehneknirschen/,Zähneknirschen,medium,no,medium,medium,/beschwerden/zaehneknirschen/,medium,MERGE_INTO_EXISTING,reject,"Frageform-Variante — gleiche Intent-Gruppe wie die Grundform, keine eigene Seite."
Was bedeutet es wenn zähne schmerzen ohne Befund beim Zahnarzt?,zähne: schmerzen ohne befund beim zahnarzt,Zähne,schmerzen,ohne Befund beim Zahnarzt,,/beschwerden/zaehneknirschen/,Zähneknirschen,medium,no,medium,medium,/beschwerden/zaehneknirschen/,medium,MERGE_INTO_EXISTING,reject,"Frageform-Variante — gleiche Intent-Gruppe wie die Grundform, keine eigene Seite."
Was tun wenn zähne schmerzen bei Kälte?,zähne: schmerzen bei kälte,Zähne,schmerzen,bei Kälte,,/beschwerden/zaehneknirschen/,Zähneknirschen,medium,no,medium,medium,/beschwerden/zaehneknirschen/,medium,MERGE_INTO_EXISTING,reject,"Frageform-Variante — gleiche Intent-Gruppe wie die Grundform, keine eigene Seite."
Was tun wenn zähne schmerzen bei Stress?,zähne: schmerzen bei stress,Zähne,schmerzen,bei Stress,,/beschwerden/zaehneknirschen/,Zähneknirschen,medium,no,medium,medium,/beschwerden/zaehneknirschen/,medium,MERGE_INTO_EXISTING,reject,"Frageform-Variante — gleiche Intent-Gruppe wie die Grundform, keine eigene Seite."
Was tun wenn zähne schmerzen ohne Befund beim Zahnarzt?,zähne: schmerzen ohne befund beim zahnarzt,Zähne,schmerzen,ohne Befund beim Zahnarzt,,/beschwerden/zaehneknirschen/,Zähneknirschen,medium,no,medium,medium,/beschwerden/zaehneknirschen/,medium,MERGE_INTO_EXISTING,reject,"Frageform-Variante — gleiche Intent-Gruppe wie die Grundform, keine eigene Seite."
Zähne sticht bei Kälte,zähne: schmerzen bei kälte,Zähne,sticht,bei Kälte,,/beschwerden/zaehneknirschen/,Zähneknirschen,medium,no,medium,medium,/beschwerden/zaehneknirschen/,medium,MERGE_INTO_EXISTING,reject,"Empfindungs-Synonym — gleiche Intent-Gruppe wie die Grundform, keine eigene Seite."
Zähne sticht bei Stress,zähne: schmerzen bei stress,Zähne,sticht,bei Stress,,/beschwerden/zaehneknirschen/,Zähneknirschen,medium,no,medium,medium,/beschwerden/zaehneknirschen/,medium,MERGE_INTO_EXISTING,reject,"Empfindungs-Synonym — gleiche Intent-Gruppe wie die Grundform, keine eigene Seite."
Zähne sticht ohne Befund beim Zahnarzt,zähne: schmerzen ohne befund beim zahnarzt,Zähne,sticht,ohne Befund beim Zahnarzt,,/beschwerden/zaehneknirschen/,Zähneknirschen,medium,no,medium,medium,/beschwerden/zaehneknirschen/,medium,MERGE_INTO_EXISTING,reject,"Empfindungs-Synonym — gleiche Intent-Gruppe wie die Grundform, keine eigene Seite."
Zähne zieht bei Kälte,zähne: schmerzen bei kälte,Zähne,zieht,bei Kälte,,/beschwerden/zaehneknirschen/,Zähneknirschen,medium,no,medium,medium,/beschwerden/zaehneknirschen/,medium,MERGE_INTO_EXISTING,reject,"Empfindungs-Synonym — gleiche Intent-Gruppe wie die Grundform, keine eigene Seite."
Zähne zieht bei Stress,zähne: schmerzen bei stress,Zähne,zieht,bei Stress,,/beschwerden/zaehneknirschen/,Zähneknirschen,medium,no,medium,medium,/beschwerden/zaehneknirschen/,medium,MERGE_INTO_EXISTING,reject,"Empfindungs-Synonym — gleiche Intent-Gruppe wie die Grundform, keine eigene Seite."
Zähne zieht ohne Befund beim Zahnarzt,zähne: schmerzen ohne befund beim zahnarzt,Zähne,zieht,ohne Befund beim Zahnarzt,,/beschwerden/zaehneknirschen/,Zähneknirschen,medium,no,medium,medium,/beschwerden/zaehneknirschen/,medium,MERGE_INTO_EXISTING,reject,"Empfindungs-Synonym — gleiche Intent-Gruppe wie die Grundform, keine eigene Seite."
Warum übelkeit beim Zähneputzen?,übelkeit: tritt auf beim zähneputzen,Übelkeit,tritt auf,beim Zähneputzen,,/beschwerden/uebelkeit/,Übelkeit,high,no,medium,low,/beschwerden/uebelkeit/,medium,REJECT_CANNIBALIZATION,reject,Kernintent bereits von /beschwerden/uebelkeit/ abgedeckt; Situations-Modifier ändert den Suchintent nicht substanziell.
Warum übelkeit morgens?,übelkeit: tritt auf morgens,Übelkeit,tritt auf,morgens,morgens,/beschwerden/uebelkeit/,Übelkeit,high,no,medium,low,/beschwerden/uebelkeit/,medium,REJECT_CANNIBALIZATION,reject,Kernintent bereits von /beschwerden/uebelkeit/ abgedeckt; Situations-Modifier ändert den Suchintent nicht substanziell.
Warum übelkeit nach dem Essen?,übelkeit: tritt auf nach dem essen,Übelkeit,tritt auf,nach dem Essen,,/beschwerden/uebelkeit/,Übelkeit,high,no,medium,low,/beschwerden/uebelkeit/,medium,REJECT_CANNIBALIZATION,reject,Kernintent bereits von /beschwerden/uebelkeit/ abgedeckt; Situations-Modifier ändert den Suchintent nicht substanziell.
Übelkeit beim Zähneputzen,übelkeit: tritt auf beim zähneputzen,Übelkeit,tritt auf,beim Zähneputzen,,/beschwerden/uebelkeit/,Übelkeit,high,no,medium,low,/beschwerden/uebelkeit/,medium,REJECT_CANNIBALIZATION,reject,Kernintent bereits von /beschwerden/uebelkeit/ abgedeckt; Situations-Modifier ändert den Suchintent nicht substanziell.
Übelkeit morgens,übelkeit: tritt auf morgens,Übelkeit,tritt auf,morgens,morgens,/beschwerden/uebelkeit/,Übelkeit,high,no,medium,low,/beschwerden/uebelkeit/,medium,REJECT_CANNIBALIZATION,reject,Kernintent bereits von /beschwerden/uebelkeit/ abgedeckt; Situations-Modifier ändert den Suchintent nicht substanziell.
Übelkeit nach dem Essen,übelkeit: tritt auf nach dem essen,Übelkeit,tritt auf,nach dem Essen,,/beschwerden/uebelkeit/,Übelkeit,high,no,medium,low,/beschwerden/uebelkeit/,medium,REJECT_CANNIBALIZATION,reject,Kernintent bereits von /beschwerden/uebelkeit/ abgedeckt; Situations-Modifier ändert den Suchintent nicht substanziell.
