url,page_type,status,primary_topic,primary_search_intent,primary_keyword,secondary_keywords,intent_type,funnel_stage,location,treatment,condition,symptom_pattern,owner_status,supporting_urls,overlapping_urls,cannibalization_risk,content_role,recommended_internal_anchor,notes,source_confidence
/agb/,other,live,AGB,AGB,,,navigational,booking,,,,,TECHNICAL_ONLY,,,none,legal,,Rein rechtlich.,high
/akademie/,other,live,TCM-Weiterbildung/Akademie (B2B),TCM-Weiterbildung/Akademie (B2B),tcm weiterbildung schweiz,"tcm mentorat, praxisaufbau",commercial_investigation,consideration,,,,,PRIMARY_OWNER,,,none,b2b,TCM-Akademie,,medium
/akupunktur-in-der-naehe/,generic_landing,live,Akupunktur-Standort in der Nähe finden,Akupunktur-Standort in der Nähe finden,akupunktur in der nähe,"akupunktur in meiner nähe, tcm in der nähe",local,provider_selection,,,,,PRIMARY_OWNER,/standorte/,,none,hub,Akupunktur in deiner Nähe,Primary seit 09/2026 (Wissen-Duplikat kanonisiert).,high
/akupunktur-kinder/,generic_landing,live,"Akupunktur für Kinder: Alter, Alternativen, Grenzen","Akupunktur für Kinder: Alter, Alternativen, Grenzen",akupunktur kinder,"akupunktur für kinder ab welchem alter, kinderakupunktur",commercial_investigation,treatment_research,,,,,PRIMARY_OWNER,/therapien/akupunktur/,,none,money,Akupunktur für Kinder,,high
/akupunktur-st-gallen-kosten/,location_cost,live,Kosten einer Akupunktur in St. Gallen,Kosten einer Akupunktur in St. Gallen,akupunktur st. gallen kosten,"akupunktur kosten st. gallen, tcm kosten st. gallen",local,booking,St. Gallen,,,,PRIMARY_OWNER,/standorte/st-gallen/,,low,money,Akupunktur-Kosten in St. Gallen,Kosten-Seite St. Gallen (liegt top-level statt unter /standorte/).,high
/akupunktur-tcm-basel/,location,live,"Akupunktur Basel (Praxis ab 2028, Warteliste)","Akupunktur Basel (Praxis ab 2028, Warteliste)",akupunktur basel angebot ablauf,"tcm basel eroeffnung, akupunktur basel krankenkasse",local,provider_selection,Basel,,,,SECONDARY_SUPPORT,/standorte/basel/,/standorte/basel/,low,money,Akupunktur in Basel: Angebot & Ablauf,"Ownership-Cleanup 23.09.2026: Title/H1 differenziert (Angebot/Ablauf/Eroeffnung 2028), H1-Duplikat zur Standortseite aufgeloest; verlinkt auf /standorte/basel/. Kein Redirect, kein Noindex.",medium
/akupunktur-tcm-st-gallen/,location,live,Akupunktur & TCM in St. Gallen (Stadt-Lander),Akupunktur & TCM in St. Gallen (Stadt-Lander),akupunktur st. gallen behandlung ablauf,"tcm st. gallen erfahrung, akupunktur st gallen krankenkasse",local,provider_selection,St. Gallen,,,,SECONDARY_SUPPORT,/standorte/st-gallen/,/standorte/st-gallen/,low,money,Akupunktur in St. Gallen: Behandlung & Ablauf,"Ownership-Cleanup 23.09.2026: Title/H1/Intro auf Behandlung/Ablauf/Orientierung repositioniert; verlinkt prominent auf /standorte/st-gallen/ als Praxis-Seite. Kein Redirect, kein Noindex, Canonical unverändert.",medium
/akupunktur-tcm-zuerich/,location,live,TCM Zürich: Stadt-Hub über alle 3 Praxen,TCM Zürich: Stadt-Hub über alle 3 Praxen,tcm zürich,"akupunktur zürich, chinesische medizin zürich",local,provider_selection,Zürich,,,,PRIMARY_OWNER,"/standorte/zuerich-city/,/standorte/zuerich-hoengg/,/standorte/zuerich-oerlikon/",/standorte/zuerich-city/,low,hub,TCM Zürich,"Zuerich-City-Hub (Hub & Spoke). Ownership-Cleanup 23.09.2026: Title auf ""TCM Zuerich & Akupunktur Zuerich"", H1 ""TCM & Akupunktur in Zuerich"", Intro als Standort-Uebersicht geschaerft. Spokes besitzen nur Quartier-Intents.",high
/beschwerden/akne/,complaint,live,Akne,Beschwerdebild & TCM-/Akupunktur-Behandlung von Akne,akne,"akupunktur akne, tcm akne, akne behandlung",commercial_investigation,treatment_research,,,akne,,PRIMARY_OWNER,,,none,money,Akne | TCM bei Akne | Akupunktur bei Akne,,high
/beschwerden/allergien-heuschnupfen/,complaint,live,Allergien & Heuschnupfen,Beschwerdebild & TCM-/Akupunktur-Behandlung von Allergien & Heuschnupfen,allergien & heuschnupfen,"heuschnupfen, allergien, tcm heuschnupfen",commercial_investigation,treatment_research,,,allergien-heuschnupfen,,PRIMARY_OWNER,/wissen/akupunktur-bei-heuschnupfen/,/wissen/akupunktur-bei-heuschnupfen/,low,money,Allergien & Heuschnupfen | TCM bei Allergien & Heuschnupfen | Akupunktur bei Allergien & Heuschnupfen,Treatment-Intent-Cleanup 23.09.2026: Condition-Owner; Akupunktur-Heuschnupfen-Intent beim Wissen-Artikel.,high
/beschwerden/angststoerungen/,complaint,live,Angststörungen,Beschwerdebild & TCM-/Akupunktur-Behandlung von Angststörungen,angststörungen,"akupunktur angststörungen, tcm angststörungen, angststörungen behandlung",commercial_investigation,treatment_research,,,angststoerungen,,PRIMARY_OWNER,,,none,money,Angststörungen | TCM bei Angststörungen | Akupunktur bei Angststörungen,,high
/beschwerden/aphten/,complaint,live,Aphten,Beschwerdebild & TCM-/Akupunktur-Behandlung von Aphten,aphten,"akupunktur aphten, tcm aphten, aphten behandlung",commercial_investigation,treatment_research,,,aphten,,PRIMARY_OWNER,,,none,money,Aphten | TCM bei Aphten | Akupunktur bei Aphten,,high
/beschwerden/arthrose/,complaint,live,Arthrose,Beschwerdebild & TCM-/Akupunktur-Behandlung von Arthrose,arthrose,"akupunktur arthrose, tcm arthrose, arthrose behandlung",commercial_investigation,treatment_research,,,arthrose,,PRIMARY_OWNER,,,none,money,Arthrose | TCM bei Arthrose | Akupunktur bei Arthrose,,high
/beschwerden/asthma/,complaint,live,Asthma,Beschwerdebild & TCM-/Akupunktur-Behandlung von Asthma,asthma,"akupunktur asthma, tcm asthma, asthma behandlung",commercial_investigation,treatment_research,,,asthma,,PRIMARY_OWNER,,,none,money,Asthma | TCM bei Asthma | Akupunktur bei Asthma,,high
/beschwerden/augenmigraene/,complaint,live,Augenmigräne,Beschwerdebild & TCM-/Akupunktur-Behandlung von Augenmigräne,augenmigräne,"akupunktur augenmigräne, tcm augenmigräne, augenmigräne behandlung",commercial_investigation,treatment_research,,,augenmigraene,,PRIMARY_OWNER,,,none,money,Augenmigräne | TCM bei Augenmigräne | Akupunktur bei Augenmigräne,,high
/beschwerden/bandscheibenvorfall/,complaint,live,Bandscheibenvorfall,Beschwerdebild & TCM-/Akupunktur-Behandlung von Bandscheibenvorfall,bandscheibenvorfall,"akupunktur bandscheibenvorfall, tcm bandscheibenvorfall, bandscheibenvorfall behandlung",commercial_investigation,treatment_research,,,bandscheibenvorfall,,PRIMARY_OWNER,,,none,money,Bandscheibenvorfall | TCM bei Bandscheibenvorfall | Akupunktur bei Bandscheibenvorfall,,high
/beschwerden/blaehungen/,complaint,live,Blähungen,Beschwerdebild & TCM-/Akupunktur-Behandlung von Blähungen,blähungen,"akupunktur blähungen, tcm blähungen, blähungen behandlung",commercial_investigation,treatment_research,,,blaehungen,,PRIMARY_OWNER,,,none,money,Blähungen | TCM bei Blähungen | Akupunktur bei Blähungen,"Besitzt auch ""blähungen nach dem essen"".",high
/beschwerden/blasenentzuendung/,complaint,live,Blasenentzündung,Beschwerdebild & TCM-/Akupunktur-Behandlung von Blasenentzündung,blasenentzündung,"akupunktur blasenentzündung, tcm blasenentzündung, blasenentzündung behandlung",commercial_investigation,treatment_research,,,blasenentzuendung,,PRIMARY_OWNER,,,none,money,Blasenentzündung | TCM bei Blasenentzündung | Akupunktur bei Blasenentzündung,,high
/beschwerden/bluthochdruck/,complaint,live,Bluthochdruck,Beschwerdebild & TCM-/Akupunktur-Behandlung von Bluthochdruck,bluthochdruck,"akupunktur bluthochdruck, tcm bluthochdruck, bluthochdruck behandlung",commercial_investigation,treatment_research,,,bluthochdruck,,PRIMARY_OWNER,,,none,money,Bluthochdruck | TCM bei Bluthochdruck | Akupunktur bei Bluthochdruck,,high
/beschwerden/burnout/,complaint,canonicalized,Burnout & Erschöpfungssyndrom,,,,,,,,burnout,,REDUNDANT,/beschwerden/stress-burnout/,,none,canonicalized_duplicate,,"Canonical auf /beschwerden/stress-burnout/ — nicht als Owner behandeln, nicht intern pushen.",high
/beschwerden/cluster-kopfschmerzen/,complaint,live,Cluster-Kopfschmerzen,Beschwerdebild & TCM-/Akupunktur-Behandlung von Cluster-Kopfschmerzen,cluster-kopfschmerzen,"akupunktur cluster-kopfschmerzen, tcm cluster-kopfschmerzen, cluster-kopfschmerzen behandlung",commercial_investigation,treatment_research,,,cluster-kopfschmerzen,,PRIMARY_OWNER,,,none,money,Cluster-Kopfschmerzen | TCM bei Cluster-Kopfschmerzen | Akupunktur bei Cluster-Kopfschmerzen,,high
/beschwerden/colitis-ulcerosa/,complaint,live,Colitis ulcerosa,Beschwerdebild & TCM-/Akupunktur-Behandlung von Colitis ulcerosa,colitis ulcerosa,"akupunktur colitis ulcerosa, tcm colitis ulcerosa, colitis ulcerosa behandlung",commercial_investigation,treatment_research,,,colitis-ulcerosa,,PRIMARY_OWNER,,,none,money,Colitis ulcerosa | TCM bei Colitis ulcerosa | Akupunktur bei Colitis ulcerosa,,high
/beschwerden/copd/,complaint,live,COPD,Beschwerdebild & TCM-/Akupunktur-Behandlung von COPD,copd,"akupunktur copd, tcm copd, copd behandlung",commercial_investigation,treatment_research,,,copd,,PRIMARY_OWNER,,,none,money,COPD | TCM bei COPD | Akupunktur bei COPD,,high
/beschwerden/depressionen/,complaint,live,Depressionen,Beschwerdebild & TCM-/Akupunktur-Behandlung von Depressionen,depressionen,"akupunktur depressionen, tcm depressionen, depressionen behandlung",commercial_investigation,treatment_research,,,depressionen,,PRIMARY_OWNER,,,none,money,Depressionen | TCM bei Depressionen | Akupunktur bei Depressionen,,high
/beschwerden/durchblutungsstoerungen/,complaint,live,Durchblutungsstörungen,Beschwerdebild & TCM-/Akupunktur-Behandlung von Durchblutungsstörungen,durchblutungsstörungen,"akupunktur durchblutungsstörungen, tcm durchblutungsstörungen, durchblutungsstörungen behandlung",commercial_investigation,treatment_research,,,durchblutungsstoerungen,,PRIMARY_OWNER,,,none,money,Durchblutungsstörungen | TCM bei Durchblutungsstörungen | Akupunktur bei Durchblutungsstörungen,,high
/beschwerden/eisenmangel/,complaint,live,Eisenmangel,Beschwerdebild & TCM-/Akupunktur-Behandlung von Eisenmangel,eisenmangel,"akupunktur eisenmangel, tcm eisenmangel, eisenmangel behandlung",commercial_investigation,treatment_research,,,eisenmangel,,PRIMARY_OWNER,,,none,money,Eisenmangel | TCM bei Eisenmangel | Akupunktur bei Eisenmangel,,high
/beschwerden/endometriose/,complaint,live,Endometriose,Beschwerdebild & TCM-/Akupunktur-Behandlung von Endometriose,endometriose,"akupunktur endometriose, tcm endometriose, endometriose behandlung",commercial_investigation,treatment_research,,,endometriose,,PRIMARY_OWNER,,,none,money,Endometriose | TCM bei Endometriose | Akupunktur bei Endometriose,,high
/beschwerden/erschoepfung/,complaint,live,Erschöpfung,Beschwerdebild & TCM-/Akupunktur-Behandlung von Erschöpfung,erschöpfung,"akupunktur erschöpfung, tcm erschöpfung, erschöpfung behandlung",commercial_investigation,treatment_research,,,erschoepfung,,PRIMARY_OWNER,,,low,money,Erschöpfung | TCM bei Erschöpfung | Akupunktur bei Erschöpfung,Nahe an stress-burnout; aktuell durch eigenes Beschwerdebild gerechtfertigt.,high
/beschwerden/fersensporn/,complaint,live,Fersensporn,Beschwerdebild & TCM-/Akupunktur-Behandlung von Fersensporn,fersensporn,"akupunktur fersensporn, tcm fersensporn, fersensporn behandlung",commercial_investigation,treatment_research,,,fersensporn,,PRIMARY_OWNER,,,none,money,Fersensporn | TCM bei Fersensporn | Akupunktur bei Fersensporn,Bewusst von Plantarfasziitis abgegrenzt.,high
/beschwerden/fettleber/,complaint,live,Fettleber,Beschwerdebild & TCM-/Akupunktur-Behandlung von Fettleber,fettleber,"akupunktur fettleber, tcm fettleber, fettleber behandlung",commercial_investigation,treatment_research,,,fettleber,,PRIMARY_OWNER,,,none,money,Fettleber | TCM bei Fettleber | Akupunktur bei Fettleber,,high
/beschwerden/fibromyalgie/,complaint,live,Fibromyalgie,Beschwerdebild & TCM-/Akupunktur-Behandlung von Fibromyalgie,fibromyalgie,"akupunktur fibromyalgie, tcm fibromyalgie, fibromyalgie behandlung",commercial_investigation,treatment_research,,,fibromyalgie,,PRIMARY_OWNER,,,none,money,Fibromyalgie | TCM bei Fibromyalgie | Akupunktur bei Fibromyalgie,,high
/beschwerden/frozen-shoulder/,complaint,live,Frozen Shoulder,Beschwerdebild & TCM-/Akupunktur-Behandlung von Frozen Shoulder,frozen shoulder,"akupunktur frozen shoulder, tcm frozen shoulder, frozen shoulder behandlung",commercial_investigation,treatment_research,,,frozen-shoulder,,PRIMARY_OWNER,,,none,money,Frozen Shoulder | TCM bei Frozen Shoulder | Akupunktur bei Frozen Shoulder,,high
/beschwerden/gastritis/,complaint,live,Gastritis,Beschwerdebild & TCM-/Akupunktur-Behandlung von Gastritis,gastritis,"akupunktur gastritis, tcm gastritis, gastritis behandlung",commercial_investigation,treatment_research,,,gastritis,,PRIMARY_OWNER,,,none,money,Gastritis | TCM bei Gastritis | Akupunktur bei Gastritis,,high
/beschwerden/gewichtsmanagement/,complaint,live,Gewichtsmanagement,Beschwerdebild & TCM-/Akupunktur-Behandlung von Gewichtsmanagement,gewichtsmanagement,"akupunktur gewichtsmanagement, tcm gewichtsmanagement, gewichtsmanagement behandlung",commercial_investigation,treatment_research,,,gewichtsmanagement,,SHARED_INTENT_REVIEW,/wissen/akupunktur-zum-abnehmen/,/wissen/akupunktur-zum-abnehmen/,medium,money,Gewichtsmanagement | TCM bei Gewichtsmanagement | Akupunktur bei Gewichtsmanagement,Wissen-Artikel verneint Abnehm-Programme; Positionierung beider Seiten abgleichen.,high
/beschwerden/gicht/,complaint,live,Gicht,Beschwerdebild & TCM-/Akupunktur-Behandlung von Gicht,gicht,"akupunktur gicht, tcm gicht, gicht behandlung",commercial_investigation,treatment_research,,,gicht,,PRIMARY_OWNER,,,none,money,Gicht | TCM bei Gicht | Akupunktur bei Gicht,,high
/beschwerden/guertelrose/,complaint,live,Gürtelrose & Nervenschmerzen,Beschwerdebild & TCM-/Akupunktur-Behandlung von Gürtelrose & Nervenschmerzen,gürtelrose & nervenschmerzen,"akupunktur gürtelrose & nervenschmerzen, tcm gürtelrose & nervenschmerzen, gürtelrose & nervenschmerzen behandlung",commercial_investigation,treatment_research,,,guertelrose,,PRIMARY_OWNER,,,none,money,Gürtelrose & Nervenschmerzen | TCM bei Gürtelrose & Nervenschmerzen | Akupunktur bei Gürtelrose & Nervenschmerzen,,high
/beschwerden/haarausfall/,complaint,live,Haarausfall,Beschwerdebild & TCM-/Akupunktur-Behandlung von Haarausfall,haarausfall,"akupunktur haarausfall, tcm haarausfall, haarausfall behandlung",commercial_investigation,treatment_research,,,haarausfall,,PRIMARY_OWNER,,,none,money,Haarausfall | TCM bei Haarausfall | Akupunktur bei Haarausfall,,high
/beschwerden/haemorrhoiden/,complaint,live,Hämorrhoiden,Beschwerdebild & TCM-/Akupunktur-Behandlung von Hämorrhoiden,hämorrhoiden,"akupunktur hämorrhoiden, tcm hämorrhoiden, hämorrhoiden behandlung",commercial_investigation,treatment_research,,,haemorrhoiden,,PRIMARY_OWNER,,,none,money,Hämorrhoiden | TCM bei Hämorrhoiden | Akupunktur bei Hämorrhoiden,,high
/beschwerden/hallux-valgus/,complaint,live,Hallux valgus,Beschwerdebild & TCM-/Akupunktur-Behandlung von Hallux valgus,hallux valgus,"akupunktur hallux valgus, tcm hallux valgus, hallux valgus behandlung",commercial_investigation,treatment_research,,,hallux-valgus,,PRIMARY_OWNER,,,none,money,Hallux valgus | TCM bei Hallux valgus | Akupunktur bei Hallux valgus,,high
/beschwerden/hashimoto/,complaint,live,Hashimoto,Beschwerdebild & TCM-/Akupunktur-Behandlung von Hashimoto,hashimoto,"akupunktur hashimoto, tcm hashimoto, hashimoto behandlung",commercial_investigation,treatment_research,,,hashimoto,,PRIMARY_OWNER,,,none,money,Hashimoto | TCM bei Hashimoto | Akupunktur bei Hashimoto,,high
/beschwerden/heuschnupfen/,complaint,canonicalized,Heuschnupfen,,,,,,,,heuschnupfen,,REDUNDANT,/beschwerden/allergien-heuschnupfen/,,none,canonicalized_duplicate,,"Canonical auf /beschwerden/allergien-heuschnupfen/ — nicht als Owner behandeln, nicht intern pushen.",high
/beschwerden/hexenschuss/,complaint,live,Hexenschuss,Beschwerdebild & TCM-/Akupunktur-Behandlung von Hexenschuss,hexenschuss,"akupunktur hexenschuss, tcm hexenschuss, hexenschuss behandlung",commercial_investigation,treatment_research,,,hexenschuss,,PRIMARY_OWNER,/wissen/hexenschuss-was-tun/,,low,money,Hexenschuss | TCM bei Hexenschuss | Akupunktur bei Hexenschuss,,high
/beschwerden/histaminintoleranz/,complaint,live,Histaminintoleranz,Beschwerdebild & TCM-/Akupunktur-Behandlung von Histaminintoleranz,histaminintoleranz,"akupunktur histaminintoleranz, tcm histaminintoleranz, histaminintoleranz behandlung",commercial_investigation,treatment_research,,,histaminintoleranz,,PRIMARY_OWNER,,,none,money,Histaminintoleranz | TCM bei Histaminintoleranz | Akupunktur bei Histaminintoleranz,,high
/beschwerden/hitzewallungen/,complaint,live,Hitzewallungen,Beschwerdebild & TCM-/Akupunktur-Behandlung von Hitzewallungen,hitzewallungen,"akupunktur hitzewallungen, tcm hitzewallungen, hitzewallungen behandlung",commercial_investigation,treatment_research,,,hitzewallungen,,PRIMARY_OWNER,,,none,money,Hitzewallungen | TCM bei Hitzewallungen | Akupunktur bei Hitzewallungen,,high
/beschwerden/hoersturz/,complaint,live,Hörsturz,Beschwerdebild & TCM-/Akupunktur-Behandlung von Hörsturz,hörsturz,"akupunktur hörsturz, tcm hörsturz, hörsturz behandlung",commercial_investigation,treatment_research,,,hoersturz,,PRIMARY_OWNER,,,none,money,Hörsturz | TCM bei Hörsturz | Akupunktur bei Hörsturz,,high
/beschwerden/hueftschmerzen/,complaint,live,Hüftschmerzen,Beschwerdebild & TCM-/Akupunktur-Behandlung von Hüftschmerzen,hüftschmerzen,"akupunktur hüftschmerzen, tcm hüftschmerzen, hüftschmerzen behandlung",commercial_investigation,treatment_research,,,hueftschmerzen,,PRIMARY_OWNER,,,none,money,Hüftschmerzen | TCM bei Hüftschmerzen | Akupunktur bei Hüftschmerzen,,high
/beschwerden/hyperhidrose/,complaint,live,Starkes Schwitzen (Hyperhidrose),Beschwerdebild & TCM-/Akupunktur-Behandlung von Starkes Schwitzen (Hyperhidrose),starkes schwitzen (hyperhidrose),"akupunktur starkes schwitzen (hyperhidrose), tcm starkes schwitzen (hyperhidrose), starkes schwitzen (hyperhidrose) behandlung",commercial_investigation,treatment_research,,,hyperhidrose,,PRIMARY_OWNER,,,none,money,Starkes Schwitzen (Hyperhidrose) | TCM bei Starkes Schwitzen (Hyperhidrose) | Akupunktur bei Starkes Schwitzen (Hyperhidrose),,high
/beschwerden/immunschwaeche/,complaint,live,Immunschwäche,Beschwerdebild & TCM-/Akupunktur-Behandlung von Immunschwäche,immunschwäche,"akupunktur immunschwäche, tcm immunschwäche, immunschwäche behandlung",commercial_investigation,treatment_research,,,immunschwaeche,,PRIMARY_OWNER,/wissen/haeufige-infekte-immunsystem/,,medium,money,Immunschwäche | TCM bei Immunschwäche | Akupunktur bei Immunschwäche,Wissen-Artikel thematisch nah (Review-Fall).,high
/beschwerden/,category,live,Beschwerden-Übersicht,Übersicht behandelbarer Beschwerden mit TCM,tcm beschwerden,,mixed,consideration,,,,,PRIMARY_OWNER,,,,hub,Alle Beschwerden,,high
/beschwerden/inkontinenz/,complaint,live,Inkontinenz,Beschwerdebild & TCM-/Akupunktur-Behandlung von Inkontinenz,inkontinenz,"akupunktur inkontinenz, tcm inkontinenz, inkontinenz behandlung",commercial_investigation,treatment_research,,,inkontinenz,,PRIMARY_OWNER,,,none,money,Inkontinenz | TCM bei Inkontinenz | Akupunktur bei Inkontinenz,,high
/beschwerden/ischias/,complaint,live,Ischias,Beschwerdebild & TCM-/Akupunktur-Behandlung von Ischias,ischias,"akupunktur ischias, tcm ischias, ischias behandlung",commercial_investigation,treatment_research,,,ischias,,PRIMARY_OWNER,,,none,money,Ischias | TCM bei Ischias | Akupunktur bei Ischias,"Treatment-Intent-Cleanup 23.09.2026: Condition+Treatment-Owner (keine eigene Akupunktur-Ischias-Seite, ~30/mo zu klein); FAQ ""Hilft Akupunktur bei Ischias?"" vorhanden. Mögliche künftige Standalone-Chance nur bei materiellem GSC-Wachstum.",high
/beschwerden/isg-blockade/,complaint,live,ISG-Blockade,Beschwerdebild & TCM-/Akupunktur-Behandlung von ISG-Blockade,isg-blockade,"akupunktur isg-blockade, tcm isg-blockade, isg-blockade behandlung",commercial_investigation,treatment_research,,,isg-blockade,,PRIMARY_OWNER,,,none,money,ISG-Blockade | TCM bei ISG-Blockade | Akupunktur bei ISG-Blockade,,high
/beschwerden/karpaltunnelsyndrom/,complaint,live,Karpaltunnelsyndrom,Beschwerdebild & TCM-/Akupunktur-Behandlung von Karpaltunnelsyndrom,karpaltunnelsyndrom,"akupunktur karpaltunnelsyndrom, tcm karpaltunnelsyndrom, karpaltunnelsyndrom behandlung",commercial_investigation,treatment_research,,,karpaltunnelsyndrom,,PRIMARY_OWNER,,,none,money,Karpaltunnelsyndrom | TCM bei Karpaltunnelsyndrom | Akupunktur bei Karpaltunnelsyndrom,"Besitzt auch ""hände schlafen nachts ein"" (siehe do-not-create).",high
/beschwerden/kieferschmerzen/,complaint,live,Kieferschmerzen & CMD,Beschwerdebild & TCM-/Akupunktur-Behandlung von Kieferschmerzen & CMD,kieferschmerzen & cmd,"akupunktur kieferschmerzen & cmd, tcm kieferschmerzen & cmd, kieferschmerzen & cmd behandlung",commercial_investigation,treatment_research,,,kieferschmerzen,,PRIMARY_OWNER,,,none,money,Kieferschmerzen & CMD | TCM bei Kieferschmerzen & CMD | Akupunktur bei Kieferschmerzen & CMD,,high
/beschwerden/kinderwunsch/,complaint,live,Akupunktur bei Kinderwunsch,Beschwerdebild & TCM-/Akupunktur-Behandlung von Akupunktur bei Kinderwunsch,akupunktur bei kinderwunsch,"akupunktur kinderwunsch, tcm kinderwunsch, kinderwunsch tcm, akupunktur kinderwunsch krankenkasse",commercial_investigation,treatment_research,,,kinderwunsch,,PRIMARY_OWNER,/wissen/kinderwunsch-akupunktur-tcm/,/wissen/kinderwunsch-akupunktur-tcm/,low,money,Akupunktur bei Kinderwunsch | TCM bei Akupunktur bei Kinderwunsch | Akupunktur bei Akupunktur bei Kinderwunsch,"Treatment-Intent-Cleanup 23.09.2026: PRIMARY für alle generischen Kinderwunsch-Akupunktur-Terms (GSC: stärkster kommerzieller Owner, Pos. ~14.9 für Krankenkassen-Query). Wissen-Artikel auf IVF-Begleitung verengt.",high
/beschwerden/knieschmerzen/,complaint,live,Knieschmerzen,Beschwerdebild & TCM-/Akupunktur-Behandlung von Knieschmerzen,knieschmerzen,"akupunktur knieschmerzen, tcm knieschmerzen, knieschmerzen behandlung",commercial_investigation,treatment_research,,,knieschmerzen,,PRIMARY_OWNER,,,none,money,Knieschmerzen | TCM bei Knieschmerzen | Akupunktur bei Knieschmerzen,,high
/beschwerden/kopfschmerzen/,complaint,live,Kopfschmerzen,Beschwerdebild & TCM-/Akupunktur-Behandlung von Kopfschmerzen,kopfschmerzen,"akupunktur kopfschmerzen, tcm kopfschmerzen, kopfschmerzen behandlung",commercial_investigation,treatment_research,,,kopfschmerzen,,PRIMARY_OWNER,/wissen/was-hilft-gegen-kopfschmerzen/,,low,money,Kopfschmerzen | TCM bei Kopfschmerzen | Akupunktur bei Kopfschmerzen,"Kopfschmerz-Cluster: generischer Ratgeber liegt im Wissen, Untertypen (Spannung/Migräne/Cluster/Augenmigräne) haben eigene Leaves.",high
/beschwerden/lippenherpes/,complaint,live,Lippenherpes,Beschwerdebild & TCM-/Akupunktur-Behandlung von Lippenherpes,lippenherpes,"akupunktur lippenherpes, tcm lippenherpes, lippenherpes behandlung",commercial_investigation,treatment_research,,,lippenherpes,,PRIMARY_OWNER,,,none,money,Lippenherpes | TCM bei Lippenherpes | Akupunktur bei Lippenherpes,,high
/beschwerden/long-covid/,complaint,live,Long Covid,Beschwerdebild & TCM-/Akupunktur-Behandlung von Long Covid,long covid,"akupunktur long covid, tcm long covid, long covid behandlung",commercial_investigation,treatment_research,,,long-covid,,PRIMARY_OWNER,,,none,money,Long Covid | TCM bei Long Covid | Akupunktur bei Long Covid,,high
/beschwerden/lymphoedem/,complaint,live,Lymphödem,Beschwerdebild & TCM-/Akupunktur-Behandlung von Lymphödem,lymphödem,"akupunktur lymphödem, tcm lymphödem, lymphödem behandlung",commercial_investigation,treatment_research,,,lymphoedem,,PRIMARY_OWNER,,,none,money,Lymphödem | TCM bei Lymphödem | Akupunktur bei Lymphödem,,high
/beschwerden/menstruationsbeschwerden/,complaint,live,Menstruationsbeschwerden,Beschwerdebild & TCM-/Akupunktur-Behandlung von Menstruationsbeschwerden,menstruationsbeschwerden,"akupunktur menstruationsbeschwerden, tcm menstruationsbeschwerden, menstruationsbeschwerden behandlung",commercial_investigation,treatment_research,,,menstruationsbeschwerden,,SHARED_INTENT_REVIEW,,,medium,money,Menstruationsbeschwerden | TCM bei Menstruationsbeschwerden | Akupunktur bei Menstruationsbeschwerden,Drei nahe Leaves: menstruationsbeschwerden / zyklusbeschwerden / pms — Abgrenzung prüfen (GSC).,high
/beschwerden/migraene/,complaint,live,Akupunktur bei Migräne,Beschwerdebild & TCM-/Akupunktur-Behandlung von Akupunktur bei Migräne,migräne,"migräne symptome, migräne behandlung, tcm migräne",commercial_investigation,treatment_research,,,migraene,,PRIMARY_OWNER,/wissen/migraene-tcm-warum-akupunktur-nicht-fuer-jeden/;/wissen/was-hilft-gegen-kopfschmerzen/,/wissen/migraene-tcm-warum-akupunktur-nicht-fuer-jeden/,low,money,Akupunktur bei Migräne | TCM bei Akupunktur bei Migräne | Akupunktur bei Akupunktur bei Migräne,"Treatment-Intent-Cleanup 23.09.2026: Condition-Owner. Title von ""Akupunktur bei Migräne"" auf ""Migräne"" umgestellt; Treatment-Intent an Wissen-Artikel abgegeben; Link auf Artikel via wissen-links ergänzt.",high
/beschwerden/mittelohrentzuendung/,complaint,live,Mittelohrentzündung,Beschwerdebild & TCM-/Akupunktur-Behandlung von Mittelohrentzündung,mittelohrentzündung,"akupunktur mittelohrentzündung, tcm mittelohrentzündung, mittelohrentzündung behandlung",commercial_investigation,treatment_research,,,mittelohrentzuendung,,PRIMARY_OWNER,,,none,money,Mittelohrentzündung | TCM bei Mittelohrentzündung | Akupunktur bei Mittelohrentzündung,,high
/beschwerden/morbus-crohn/,complaint,live,Morbus Crohn,Beschwerdebild & TCM-/Akupunktur-Behandlung von Morbus Crohn,morbus crohn,"akupunktur morbus crohn, tcm morbus crohn, morbus crohn behandlung",commercial_investigation,treatment_research,,,morbus-crohn,,PRIMARY_OWNER,,,none,money,Morbus Crohn | TCM bei Morbus Crohn | Akupunktur bei Morbus Crohn,,high
/beschwerden/morton-neurom/,complaint,live,Morton-Neurom,Beschwerdebild & TCM-/Akupunktur-Behandlung von Morton-Neurom,morton-neurom,"akupunktur morton-neurom, tcm morton-neurom, morton-neurom behandlung",commercial_investigation,treatment_research,,,morton-neurom,,PRIMARY_OWNER,,,none,money,Morton-Neurom | TCM bei Morton-Neurom | Akupunktur bei Morton-Neurom,,high
/beschwerden/myome/,complaint,live,Myome,Beschwerdebild & TCM-/Akupunktur-Behandlung von Myome,myome,"akupunktur myome, tcm myome, myome behandlung",commercial_investigation,treatment_research,,,myome,,PRIMARY_OWNER,,,none,money,Myome | TCM bei Myome | Akupunktur bei Myome,,high
/beschwerden/nackenschmerzen/,complaint,live,Nackenschmerzen,Beschwerdebild & TCM-/Akupunktur-Behandlung von Nackenschmerzen,nackenschmerzen,"nackenschmerzen behandlung, tcm nackenschmerzen, nackenverspannung",commercial_investigation,treatment_research,,,nackenschmerzen,,PRIMARY_OWNER,/wissen/akupunktur-bei-nackenschmerzen/,/wissen/akupunktur-bei-nackenschmerzen/,low,money,Nackenschmerzen | TCM bei Nackenschmerzen | Akupunktur bei Nackenschmerzen,Treatment-Intent-Cleanup 23.09.2026: Condition-Owner; Akupunktur-Terms an Wissen-Artikel abgegeben.,high
/beschwerden/nervenschmerzen/,complaint,live,Nervenschmerzen,Beschwerdebild & TCM-/Akupunktur-Behandlung von Nervenschmerzen,nervenschmerzen,"akupunktur nervenschmerzen, tcm nervenschmerzen, nervenschmerzen behandlung",commercial_investigation,treatment_research,,,nervenschmerzen,,PRIMARY_OWNER,,,none,money,Nervenschmerzen | TCM bei Nervenschmerzen | Akupunktur bei Nervenschmerzen,,high
/beschwerden/nesselsucht/,complaint,live,Nesselsucht (Urtikaria),Beschwerdebild & TCM-/Akupunktur-Behandlung von Nesselsucht (Urtikaria),nesselsucht (urtikaria),"akupunktur nesselsucht (urtikaria), tcm nesselsucht (urtikaria), nesselsucht (urtikaria) behandlung",commercial_investigation,treatment_research,,,nesselsucht,,PRIMARY_OWNER,,,none,money,Nesselsucht (Urtikaria) | TCM bei Nesselsucht (Urtikaria) | Akupunktur bei Nesselsucht (Urtikaria),,high
/beschwerden/neurodermitis/,complaint,live,Neurodermitis,Beschwerdebild & TCM-/Akupunktur-Behandlung von Neurodermitis,neurodermitis,"akupunktur neurodermitis, tcm neurodermitis, neurodermitis behandlung",commercial_investigation,treatment_research,,,neurodermitis,,PRIMARY_OWNER,,,none,money,Neurodermitis | TCM bei Neurodermitis | Akupunktur bei Neurodermitis,,high
/beschwerden/osteoporose/,complaint,live,Osteoporose,Beschwerdebild & TCM-/Akupunktur-Behandlung von Osteoporose,osteoporose,"akupunktur osteoporose, tcm osteoporose, osteoporose behandlung",commercial_investigation,treatment_research,,,osteoporose,,PRIMARY_OWNER,,,none,money,Osteoporose | TCM bei Osteoporose | Akupunktur bei Osteoporose,,high
/beschwerden/pcos/,complaint,live,PCOS,Beschwerdebild & TCM-/Akupunktur-Behandlung von PCOS,pcos,"akupunktur pcos, tcm pcos, pcos behandlung",commercial_investigation,treatment_research,,,pcos,,PRIMARY_OWNER,/wissen/pcos-akupunktur-tcm/,/wissen/pcos-akupunktur-tcm/,low,money,PCOS | TCM bei PCOS | Akupunktur bei PCOS,Treatment-Intent-Cleanup 23.09.2026: Condition-Owner PCOS; Wissen-Artikel auf Treatment-Evidenz verengt.,high
/beschwerden/piriformis-syndrom/,complaint,live,Piriformis-Syndrom,Beschwerdebild & TCM-/Akupunktur-Behandlung von Piriformis-Syndrom,piriformis-syndrom,"akupunktur piriformis-syndrom, tcm piriformis-syndrom, piriformis-syndrom behandlung",commercial_investigation,treatment_research,,,piriformis-syndrom,,PRIMARY_OWNER,,,none,money,Piriformis-Syndrom | TCM bei Piriformis-Syndrom | Akupunktur bei Piriformis-Syndrom,,high
/beschwerden/plantarfasziitis/,complaint,live,Plantarfasziitis,Beschwerdebild & TCM-/Akupunktur-Behandlung von Plantarfasziitis,plantarfasziitis,"akupunktur plantarfasziitis, tcm plantarfasziitis, plantarfasziitis behandlung",commercial_investigation,treatment_research,,,plantarfasziitis,,PRIMARY_OWNER,,,none,money,Plantarfasziitis | TCM bei Plantarfasziitis | Akupunktur bei Plantarfasziitis,Bewusst von Fersensporn abgegrenzt (dokumentiert im Repo).,high
/beschwerden/pms/,complaint,live,PMS,Beschwerdebild & TCM-/Akupunktur-Behandlung von PMS,pms,"akupunktur pms, tcm pms, pms behandlung",commercial_investigation,treatment_research,,,pms,,PRIMARY_OWNER,,,low,money,PMS | TCM bei PMS | Akupunktur bei PMS,"Klar eigenes Krankheitsbild, aber Teil des Zyklus-Trios (beobachten).",high
/beschwerden/polyneuropathie/,complaint,live,Polyneuropathie,Beschwerdebild & TCM-/Akupunktur-Behandlung von Polyneuropathie,polyneuropathie,"akupunktur polyneuropathie, tcm polyneuropathie, polyneuropathie behandlung",commercial_investigation,treatment_research,,,polyneuropathie,,PRIMARY_OWNER,,,none,money,Polyneuropathie | TCM bei Polyneuropathie | Akupunktur bei Polyneuropathie,,high
/beschwerden/prostata/,complaint,live,Prostatabeschwerden,Beschwerdebild & TCM-/Akupunktur-Behandlung von Prostatabeschwerden,prostatabeschwerden,"akupunktur prostatabeschwerden, tcm prostatabeschwerden, prostatabeschwerden behandlung",commercial_investigation,treatment_research,,,prostata,,PRIMARY_OWNER,,,none,money,Prostatabeschwerden | TCM bei Prostatabeschwerden | Akupunktur bei Prostatabeschwerden,,high
/beschwerden/raynaud-syndrom/,complaint,live,Raynaud-Syndrom,Beschwerdebild & TCM-/Akupunktur-Behandlung von Raynaud-Syndrom,raynaud-syndrom,"akupunktur raynaud-syndrom, tcm raynaud-syndrom, raynaud-syndrom behandlung",commercial_investigation,treatment_research,,,raynaud-syndrom,,PRIMARY_OWNER,,,none,money,Raynaud-Syndrom | TCM bei Raynaud-Syndrom | Akupunktur bei Raynaud-Syndrom,,high
/beschwerden/reizblase/,complaint,live,Reizblase,Beschwerdebild & TCM-/Akupunktur-Behandlung von Reizblase,reizblase,"akupunktur reizblase, tcm reizblase, reizblase behandlung",commercial_investigation,treatment_research,,,reizblase,,PRIMARY_OWNER,,,none,money,Reizblase | TCM bei Reizblase | Akupunktur bei Reizblase,,high
/beschwerden/reizdarm/,complaint,live,Reizdarm,Beschwerdebild & TCM-/Akupunktur-Behandlung von Reizdarm,reizdarm,"akupunktur reizdarm, tcm reizdarm, reizdarm behandlung",commercial_investigation,treatment_research,,,reizdarm,,PRIMARY_OWNER,,,none,money,Reizdarm | TCM bei Reizdarm | Akupunktur bei Reizdarm,,high
/beschwerden/restless-legs/,complaint,live,Restless Legs,Beschwerdebild & TCM-/Akupunktur-Behandlung von Restless Legs,restless legs,"akupunktur restless legs, tcm restless legs, restless legs behandlung",commercial_investigation,treatment_research,,,restless-legs,,PRIMARY_OWNER,,,none,money,Restless Legs | TCM bei Restless Legs | Akupunktur bei Restless Legs,,high
/beschwerden/rheuma/,complaint,live,Rheuma,Beschwerdebild & TCM-/Akupunktur-Behandlung von Rheuma,rheuma,"akupunktur rheuma, tcm rheuma, rheuma behandlung",commercial_investigation,treatment_research,,,rheuma,,PRIMARY_OWNER,,,none,money,Rheuma | TCM bei Rheuma | Akupunktur bei Rheuma,,high
/beschwerden/rhizarthrose/,complaint,live,Rhizarthrose,Beschwerdebild & TCM-/Akupunktur-Behandlung von Rhizarthrose,rhizarthrose,"akupunktur rhizarthrose, tcm rhizarthrose, rhizarthrose behandlung",commercial_investigation,treatment_research,,,rhizarthrose,,PRIMARY_OWNER,,,none,money,Rhizarthrose | TCM bei Rhizarthrose | Akupunktur bei Rhizarthrose,,high
/beschwerden/rosacea/,complaint,live,Rosacea,Beschwerdebild & TCM-/Akupunktur-Behandlung von Rosacea,rosacea,"akupunktur rosacea, tcm rosacea, rosacea behandlung",commercial_investigation,treatment_research,,,rosacea,,PRIMARY_OWNER,/haut/rosacea/,,none,money,Rosacea | TCM bei Rosacea | Akupunktur bei Rosacea,Kanonisches Ziel von /haut/rosacea/.,high
/beschwerden/rueckenschmerzen/,complaint,live,Rückenschmerzen,Beschwerdebild & TCM-/Akupunktur-Behandlung von Rückenschmerzen,rückenschmerzen,"rückenschmerzen behandlung, tcm rückenschmerzen, chronische rückenschmerzen",commercial_investigation,treatment_research,,,rueckenschmerzen,,PRIMARY_OWNER,"/wissen/akupunktur-bei-rueckenschmerzen/,/wissen/schmerzen-unterer-ruecken/",/wissen/akupunktur-bei-rueckenschmerzen/,low,money,Rückenschmerzen | TCM bei Rückenschmerzen | Akupunktur bei Rückenschmerzen,Treatment-Intent-Cleanup 23.09.2026: Condition-Owner; Akupunktur-Terms an /wissen/akupunktur-bei-rueckenschmerzen/ abgegeben.,high
/beschwerden/schlafprobleme/,complaint,live,Schlafprobleme,Beschwerdebild & TCM-/Akupunktur-Behandlung von Schlafprobleme,schlafprobleme,"schlafstörungen, schlafprobleme behandlung, tcm schlafprobleme",commercial_investigation,treatment_research,,,schlafprobleme,,PRIMARY_OWNER,/wissen/akupunktur-schlafprobleme/,/wissen/akupunktur-schlafprobleme/,low,money,Schlafprobleme | TCM bei Schlafprobleme | Akupunktur bei Schlafprobleme,"Treatment-Intent-Cleanup 23.09.2026: Condition-Owner (schlafprobleme + schlafstörungen); Akupunktur-Terms an Wissen-Artikel abgegeben; kontextueller Link ""Akupunktur bei Schlafproblemen"" besteht via wissen-links.",high
/beschwerden/schlafstoerungen/,complaint,canonicalized,Schlafstörungen,,,,,,,,schlafstoerungen,,REDUNDANT,/beschwerden/schlafprobleme/,,none,canonicalized_duplicate,,"Canonical auf /beschwerden/schlafprobleme/ — nicht als Owner behandeln, nicht intern pushen.",high
/beschwerden/schleimbeutelentzuendung/,complaint,live,Schleimbeutelentzündung,Beschwerdebild & TCM-/Akupunktur-Behandlung von Schleimbeutelentzündung,schleimbeutelentzündung,"akupunktur schleimbeutelentzündung, tcm schleimbeutelentzündung, schleimbeutelentzündung behandlung",commercial_investigation,treatment_research,,,schleimbeutelentzuendung,,PRIMARY_OWNER,,,none,money,Schleimbeutelentzündung | TCM bei Schleimbeutelentzündung | Akupunktur bei Schleimbeutelentzündung,,high
/beschwerden/schleudertrauma/,complaint,live,Schleudertrauma,Beschwerdebild & TCM-/Akupunktur-Behandlung von Schleudertrauma,schleudertrauma,"akupunktur schleudertrauma, tcm schleudertrauma, schleudertrauma behandlung",commercial_investigation,treatment_research,,,schleudertrauma,,PRIMARY_OWNER,,,none,money,Schleudertrauma | TCM bei Schleudertrauma | Akupunktur bei Schleudertrauma,,high
/beschwerden/schulterschmerzen/,complaint,live,Schulterschmerzen,Beschwerdebild & TCM-/Akupunktur-Behandlung von Schulterschmerzen,schulterschmerzen,"akupunktur schulterschmerzen, tcm schulterschmerzen, schulterschmerzen behandlung",commercial_investigation,treatment_research,,,schulterschmerzen,,PRIMARY_OWNER,,,none,money,Schulterschmerzen | TCM bei Schulterschmerzen | Akupunktur bei Schulterschmerzen,"Besitzt auch ""schulterschmerzen nachts beim liegen"".",high
/beschwerden/schuppenflechte/,complaint,live,Schuppenflechte,Beschwerdebild & TCM-/Akupunktur-Behandlung von Schuppenflechte,schuppenflechte,"akupunktur schuppenflechte, tcm schuppenflechte, schuppenflechte behandlung",commercial_investigation,treatment_research,,,schuppenflechte,,PRIMARY_OWNER,,,none,money,Schuppenflechte | TCM bei Schuppenflechte | Akupunktur bei Schuppenflechte,,high
/beschwerden/schwangerschaftsbeschwerden/,complaint,live,Schwangerschaftsbeschwerden,Beschwerdebild & TCM-/Akupunktur-Behandlung von Schwangerschaftsbeschwerden,schwangerschaftsbeschwerden,"akupunktur schwangerschaftsbeschwerden, tcm schwangerschaftsbeschwerden, schwangerschaftsbeschwerden behandlung",commercial_investigation,treatment_research,,,schwangerschaftsbeschwerden,,PRIMARY_OWNER,,,none,money,Schwangerschaftsbeschwerden | TCM bei Schwangerschaftsbeschwerden | Akupunktur bei Schwangerschaftsbeschwerden,,high
/beschwerden/schwindel/,complaint,live,Schwindel,Beschwerdebild & TCM-/Akupunktur-Behandlung von Schwindel,schwindel,"akupunktur schwindel, tcm schwindel, schwindel behandlung",commercial_investigation,treatment_research,,,schwindel,,PRIMARY_OWNER,,,none,money,Schwindel | TCM bei Schwindel | Akupunktur bei Schwindel,Deckt Dreh-/Schwankschwindel & Benommenheit; Lagerungsschwindel-Muster siehe unowned-search-intents.,high
/beschwerden/sehnenscheidenentzuendung/,complaint,live,Sehnenscheidenentzündung,Beschwerdebild & TCM-/Akupunktur-Behandlung von Sehnenscheidenentzündung,sehnenscheidenentzündung,"akupunktur sehnenscheidenentzündung, tcm sehnenscheidenentzündung, sehnenscheidenentzündung behandlung",commercial_investigation,treatment_research,,,sehnenscheidenentzuendung,,PRIMARY_OWNER,,,none,money,Sehnenscheidenentzündung | TCM bei Sehnenscheidenentzündung | Akupunktur bei Sehnenscheidenentzündung,,high
/beschwerden/sinusitis/,complaint,live,Sinusitis,Beschwerdebild & TCM-/Akupunktur-Behandlung von Sinusitis,sinusitis,"akupunktur sinusitis, tcm sinusitis, sinusitis behandlung",commercial_investigation,treatment_research,,,sinusitis,,PRIMARY_OWNER,,,none,money,Sinusitis | TCM bei Sinusitis | Akupunktur bei Sinusitis,,high
/beschwerden/sodbrennen/,complaint,live,Sodbrennen & Reflux,Beschwerdebild & TCM-/Akupunktur-Behandlung von Sodbrennen & Reflux,sodbrennen & reflux,"akupunktur sodbrennen & reflux, tcm sodbrennen & reflux, sodbrennen & reflux behandlung",commercial_investigation,treatment_research,,,sodbrennen,,PRIMARY_OWNER,,,none,money,Sodbrennen & Reflux | TCM bei Sodbrennen & Reflux | Akupunktur bei Sodbrennen & Reflux,,high
/beschwerden/spannungskopfschmerzen/,complaint,live,Spannungskopfschmerzen,Beschwerdebild & TCM-/Akupunktur-Behandlung von Spannungskopfschmerzen,spannungskopfschmerzen,"akupunktur spannungskopfschmerzen, tcm spannungskopfschmerzen, spannungskopfschmerzen behandlung",commercial_investigation,treatment_research,,,spannungskopfschmerzen,,PRIMARY_OWNER,/wissen/akupunktur-bei-kopfschmerzen/,,low,money,Spannungskopfschmerzen | TCM bei Spannungskopfschmerzen | Akupunktur bei Spannungskopfschmerzen,,high
/beschwerden/spinalkanalstenose/,complaint,live,Spinalkanalstenose,Beschwerdebild & TCM-/Akupunktur-Behandlung von Spinalkanalstenose,spinalkanalstenose,"akupunktur spinalkanalstenose, tcm spinalkanalstenose, spinalkanalstenose behandlung",commercial_investigation,treatment_research,,,spinalkanalstenose,,PRIMARY_OWNER,,,none,money,Spinalkanalstenose | TCM bei Spinalkanalstenose | Akupunktur bei Spinalkanalstenose,,high
/beschwerden/stress-burnout/,complaint,live,Stress & Burnout,Beschwerdebild & TCM-/Akupunktur-Behandlung von Stress & Burnout,stress & burnout,"akupunktur stress & burnout, tcm stress & burnout, stress & burnout behandlung",commercial_investigation,treatment_research,,,stress-burnout,,PRIMARY_OWNER,"/wissen/tcm-stress-burnout/,/wissen/burnout-symptome-erkennen/",,low,money,Stress & Burnout | TCM bei Stress & Burnout | Akupunktur bei Stress & Burnout,Kanonisches Ziel von /beschwerden/burnout/.,high
/beschwerden/tennisarm/,complaint,live,Tennisarm & Golferarm,Beschwerdebild & TCM-/Akupunktur-Behandlung von Tennisarm & Golferarm,tennisarm & golferarm,"akupunktur tennisarm & golferarm, tcm tennisarm & golferarm, tennisarm & golferarm behandlung",commercial_investigation,treatment_research,,,tennisarm,,PRIMARY_OWNER,,,none,money,Tennisarm & Golferarm | TCM bei Tennisarm & Golferarm | Akupunktur bei Tennisarm & Golferarm,,high
/beschwerden/tinnitus/,complaint,live,Tinnitus,Beschwerdebild & TCM-/Akupunktur-Behandlung von Tinnitus,tinnitus,"akupunktur tinnitus, tcm tinnitus, tinnitus behandlung",commercial_investigation,treatment_research,,,tinnitus,,PRIMARY_OWNER,,,none,money,Tinnitus | TCM bei Tinnitus | Akupunktur bei Tinnitus,"Pulsatiler Tinnitus (""Herzschlag im Ohr"") nur knapp erwähnt — Körpersignal-Kandidat.",high
/beschwerden/trigeminusneuralgie/,complaint,live,Trigeminusneuralgie,Beschwerdebild & TCM-/Akupunktur-Behandlung von Trigeminusneuralgie,trigeminusneuralgie,"akupunktur trigeminusneuralgie, tcm trigeminusneuralgie, trigeminusneuralgie behandlung",commercial_investigation,treatment_research,,,trigeminusneuralgie,,PRIMARY_OWNER,,,none,money,Trigeminusneuralgie | TCM bei Trigeminusneuralgie | Akupunktur bei Trigeminusneuralgie,,high
/beschwerden/uebelkeit/,complaint,live,Übelkeit,Beschwerdebild & TCM-/Akupunktur-Behandlung von Übelkeit,übelkeit,"akupunktur übelkeit, tcm übelkeit, übelkeit behandlung",commercial_investigation,treatment_research,,,uebelkeit,,PRIMARY_OWNER,,,none,money,Übelkeit | TCM bei Übelkeit | Akupunktur bei Übelkeit,,high
/beschwerden/verdauungsprobleme/,complaint,live,Verdauungsprobleme,Beschwerdebild & TCM-/Akupunktur-Behandlung von Verdauungsprobleme,verdauungsprobleme,"akupunktur verdauungsprobleme, tcm verdauungsprobleme, verdauungsprobleme behandlung",commercial_investigation,treatment_research,,,verdauungsprobleme,,PRIMARY_OWNER,,,none,money,Verdauungsprobleme | TCM bei Verdauungsprobleme | Akupunktur bei Verdauungsprobleme,,high
/beschwerden/verstopfung/,complaint,live,Verstopfung,Beschwerdebild & TCM-/Akupunktur-Behandlung von Verstopfung,verstopfung,"akupunktur verstopfung, tcm verstopfung, verstopfung behandlung",commercial_investigation,treatment_research,,,verstopfung,,PRIMARY_OWNER,,,none,money,Verstopfung | TCM bei Verstopfung | Akupunktur bei Verstopfung,,high
/beschwerden/wassereinlagerungen/,complaint,live,Wassereinlagerungen,Beschwerdebild & TCM-/Akupunktur-Behandlung von Wassereinlagerungen,wassereinlagerungen,"akupunktur wassereinlagerungen, tcm wassereinlagerungen, wassereinlagerungen behandlung",commercial_investigation,treatment_research,,,wassereinlagerungen,,PRIMARY_OWNER,,,none,money,Wassereinlagerungen | TCM bei Wassereinlagerungen | Akupunktur bei Wassereinlagerungen,,high
/beschwerden/wechseljahre/,complaint,live,Wechseljahre,Beschwerdebild & TCM-/Akupunktur-Behandlung von Wechseljahre,wechseljahre,"akupunktur wechseljahre, tcm wechseljahre, wechseljahre behandlung",commercial_investigation,treatment_research,,,wechseljahre,,PRIMARY_OWNER,,,none,money,Wechseljahre | TCM bei Wechseljahre | Akupunktur bei Wechseljahre,,high
/beschwerden/zaehneknirschen/,complaint,live,Zähneknirschen,Beschwerdebild & TCM-/Akupunktur-Behandlung von Zähneknirschen,zähneknirschen,"akupunktur zähneknirschen, tcm zähneknirschen, zähneknirschen behandlung",commercial_investigation,treatment_research,,,zaehneknirschen,,PRIMARY_OWNER,,,none,money,Zähneknirschen | TCM bei Zähneknirschen | Akupunktur bei Zähneknirschen,"Besitzt auch ""zähneknirschen nachts"".",high
/beschwerden/zyklusbeschwerden/,complaint,live,Zyklusbeschwerden,Beschwerdebild & TCM-/Akupunktur-Behandlung von Zyklusbeschwerden,zyklusbeschwerden,"akupunktur zyklusbeschwerden, tcm zyklusbeschwerden, zyklusbeschwerden behandlung",commercial_investigation,treatment_research,,,zyklusbeschwerden,,SHARED_INTENT_REVIEW,,,medium,money,Zyklusbeschwerden | TCM bei Zyklusbeschwerden | Akupunktur bei Zyklusbeschwerden,Nahe an menstruationsbeschwerden & pms — Abgrenzung prüfen (GSC).,high
/club/,other,live,Wellbeing-Community (Brand),Wellbeing-Community (Brand),qi club,,navigational,awareness,,,,,PRIMARY_OWNER,,,none,brand,,,medium
/datenschutz/,other,live,Datenschutz,Datenschutz,,,navigational,booking,,,,,TECHNICAL_ONLY,,,none,legal,,Rein rechtlich.,high
/en/404/,other,noindex,Page not found,,,,,,,,,,TECHNICAL_ONLY,,,,internal,,noindex — kein SEO-Owner.,high
/en/acupuncture-near-me/,other,live,Acupuncture Near Me: 13 TCM Clinics in Switzerland,EN twin: Acupuncture Near Me: 13 TCM Clinics in Switzerland,,,mixed,consideration,,,,,PRIMARY_OWNER,,,none,language_twin,,"Englische Zwillingsseite (hreflang); besitzt englischsprachige Intents, konkurriert nicht mit DE.",medium
/en/conditions/back-pain/,other,live,Acupuncture for Back Pain,EN twin: Acupuncture for Back Pain,,,mixed,consideration,,,,,PRIMARY_OWNER,,,none,language_twin,,"Englische Zwillingsseite (hreflang); besitzt englischsprachige Intents, konkurriert nicht mit DE.",medium
/en/conditions/digestive-issues/,other,live,Acupuncture for Digestive Issues,EN twin: Acupuncture for Digestive Issues,,,mixed,consideration,,,,,PRIMARY_OWNER,,,none,language_twin,,"Englische Zwillingsseite (hreflang); besitzt englischsprachige Intents, konkurriert nicht mit DE.",medium
/en/conditions/fertility-support/,other,live,Acupuncture for Fertility Support,EN twin: Acupuncture for Fertility Support,,,mixed,consideration,,,,,PRIMARY_OWNER,,,none,language_twin,,"Englische Zwillingsseite (hreflang); besitzt englischsprachige Intents, konkurriert nicht mit DE.",medium
/en/conditions/,other,live,Conditions We Treat with Acupuncture & TCM,EN twin: Conditions We Treat with Acupuncture & TCM,,,mixed,consideration,,,,,PRIMARY_OWNER,,,none,language_twin,,"Englische Zwillingsseite (hreflang); besitzt englischsprachige Intents, konkurriert nicht mit DE.",medium
/en/conditions/menstrual-issues/,other,live,Acupuncture for Menstrual & Cycle Issues,EN twin: Acupuncture for Menstrual & Cycle Issues,,,mixed,consideration,,,,,PRIMARY_OWNER,,,none,language_twin,,"Englische Zwillingsseite (hreflang); besitzt englischsprachige Intents, konkurriert nicht mit DE.",medium
/en/conditions/migraine-headaches/,other,live,Acupuncture for Migraine & Headaches,EN twin: Acupuncture for Migraine & Headaches,,,mixed,consideration,,,,,PRIMARY_OWNER,,,none,language_twin,,"Englische Zwillingsseite (hreflang); besitzt englischsprachige Intents, konkurriert nicht mit DE.",medium
/en/conditions/neck-pain/,other,live,Acupuncture for Neck Pain,EN twin: Acupuncture for Neck Pain,,,mixed,consideration,,,,,PRIMARY_OWNER,,,none,language_twin,,"Englische Zwillingsseite (hreflang); besitzt englischsprachige Intents, konkurriert nicht mit DE.",medium
/en/conditions/sleep-problems/,other,live,Acupuncture for Sleep Problems,EN twin: Acupuncture for Sleep Problems,,,mixed,consideration,,,,,PRIMARY_OWNER,,,none,language_twin,,"Englische Zwillingsseite (hreflang); besitzt englischsprachige Intents, konkurriert nicht mit DE.",medium
/en/conditions/stress-burnout/,other,live,Acupuncture for Stress & Burnout,EN twin: Acupuncture for Stress & Burnout,,,mixed,consideration,,,,,PRIMARY_OWNER,,,none,language_twin,,"Englische Zwillingsseite (hreflang); besitzt englischsprachige Intents, konkurriert nicht mit DE.",medium
/en/contact/,other,live,Request an appointment,EN twin: Request an appointment,,,mixed,consideration,,,,,PRIMARY_OWNER,,,none,language_twin,,"Englische Zwillingsseite (hreflang); besitzt englischsprachige Intents, konkurriert nicht mit DE.",medium
/en/health-insurance-acupuncture/,other,live,Does Swiss Health Insurance Cover Acupuncture & TCM?,EN twin: Does Swiss Health Insurance Cover Acupuncture & TCM?,,,mixed,consideration,,,,,PRIMARY_OWNER,,,none,language_twin,,"Englische Zwillingsseite (hreflang); besitzt englischsprachige Intents, konkurriert nicht mit DE.",medium
/en/,other,live,Acupuncture & Traditional Chinese Medicine in Switzerland,EN twin: Acupuncture & Traditional Chinese Medicine in Switzerland,,,mixed,consideration,,,,,PRIMARY_OWNER,,,none,language_twin,,"Englische Zwillingsseite (hreflang); besitzt englischsprachige Intents, konkurriert nicht mit DE.",medium
/en/knowledge/acupuncture-for-back-pain-what-to-expect/,other,live,Acupuncture for Back Pain: What to Expect,EN twin: Acupuncture for Back Pain: What to Expect,,,mixed,consideration,,,,,PRIMARY_OWNER,,,none,language_twin,,"Englische Zwillingsseite (hreflang); besitzt englischsprachige Intents, konkurriert nicht mit DE.",medium
/en/knowledge/acupuncture-for-fertility-switzerland/,other,live,Acupuncture for Fertility in Switzerland: An Honest Guide,EN twin: Acupuncture for Fertility in Switzerland: An Honest Guide,,,mixed,consideration,,,,,PRIMARY_OWNER,,,none,language_twin,,"Englische Zwillingsseite (hreflang); besitzt englischsprachige Intents, konkurriert nicht mit DE.",medium
/en/knowledge/acupuncture-for-migraines-what-to-expect/,other,live,Acupuncture for Migraines: What to Expect,EN twin: Acupuncture for Migraines: What to Expect,,,mixed,consideration,,,,,PRIMARY_OWNER,,,none,language_twin,,"Englische Zwillingsseite (hreflang); besitzt englischsprachige Intents, konkurriert nicht mit DE.",medium
/en/knowledge/acupuncture-for-stress-and-burnout/,other,live,Acupuncture for Stress and Burnout,EN twin: Acupuncture for Stress and Burnout,,,mixed,consideration,,,,,PRIMARY_OWNER,,,none,language_twin,,"Englische Zwillingsseite (hreflang); besitzt englischsprachige Intents, konkurriert nicht mit DE.",medium
/en/knowledge/english-speaking-acupuncturist-switzerland/,other,live,Finding an English-Speaking Acupuncturist in Switzerland,EN twin: Finding an English-Speaking Acupuncturist in Switzerland,,,mixed,consideration,,,,,PRIMARY_OWNER,,,none,language_twin,,"Englische Zwillingsseite (hreflang); besitzt englischsprachige Intents, konkurriert nicht mit DE.",medium
/en/knowledge/how-much-does-acupuncture-cost-in-switzerland/,other,live,How Much Does Acupuncture Cost in Switzerland?,EN twin: How Much Does Acupuncture Cost in Switzerland?,,,mixed,consideration,,,,,PRIMARY_OWNER,,,none,language_twin,,"Englische Zwillingsseite (hreflang); besitzt englischsprachige Intents, konkurriert nicht mit DE.",medium
/en/knowledge/how-to-claim-acupuncture-on-swiss-insurance/,other,live,How to Claim Acupuncture on Your Swiss Insurance,EN twin: How to Claim Acupuncture on Your Swiss Insurance,,,mixed,consideration,,,,,PRIMARY_OWNER,,,none,language_twin,,"Englische Zwillingsseite (hreflang); besitzt englischsprachige Intents, konkurriert nicht mit DE.",medium
/en/knowledge/,other,live,Knowledge: Acupuncture & TCM in Switzerland,EN twin: Knowledge: Acupuncture & TCM in Switzerland,,,mixed,consideration,,,,,PRIMARY_OWNER,,,none,language_twin,,"Englische Zwillingsseite (hreflang); besitzt englischsprachige Intents, konkurriert nicht mit DE.",medium
/en/knowledge/is-acupuncture-safe-side-effects-explained/,other,live,Is Acupuncture Safe? Side Effects Explained,EN twin: Is Acupuncture Safe? Side Effects Explained,,,mixed,consideration,,,,,PRIMARY_OWNER,,,none,language_twin,,"Englische Zwillingsseite (hreflang); besitzt englischsprachige Intents, konkurriert nicht mit DE.",medium
/en/knowledge/what-to-expect-first-acupuncture-session/,other,live,What to Expect at Your First Acupuncture Session,EN twin: What to Expect at Your First Acupuncture Session,,,mixed,consideration,,,,,PRIMARY_OWNER,,,none,language_twin,,"Englische Zwillingsseite (hreflang); besitzt englischsprachige Intents, konkurriert nicht mit DE.",medium
/en/locations/basel/,other,live,Acupuncture & TCM in Basel,EN twin: Acupuncture & TCM in Basel,,,mixed,consideration,,,,,PRIMARY_OWNER,,,none,language_twin,,"Englische Zwillingsseite (hreflang); besitzt englischsprachige Intents, konkurriert nicht mit DE.",medium
/en/locations/bottighofen/,other,live,Acupuncture & TCM in Bottighofen,EN twin: Acupuncture & TCM in Bottighofen,,,mixed,consideration,,,,,PRIMARY_OWNER,,,none,language_twin,,"Englische Zwillingsseite (hreflang); besitzt englischsprachige Intents, konkurriert nicht mit DE.",medium
/en/locations/frauenfeld/,other,live,Acupuncture & TCM in Frauenfeld,EN twin: Acupuncture & TCM in Frauenfeld,,,mixed,consideration,,,,,PRIMARY_OWNER,,,none,language_twin,,"Englische Zwillingsseite (hreflang); besitzt englischsprachige Intents, konkurriert nicht mit DE.",medium
/en/locations/,other,live,Acupuncture & TCM in Switzerland | 13 Clinics,EN twin: Acupuncture & TCM in Switzerland | 13 Clinics,,,mixed,consideration,,,,,PRIMARY_OWNER,,,none,language_twin,,"Englische Zwillingsseite (hreflang); besitzt englischsprachige Intents, konkurriert nicht mit DE.",medium
/en/locations/kreuzlingen/,other,live,Acupuncture & TCM in Kreuzlingen,EN twin: Acupuncture & TCM in Kreuzlingen,,,mixed,consideration,,,,,PRIMARY_OWNER,,,none,language_twin,,"Englische Zwillingsseite (hreflang); besitzt englischsprachige Intents, konkurriert nicht mit DE.",medium
/en/locations/luzern/,other,live,Acupuncture & TCM in Luzern,EN twin: Acupuncture & TCM in Luzern,,,mixed,consideration,,,,,PRIMARY_OWNER,,,none,language_twin,,"Englische Zwillingsseite (hreflang); besitzt englischsprachige Intents, konkurriert nicht mit DE.",medium
/en/locations/rorschach/,other,live,Acupuncture & TCM in Rorschach,EN twin: Acupuncture & TCM in Rorschach,,,mixed,consideration,,,,,PRIMARY_OWNER,,,none,language_twin,,"Englische Zwillingsseite (hreflang); besitzt englischsprachige Intents, konkurriert nicht mit DE.",medium
/en/locations/st-gallen/,other,live,Acupuncture & TCM in St. Gallen,EN twin: Acupuncture & TCM in St. Gallen,,,mixed,consideration,,,,,PRIMARY_OWNER,,,none,language_twin,,"Englische Zwillingsseite (hreflang); besitzt englischsprachige Intents, konkurriert nicht mit DE.",medium
/en/locations/volketswil/,other,live,Acupuncture & TCM in Volketswil,EN twin: Acupuncture & TCM in Volketswil,,,mixed,consideration,,,,,PRIMARY_OWNER,,,none,language_twin,,"Englische Zwillingsseite (hreflang); besitzt englischsprachige Intents, konkurriert nicht mit DE.",medium
/en/locations/wil/,other,live,Acupuncture & TCM in Wil,EN twin: Acupuncture & TCM in Wil,,,mixed,consideration,,,,,PRIMARY_OWNER,,,none,language_twin,,"Englische Zwillingsseite (hreflang); besitzt englischsprachige Intents, konkurriert nicht mit DE.",medium
/en/locations/winterthur-marktgasse/,other,live,Acupuncture & TCM in Winterthur Marktgasse,EN twin: Acupuncture & TCM in Winterthur Marktgasse,,,mixed,consideration,,,,,PRIMARY_OWNER,,,none,language_twin,,"Englische Zwillingsseite (hreflang); besitzt englischsprachige Intents, konkurriert nicht mit DE.",medium
/en/locations/winterthur-muenzgasse/,other,live,Acupuncture & TCM in Winterthur Münzgasse,EN twin: Acupuncture & TCM in Winterthur Münzgasse,,,mixed,consideration,,,,,PRIMARY_OWNER,,,none,language_twin,,"Englische Zwillingsseite (hreflang); besitzt englischsprachige Intents, konkurriert nicht mit DE.",medium
/en/locations/zuerich-city/,other,live,Acupuncture & TCM in Zürich City,EN twin: Acupuncture & TCM in Zürich City,,,mixed,consideration,,,,,PRIMARY_OWNER,,,none,language_twin,,"Englische Zwillingsseite (hreflang); besitzt englischsprachige Intents, konkurriert nicht mit DE.",medium
/en/locations/zuerich-hoengg/,other,live,Acupuncture & TCM in Zürich Höngg,EN twin: Acupuncture & TCM in Zürich Höngg,,,mixed,consideration,,,,,PRIMARY_OWNER,,,none,language_twin,,"Englische Zwillingsseite (hreflang); besitzt englischsprachige Intents, konkurriert nicht mit DE.",medium
/en/locations/zuerich-oerlikon/,other,live,Acupuncture & TCM in Zürich Oerlikon,EN twin: Acupuncture & TCM in Zürich Oerlikon,,,mixed,consideration,,,,,PRIMARY_OWNER,,,none,language_twin,,"Englische Zwillingsseite (hreflang); besitzt englischsprachige Intents, konkurriert nicht mit DE.",medium
/en/therapies/acupressure/,other,live,Acupressure in Switzerland | EMR-recognised,EN twin: Acupressure in Switzerland | EMR-recognised,,,mixed,consideration,,,,,PRIMARY_OWNER,,,none,language_twin,,"Englische Zwillingsseite (hreflang); besitzt englischsprachige Intents, konkurriert nicht mit DE.",medium
/en/therapies/acupuncture/,other,live,Acupuncture in Switzerland | EMR-recognised,EN twin: Acupuncture in Switzerland | EMR-recognised,,,mixed,consideration,,,,,PRIMARY_OWNER,,,none,language_twin,,"Englische Zwillingsseite (hreflang); besitzt englischsprachige Intents, konkurriert nicht mit DE.",medium
/en/therapies/chinese-herbal-medicine/,other,live,Chinese Herbal Medicine in Switzerland,EN twin: Chinese Herbal Medicine in Switzerland,,,mixed,consideration,,,,,PRIMARY_OWNER,,,none,language_twin,,"Englische Zwillingsseite (hreflang); besitzt englischsprachige Intents, konkurriert nicht mit DE.",medium
/en/therapies/cupping/,other,live,Cupping Therapy in Switzerland | EMR-recognised,EN twin: Cupping Therapy in Switzerland | EMR-recognised,,,mixed,consideration,,,,,PRIMARY_OWNER,,,none,language_twin,,"Englische Zwillingsseite (hreflang); besitzt englischsprachige Intents, konkurriert nicht mit DE.",medium
/en/therapies/electroacupuncture/,other,live,Electroacupuncture in Switzerland | EMR-recognised,EN twin: Electroacupuncture in Switzerland | EMR-recognised,,,mixed,consideration,,,,,PRIMARY_OWNER,,,none,language_twin,,"Englische Zwillingsseite (hreflang); besitzt englischsprachige Intents, konkurriert nicht mit DE.",medium
/en/therapies/facial-acupuncture/,other,live,Facial Acupuncture in Switzerland | EMR-recognised,EN twin: Facial Acupuncture in Switzerland | EMR-recognised,,,mixed,consideration,,,,,PRIMARY_OWNER,,,none,language_twin,,"Englische Zwillingsseite (hreflang); besitzt englischsprachige Intents, konkurriert nicht mit DE.",medium
/en/therapies/gua-sha/,other,live,Gua Sha Therapy in Switzerland | EMR-recognised,EN twin: Gua Sha Therapy in Switzerland | EMR-recognised,,,mixed,consideration,,,,,PRIMARY_OWNER,,,none,language_twin,,"Englische Zwillingsseite (hreflang); besitzt englischsprachige Intents, konkurriert nicht mit DE.",medium
/en/therapies/,other,live,TCM & Acupuncture Therapies in Switzerland,EN twin: TCM & Acupuncture Therapies in Switzerland,,,mixed,consideration,,,,,PRIMARY_OWNER,,,none,language_twin,,"Englische Zwillingsseite (hreflang); besitzt englischsprachige Intents, konkurriert nicht mit DE.",medium
/en/therapies/moxibustion/,other,live,Moxibustion in Switzerland | EMR-recognised,EN twin: Moxibustion in Switzerland | EMR-recognised,,,mixed,consideration,,,,,PRIMARY_OWNER,,,none,language_twin,,"Englische Zwillingsseite (hreflang); besitzt englischsprachige Intents, konkurriert nicht mit DE.",medium
/en/therapies/physiotherapy/,other,live,Physiotherapy in Switzerland | EMR-recognised,EN twin: Physiotherapy in Switzerland | EMR-recognised,,,mixed,consideration,,,,,PRIMARY_OWNER,,,none,language_twin,,"Englische Zwillingsseite (hreflang); besitzt englischsprachige Intents, konkurriert nicht mit DE.",medium
/en/therapies/shiatsu/,other,live,Shiatsu Massage in Switzerland | EMR-recognised,EN twin: Shiatsu Massage in Switzerland | EMR-recognised,,,mixed,consideration,,,,,PRIMARY_OWNER,,,none,language_twin,,"Englische Zwillingsseite (hreflang); besitzt englischsprachige Intents, konkurriert nicht mit DE.",medium
/en/therapies/tuina-massage/,other,live,Tuina Massage in Switzerland | EMR-recognised,EN twin: Tuina Massage in Switzerland | EMR-recognised,,,mixed,consideration,,,,,PRIMARY_OWNER,,,none,language_twin,,"Englische Zwillingsseite (hreflang); besitzt englischsprachige Intents, konkurriert nicht mit DE.",medium
/ergebnisse/,other,live,Ergebnisse & Transparenz (Trust-Hub),Ergebnisse & Transparenz (Trust-Hub),tcm.ch ergebnisse,,navigational,consideration,,,,,PRIMARY_OWNER,,,none,trust,Ergebnisse & Transparenz,,medium
/ergebnisse/rueckenschmerzen/,other,noindex,Akupunktur bei Rückenschmerzen in Kreuzlingen: unsere ehrlichen Ergebnisse,,,,,,,,,,TECHNICAL_ONLY,,,,internal,,noindex — kein SEO-Owner.,high
/haut/aknenarben/,skin,live,Aknenarben,Information/Einordnung: Aknenarben: Typen und was dagegen wirkt,aknenarben,,informational,awareness,,,aknenarben,,PRIMARY_OWNER,,,none,standalone,Aknenarben,Haut-Cluster ist bewusst eigenständiges Info-Magazin (nicht Teil der Beschwerde-Hierarchie).,medium
/haut/ampoule/,skin,live,"Ampoule, Essence, Serum","Information/Einordnung: Ampoule, Essence, Serum: was ist der Unterschied?","ampoule, essence, serum",,informational,awareness,,,ampoule,,PRIMARY_OWNER,,,none,standalone,"Ampoule, Essence, Serum",Haut-Cluster ist bewusst eigenständiges Info-Magazin (nicht Teil der Beschwerde-Hierarchie).,medium
/haut/augenringe/,skin,live,Augenringe,Information/Einordnung: Augenringe: die drei Typen und was jeweils hilft,augenringe,,informational,awareness,,,augenringe,,PRIMARY_OWNER,,,none,standalone,Augenringe,Haut-Cluster ist bewusst eigenständiges Info-Magazin (nicht Teil der Beschwerde-Hierarchie).,medium
/haut/azelainsaeure/,skin,live,Azelainsäure,Information/Einordnung: Azelainsäure: der unterschätzte Wirkstoff,azelainsäure,,informational,awareness,,,azelainsaeure,,PRIMARY_OWNER,,,none,standalone,Azelainsäure,Haut-Cluster ist bewusst eigenständiges Info-Magazin (nicht Teil der Beschwerde-Hierarchie).,medium
/haut/centella/,skin,live,Centella asiatica (Cica),Information/Einordnung: Centella asiatica (Cica): Was der Wirkstoff kann,centella asiatica (cica),,informational,awareness,,,centella,,PRIMARY_OWNER,,,none,standalone,Centella asiatica (Cica),Haut-Cluster ist bewusst eigenständiges Info-Magazin (nicht Teil der Beschwerde-Hierarchie).,medium
/haut/couperose/,skin,live,Couperose,Information/Einordnung: Couperose: sichtbare Äderchen im Gesicht,couperose,,informational,awareness,,,couperose,,PRIMARY_OWNER,,,none,standalone,Couperose,Haut-Cluster ist bewusst eigenständiges Info-Magazin (nicht Teil der Beschwerde-Hierarchie).,medium
/haut/doppelkinn/,skin,live,Doppelkinn,Information/Einordnung: Doppelkinn: Ursachen und was tatsächlich hilft,doppelkinn,,informational,awareness,,,doppelkinn,,PRIMARY_OWNER,,,none,standalone,Doppelkinn,Haut-Cluster ist bewusst eigenständiges Info-Magazin (nicht Teil der Beschwerde-Hierarchie).,medium
/haut/falten-gesicht/,skin,live,Falten im Gesicht,"Information/Einordnung: Falten im Gesicht: Zornesfalte, Nasolabial, Marionettenfalten",falten im gesicht,,informational,awareness,,,falten-gesicht,,PRIMARY_OWNER,,,none,standalone,Falten im Gesicht,Haut-Cluster ist bewusst eigenständiges Info-Magazin (nicht Teil der Beschwerde-Hierarchie).,medium
/haut/fruchtsaeurepeeling/,skin,live,Fruchtsäurepeeling,"Information/Einordnung: Fruchtsäurepeeling: Wirkstoffe, Stärken, Ablauf",fruchtsäurepeeling,,informational,awareness,,,fruchtsaeurepeeling,,PRIMARY_OWNER,,,none,standalone,Fruchtsäurepeeling,Haut-Cluster ist bewusst eigenständiges Info-Magazin (nicht Teil der Beschwerde-Hierarchie).,medium
/haut/gesichtsbehandlung/,skin,live,Gesichtsbehandlung,Information/Einordnung: Gesichtsbehandlung: welche passt zu deiner Haut,gesichtsbehandlung,,informational,awareness,,,gesichtsbehandlung,,PRIMARY_OWNER,,,none,standalone,Gesichtsbehandlung,Haut-Cluster ist bewusst eigenständiges Info-Magazin (nicht Teil der Beschwerde-Hierarchie).,medium
/haut/gesichtsyoga/,skin,live,Gesichtsyoga,Information/Einordnung: Gesichtsyoga: was die Studienlage hergibt,gesichtsyoga,,informational,awareness,,,gesichtsyoga,,PRIMARY_OWNER,,,none,standalone,Gesichtsyoga,Haut-Cluster ist bewusst eigenständiges Info-Magazin (nicht Teil der Beschwerde-Hierarchie).,medium
/haut/glass-skin/,skin,live,Glass Skin,Information/Einordnung: Glass Skin: was dahintersteckt und was davon erreichbar ist,glass skin,,informational,awareness,,,glass-skin,,PRIMARY_OWNER,,,none,standalone,Glass Skin,Haut-Cluster ist bewusst eigenständiges Info-Magazin (nicht Teil der Beschwerde-Hierarchie).,medium
/haut/hyaluronsaeure/,skin,live,Hyaluronsäure,Information/Einordnung: Hyaluronsäure: was sie kann und was nicht,hyaluronsäure,,informational,awareness,,,hyaluronsaeure,,PRIMARY_OWNER,,,none,standalone,Hyaluronsäure,Haut-Cluster ist bewusst eigenständiges Info-Magazin (nicht Teil der Beschwerde-Hierarchie).,medium
/haut/hydrafacial/,skin,live,Hydrafacial,"Information/Einordnung: Hydrafacial: Ablauf, Kosten, was es wirklich bringt",hydrafacial,,informational,awareness,,,hydrafacial,,PRIMARY_OWNER,,,none,standalone,Hydrafacial,Haut-Cluster ist bewusst eigenständiges Info-Magazin (nicht Teil der Beschwerde-Hierarchie).,medium
/haut/,category,live,Haut & Gesicht Übersicht,Haut-/Gesichtsbehandlungen und Wirkstoffe (Magazin-Hub),hautbehandlung gesicht,,informational,awareness,,,,,PRIMARY_OWNER,,,,hub,Haut & Gesicht,,high
/haut/k-beauty/,skin,live,K-Beauty,Information/Einordnung: K-Beauty: was wirklich dahintersteckt,k-beauty,,informational,awareness,,,k-beauty,,PRIMARY_OWNER,,,none,standalone,K-Beauty,Haut-Cluster ist bewusst eigenständiges Info-Magazin (nicht Teil der Beschwerde-Hierarchie).,medium
/haut/korean-skincare/,skin,live,Korean Skincare,"Information/Einordnung: Korean Skincare: Routine, Produkte, Kauf in der Schweiz",korean skincare,,informational,awareness,,,korean-skincare,,PRIMARY_OWNER,,,none,standalone,Korean Skincare,Haut-Cluster ist bewusst eigenständiges Info-Magazin (nicht Teil der Beschwerde-Hierarchie).,medium
/haut/melasma/,skin,live,Melasma,Information/Einordnung: Melasma: warum es anders ist als Altersflecken,melasma,,informational,awareness,,,melasma,,PRIMARY_OWNER,,,none,standalone,Melasma,Haut-Cluster ist bewusst eigenständiges Info-Magazin (nicht Teil der Beschwerde-Hierarchie).,medium
/haut/microneedling-zuhause/,skin,live,Microneedling zu Hause,Information/Einordnung: Microneedling zu Hause: was geht und wo die Grenze ist,microneedling zu hause,,informational,awareness,,,microneedling-zuhause,,PRIMARY_OWNER,,,none,standalone,Microneedling zu Hause,Haut-Cluster ist bewusst eigenständiges Info-Magazin (nicht Teil der Beschwerde-Hierarchie).,medium
/haut/microneedling/,skin,live,Microneedling,"Information/Einordnung: Microneedling: Ablauf, Kosten, was realistisch ist",microneedling,,informational,awareness,,,microneedling,,PRIMARY_OWNER,,,none,standalone,Microneedling,Haut-Cluster ist bewusst eigenständiges Info-Magazin (nicht Teil der Beschwerde-Hierarchie).,medium
/haut/mitesser/,skin,live,Mitesser entfernen,Information/Einordnung: Mitesser entfernen: was hilft und was die Haut schädigt,mitesser entfernen,,informational,awareness,,,mitesser,,PRIMARY_OWNER,,,none,standalone,Mitesser entfernen,Haut-Cluster ist bewusst eigenständiges Info-Magazin (nicht Teil der Beschwerde-Hierarchie).,medium
/haut/nasolabialfalten/,skin,live,Nasolabialfalten,"Information/Einordnung: Nasolabialfalten: warum sie entstehen, was hilft",nasolabialfalten,,informational,awareness,,,nasolabialfalten,,PRIMARY_OWNER,,,none,standalone,Nasolabialfalten,Haut-Cluster ist bewusst eigenständiges Info-Magazin (nicht Teil der Beschwerde-Hierarchie).,medium
/haut/niacinamid/,skin,live,Niacinamid,"Information/Einordnung: Niacinamid: Wirkung, Konzentration, Kombinationen",niacinamid,,informational,awareness,,,niacinamid,,PRIMARY_OWNER,,,none,standalone,Niacinamid,Haut-Cluster ist bewusst eigenständiges Info-Magazin (nicht Teil der Beschwerde-Hierarchie).,medium
/haut/peeling/,skin,live,Chemisches Peeling und Fruchtsäure,"Information/Einordnung: Chemisches Peeling und Fruchtsäure: AHA, BHA, PHA erklärt",chemisches peeling und fruchtsäure,,informational,awareness,,,peeling,,PRIMARY_OWNER,,,none,standalone,Chemisches Peeling und Fruchtsäure,Haut-Cluster ist bewusst eigenständiges Info-Magazin (nicht Teil der Beschwerde-Hierarchie).,medium
/haut/pigmentflecken/,skin,live,Pigmentflecken im Gesicht,"Information/Einordnung: Pigmentflecken im Gesicht: Formen, Ursachen, was hilft",pigmentflecken im gesicht,,informational,awareness,,,pigmentflecken,,PRIMARY_OWNER,,,none,standalone,Pigmentflecken im Gesicht,Haut-Cluster ist bewusst eigenständiges Info-Magazin (nicht Teil der Beschwerde-Hierarchie).,medium
/haut/polynukleotide/,skin,live,Polynukleotide,"Information/Einordnung: Polynukleotide: Wirkprinzip, Präparate, Grenzen",polynukleotide,,informational,awareness,,,polynukleotide,,PRIMARY_OWNER,,,none,standalone,Polynukleotide,Haut-Cluster ist bewusst eigenständiges Info-Magazin (nicht Teil der Beschwerde-Hierarchie).,medium
/haut/profhilo/,skin,live,Profhilo,"Information/Einordnung: Profhilo: was es ist, was es kostet, was es nicht kann",profhilo,,informational,awareness,,,profhilo,,PRIMARY_OWNER,,,none,standalone,Profhilo,Haut-Cluster ist bewusst eigenständiges Info-Magazin (nicht Teil der Beschwerde-Hierarchie).,medium
/haut/rejuran-pdrn/,skin,live,Rejuran und PDRN,Information/Einordnung: Rejuran und PDRN: der koreanische Hautbooster erklärt,rejuran und pdrn,,informational,awareness,,,rejuran-pdrn,,PRIMARY_OWNER,,,none,standalone,Rejuran und PDRN,Haut-Cluster ist bewusst eigenständiges Info-Magazin (nicht Teil der Beschwerde-Hierarchie).,medium
/haut/retinol/,skin,live,Retinol,"Information/Einordnung: Retinol: Einstieg, Dosierung, Nebenwirkungen",retinol,,informational,awareness,,,retinol,,PRIMARY_OWNER,,,none,standalone,Retinol,Haut-Cluster ist bewusst eigenständiges Info-Magazin (nicht Teil der Beschwerde-Hierarchie).,medium
/haut/rosacea/,skin,canonicalized,Rosacea,,,,,,,,rosacea,,REDUNDANT,/beschwerden/rosacea/,,none,canonicalized_duplicate,,Canonical auf /beschwerden/rosacea/ (Beschwerdeseite ist Owner).,high
/haut/salicylsaeure/,skin,live,Salicylsäure (BHA),"Information/Einordnung: Salicylsäure (BHA): Wirkung, Anwendung, Fehler",salicylsäure (bha),,informational,awareness,,,salicylsaeure,,PRIMARY_OWNER,,,none,standalone,Salicylsäure (BHA),Haut-Cluster ist bewusst eigenständiges Info-Magazin (nicht Teil der Beschwerde-Hierarchie).,medium
/haut/skin-booster/,skin,live,Skin Booster,Information/Einordnung: Skin Booster: was hinter dem Begriff steckt,skin booster,,informational,awareness,,,skin-booster,,PRIMARY_OWNER,,,none,standalone,Skin Booster,Haut-Cluster ist bewusst eigenständiges Info-Magazin (nicht Teil der Beschwerde-Hierarchie).,medium
/haut/sonnencreme-gesicht/,skin,live,Sonnencreme fürs Gesicht,"Information/Einordnung: Sonnencreme fürs Gesicht: LSF, Filter, koreanische Texturen",sonnencreme fürs gesicht,,informational,awareness,,,sonnencreme-gesicht,,PRIMARY_OWNER,,,none,standalone,Sonnencreme fürs Gesicht,Haut-Cluster ist bewusst eigenständiges Info-Magazin (nicht Teil der Beschwerde-Hierarchie).,medium
/haut/ultherapy-hifu/,skin,live,Ultherapy und HIFU,Information/Einordnung: Ultherapy und HIFU: fokussierter Ultraschall erklärt,ultherapy und hifu,,informational,awareness,,,ultherapy-hifu,,PRIMARY_OWNER,,,none,standalone,Ultherapy und HIFU,Haut-Cluster ist bewusst eigenständiges Info-Magazin (nicht Teil der Beschwerde-Hierarchie).,medium
/haut/unreine-haut/,skin,live,Unreine Haut bei Erwachsenen,Information/Einordnung: Unreine Haut bei Erwachsenen: Ursachen und was hilft,unreine haut bei erwachsenen,,informational,awareness,,,unreine-haut,,PRIMARY_OWNER,,,none,standalone,Unreine Haut bei Erwachsenen,Haut-Cluster ist bewusst eigenständiges Info-Magazin (nicht Teil der Beschwerde-Hierarchie).,medium
/haut/vitamin-c-serum/,skin,live,Vitamin-C-Serum,"Information/Einordnung: Vitamin-C-Serum: Formen, Wirkung, Anwendung",vitamin-c-serum,,informational,awareness,,,vitamin-c-serum,,PRIMARY_OWNER,,,none,standalone,Vitamin-C-Serum,Haut-Cluster ist bewusst eigenständiges Info-Magazin (nicht Teil der Beschwerde-Hierarchie).,medium
/impressum/,other,live,Impressum,Impressum,,,navigational,booking,,,,,TECHNICAL_ONLY,,,none,legal,,Rein rechtlich.,high
/,generic_landing,live,TCM & Akupunktur Schweiz (Brand & Kategorie),TCM & Akupunktur Schweiz (Brand & Kategorie),tcm schweiz,"akupunktur schweiz, tcm.ch",navigational,provider_selection,,,,,PRIMARY_OWNER,,,none,hub,TCM.ch,Brand-Home; verteilt auf Beschwerden/Therapien/Standorte.,high
/kontakt/,other,live,Kontakt/Terminanfrage,Kontakt/Terminanfrage,tcm.ch kontakt,,navigational,booking,,,,,PRIMARY_OWNER,,,none,conversion,Kontakt,,high
/krankenkassen/akupunktur/,insurance,live,Akupunktur & Krankenkasse,Krankenkassen-Übernahme für Akupunktur,akupunktur krankenkasse,,commercial_investigation,consideration,,Akupunktur,,,PRIMARY_OWNER,,,low,money,Akupunktur & Krankenkasse,,high
/krankenkassen/,insurance,live,Kosten & Krankenkasse (Hub),Was Akupunktur/TCM kostet und was die Krankenkasse übernimmt,akupunktur krankenkasse,"tcm krankenkasse, tcm kosten",commercial_investigation,consideration,,,,,PRIMARY_OWNER,/wissen/krankenkasse-tcm-was-wirklich-uebernommen-wird-2026/,/wissen/krankenkasse-tcm-was-wirklich-uebernommen-wird-2026/,medium,hub,Kosten & Krankenkasse,Wissen-Deep-Dive überlappt (Review-Fall).,high
/krankenkassen/massage/,insurance,live,Massage & Krankenkasse,Krankenkassen-Übernahme für Massage,massage krankenkasse,,commercial_investigation,consideration,,Massage,,,PRIMARY_OWNER,,,low,money,Massage & Krankenkasse,,high
/krankenkassen/shiatsu/,insurance,live,Shiatsu & Krankenkasse,Krankenkassen-Übernahme für Shiatsu,shiatsu krankenkasse,,commercial_investigation,consideration,,Shiatsu,,,PRIMARY_OWNER,,,low,money,Shiatsu & Krankenkasse,,high
/longevity/,generic_landing,live,Longevity/Prävention mit TCM,Longevity/Prävention mit TCM,longevity schweiz,"tcm prävention, vitalität",commercial_investigation,awareness,,,,,PRIMARY_OWNER,,,none,money,Longevity & Prävention,,medium
/massage-basel/,massage,live,Massage Basel,Massage-Angebot in Basel finden,massage basel,"medizinische massage basel, klassische massage basel",local,provider_selection,Basel,,,,PRIMARY_OWNER,,,low,money,Massage in Basel,"Methoden-Intents gehören /therapien/massage/*; Stadtseite besitzt nur ""massage + stadt"".",high
/massage-frauenfeld/,massage,live,Massage Frauenfeld,Massage-Angebot in Frauenfeld finden,massage frauenfeld,"medizinische massage frauenfeld, klassische massage frauenfeld",local,provider_selection,Frauenfeld,,,,PRIMARY_OWNER,,,low,money,Massage in Frauenfeld,"Methoden-Intents gehören /therapien/massage/*; Stadtseite besitzt nur ""massage + stadt"".",high
/massage-kreuzlingen/,massage,live,Massage Kreuzlingen,Massage-Angebot in Kreuzlingen finden,massage kreuzlingen,"medizinische massage kreuzlingen, klassische massage kreuzlingen",local,provider_selection,Kreuzlingen,,,,PRIMARY_OWNER,,,low,money,Massage in Kreuzlingen,"Methoden-Intents gehören /therapien/massage/*; Stadtseite besitzt nur ""massage + stadt"".",high
/massage-luzern/,massage,live,Massage Luzern,Massage-Angebot in Luzern finden,massage luzern,"medizinische massage luzern, klassische massage luzern",local,provider_selection,Luzern,,,,PRIMARY_OWNER,,,low,money,Massage in Luzern,"Methoden-Intents gehören /therapien/massage/*; Stadtseite besitzt nur ""massage + stadt"".",high
/massage-oerlikon/,massage,live,Massage Zürich Oerlikon,Massage-Angebot in Zürich Oerlikon finden,massage zürich oerlikon,"medizinische massage zürich oerlikon, klassische massage zürich oerlikon",local,provider_selection,Zürich Oerlikon,,,,PRIMARY_OWNER,,,low,money,Massage in Zürich Oerlikon,"Methoden-Intents gehören /therapien/massage/*; Stadtseite besitzt nur ""massage + stadt"".",high
/massage-st-gallen/,massage,live,Massage St. Gallen,Massage-Angebot in St. Gallen finden,massage st. gallen,"medizinische massage st. gallen, klassische massage st. gallen",local,provider_selection,St. Gallen,,,,PRIMARY_OWNER,,,low,money,Massage in St. Gallen,"Methoden-Intents gehören /therapien/massage/*; Stadtseite besitzt nur ""massage + stadt"".",high
/massage-winterthur/,massage,live,Massage Winterthur,Massage-Angebot in Winterthur finden,massage winterthur,"medizinische massage winterthur, klassische massage winterthur",local,provider_selection,Winterthur,,,,PRIMARY_OWNER,,,low,money,Massage in Winterthur,"Methoden-Intents gehören /therapien/massage/*; Stadtseite besitzt nur ""massage + stadt"".",high
/massage-zuerich/,massage,live,Massage Zuerich,Massage-Angebot in Zuerich finden,massage zuerich,"medizinische massage zuerich, klassische massage zuerich",local,provider_selection,Zuerich,,,,PRIMARY_OWNER,,,low,money,Massage in Zuerich,"Methoden-Intents gehören /therapien/massage/*; Stadtseite besitzt nur ""massage + stadt"".",high
/partner/,other,live,Partner & Karriere (B2B/Recruiting),Partner & Karriere (B2B/Recruiting),tcm karriere schweiz,tcm praxis partner,navigational,consideration,,,,,PRIMARY_OWNER,,,none,b2b,Partner & Karriere,,high
/selbsttest/,generic_landing,live,Selbsttest: passt TCM zu meinen Beschwerden?,Selbsttest: passt TCM zu meinen Beschwerden?,tcm selbsttest,,informational,consideration,,,,,PRIMARY_OWNER,/beschwerden/,,none,tool,TCM-Selbsttest,,high
/sprechstunde/,generic_landing,live,Ärztliche Sprechstunde (telemedizinisch),Ärztliche Sprechstunde (telemedizinisch),ärztliche sprechstunde tcm,,transactional,booking,,,,,PRIMARY_OWNER,,,none,money,Ärztliche Sprechstunde,,medium
/standorte/basel/,location,live,TCM & Akupunktur Basel,TCM-/Akupunktur-Praxis in Basel finden,tcm basel,akupunktur basel,local,provider_selection,Basel,,,,PRIMARY_OWNER,/akupunktur-tcm-basel/,/akupunktur-tcm-basel/,low,money,TCM Basel | Akupunktur Basel,"Ownership-Cleanup 23.09.2026: Primary fuer TCM/Akupunktur/Chinesische Medizin Basel (Pre-Opening 2028, Warteliste; kein erfundener Status). Secondary-Landingpage repositioniert.",high
/standorte/basel/kosten/,location_cost,live,Akupunktur-Kosten Basel,Kosten & Krankenkassen-Erstattung einer Akupunktur in Basel,akupunktur kosten basel,"tcm kosten basel, akupunktur preise basel",local,booking,Basel,,,,PRIMARY_OWNER,,,none,money,Akupunktur-Kosten in Basel,,high
/standorte/bottighofen/,location,live,TCM & Akupunktur Bottighofen,TCM-/Akupunktur-Praxis in Bottighofen finden,tcm bottighofen,akupunktur bottighofen,local,provider_selection,Bottighofen,,,,PRIMARY_OWNER,,,none,money,TCM Bottighofen | Akupunktur Bottighofen,Partnerpraxis (TCM Pelican).,high
/standorte/frauenfeld/,location,live,TCM & Akupunktur Frauenfeld,TCM-/Akupunktur-Praxis in Frauenfeld finden,tcm frauenfeld,akupunktur frauenfeld,local,provider_selection,Frauenfeld,,,,PRIMARY_OWNER,"/wissen/tcm-frauenfeld-erfahrungen-ablauf/,/standorte/frauenfeld/kosten/",,none,money,TCM Frauenfeld | Akupunktur Frauenfeld,,high
/standorte/frauenfeld/kosten/,location_cost,live,Akupunktur-Kosten Frauenfeld,Kosten & Krankenkassen-Erstattung einer Akupunktur in Frauenfeld,akupunktur kosten frauenfeld,"tcm kosten frauenfeld, akupunktur preise frauenfeld",local,booking,Frauenfeld,,,,PRIMARY_OWNER,,,none,money,Akupunktur-Kosten in Frauenfeld,,high
/standorte/,category,live,Standort-Übersicht,Alle TCM.ch-Standorte,tcm standorte schweiz,,local,provider_selection,,,,,PRIMARY_OWNER,,,,hub,Alle Standorte,,high
/standorte/kreuzlingen/,location,live,TCM & Akupunktur Kreuzlingen,TCM-/Akupunktur-Praxis in Kreuzlingen finden,tcm kreuzlingen,akupunktur kreuzlingen,local,provider_selection,Kreuzlingen,,,,PRIMARY_OWNER,"/wissen/tcm-kreuzlingen-erfahrungen-ablauf/,/standorte/kreuzlingen/kosten/",,none,money,TCM Kreuzlingen | Akupunktur Kreuzlingen,,high
/standorte/kreuzlingen/kosten/,location_cost,live,Akupunktur-Kosten Kreuzlingen,Kosten & Krankenkassen-Erstattung einer Akupunktur in Kreuzlingen,akupunktur kosten kreuzlingen,"tcm kosten kreuzlingen, akupunktur preise kreuzlingen",local,booking,Kreuzlingen,,,,PRIMARY_OWNER,,,none,money,Akupunktur-Kosten in Kreuzlingen,,high
/standorte/luzern/,location,live,TCM & Akupunktur Luzern,TCM-/Akupunktur-Praxis in Luzern finden,tcm luzern,akupunktur luzern,local,provider_selection,Luzern,,,,PRIMARY_OWNER,"/wissen/tcm-luzern-erfahrungen-ablauf/,/standorte/luzern/kosten/",,none,money,TCM Luzern | Akupunktur Luzern,,high
/standorte/luzern/kosten/,location_cost,live,Akupunktur-Kosten Luzern,Kosten & Krankenkassen-Erstattung einer Akupunktur in Luzern,akupunktur kosten luzern,"tcm kosten luzern, akupunktur preise luzern",local,booking,Luzern,,,,PRIMARY_OWNER,,,none,money,Akupunktur-Kosten in Luzern,,high
/standorte/zuerich/kosten/,location_cost,live,Akupunktur-Kosten Zürich,Kosten & Krankenkassen-Erstattung einer Akupunktur in Zürich,akupunktur kosten zürich,"tcm kosten zürich, akupunktur preise zürich",local,booking,Zürich,,,,PRIMARY_OWNER,/akupunktur-tcm-zuerich/,,none,money,Akupunktur-Kosten in Zürich,Erstellt 2026-09-09 (P1-Lücke aus unowned-search-intents geschlossen). Stadtweit gültig für alle drei Praxen; verlinkt von Hub + Spokes.,high
/standorte/rorschach/,location,live,TCM & Akupunktur Rorschach,TCM-/Akupunktur-Praxis in Rorschach finden,tcm rorschach,akupunktur rorschach,local,provider_selection,Rorschach,,,,PRIMARY_OWNER,,,none,money,TCM Rorschach | Akupunktur Rorschach,,high
/standorte/st-gallen/,location,live,TCM & Akupunktur St. Gallen,TCM-/Akupunktur-Praxis in St. Gallen finden,tcm st. gallen,akupunktur st. gallen,local,provider_selection,St. Gallen,,,,PRIMARY_OWNER,/akupunktur-tcm-st-gallen/;/akupunktur-st-gallen-kosten/,/akupunktur-tcm-st-gallen/,low,money,TCM St. Gallen | Akupunktur St. Gallen,"Ownership-Cleanup 23.09.2026: GSC bestätigt diese Seite als Owner (TCM St. Gallen Pos. ~1.8, Akupunktur St. Gallen Pos. ~2.0). /akupunktur-tcm-st-gallen/ auf SECONDARY_SUPPORT repositioniert (Behandlung/Ablauf).",high
/standorte/volketswil/,location,live,TCM & Akupunktur Volketswil,TCM-/Akupunktur-Praxis in Volketswil finden,tcm volketswil,akupunktur volketswil,local,provider_selection,Volketswil,,,,PRIMARY_OWNER,,,none,money,TCM Volketswil | Akupunktur Volketswil,,high
/standorte/wil/,location,live,TCM & Akupunktur Wil,TCM-/Akupunktur-Praxis in Wil finden,tcm wil,akupunktur wil,local,provider_selection,Wil,,,,PRIMARY_OWNER,,,none,money,TCM Wil | Akupunktur Wil,,high
/standorte/winterthur-marktgasse/,location,live,TCM & Akupunktur Winterthur,TCM-/Akupunktur-Praxis in Winterthur finden,tcm winterthur,akupunktur winterthur,local,provider_selection,Winterthur,,,,PRIMARY_OWNER,"/wissen/tcm-winterthur-erfahrungen-ablauf/,/wissen/akupunktur-winterthur-kosten/",,none,money,TCM Winterthur | Akupunktur Winterthur,"Zwei Winterthur-Praxen: Marktgasse = Akupunktur/TCM-Fokus, Münzgasse = Massage-Fokus.",high
/standorte/winterthur-muenzgasse/,location,live,TCM & Akupunktur Winterthur Münzgasse,TCM-/Akupunktur-Praxis in Winterthur Münzgasse finden,tcm winterthur münzgasse,akupunktur winterthur münzgasse,local,provider_selection,Winterthur,,,,PRIMARY_OWNER,,,none,money,TCM Winterthur Münzgasse | Akupunktur Winterthur Münzgasse,"Zwei Winterthur-Praxen: Marktgasse = Akupunktur/TCM-Fokus, Münzgasse = Massage-Fokus.",high
/standorte/zuerich-bellevue/,location,live,TCM Zürich City - Neuer Standort in Vorbereitung,Neutrale Coming-Soon-Seite für den künftigen Zentrum-Standort,tcm zürich city,,local,provider_selection,Zürich,,,,PRIMARY_OWNER,/akupunktur-tcm-zuerich/,,low,money,TCM Zürich City,"Standort-Setup 09/2026 zurückgezogen: KEINE Adresse/Raumpartner/Datum mehr publizieren, kein Klinik-Schema. Seite = neutrale Vorbereitungs-Seite, routet zu Oerlikon/Höngg + Hub, bis neuer Zentrum-Standort bestätigt ist.",high
/standorte/zuerich-city/,location,live,TCM & Akupunktur Zürich City,TCM-/Akupunktur-Praxis in Zürich City finden,tcm zürich city,akupunktur zürich city,local,provider_selection,Zürich,,,,PRIMARY_OWNER,,,none,money,TCM Zürich City | Akupunktur Zürich City,Schmale City/Zentrum-Intent-Seite (kein Klinik-Standort): Zentrum-Standort in Vorbereitung, routet zu Oerlikon/Höngg + Hub. Vor endgültiger 301-Entscheidung Live-GSC-Daten prüfen.,high
/standorte/zuerich-hoengg/,location,live,TCM & Akupunktur Zürich Höngg,TCM-/Akupunktur-Praxis in Zürich Höngg finden,tcm zürich höngg,akupunktur zürich höngg,local,provider_selection,Zürich,,,,PRIMARY_OWNER,,,none,money,TCM Zürich Höngg | Akupunktur Zürich Höngg,Schmale City/Zentrum-Intent-Seite (kein Klinik-Standort): Zentrum-Standort in Vorbereitung, routet zu Oerlikon/Höngg + Hub. Vor endgültiger 301-Entscheidung Live-GSC-Daten prüfen.,high
/standorte/zuerich-oerlikon/,location,live,TCM & Akupunktur Zürich Oerlikon,TCM-/Akupunktur-Praxis in Zürich Oerlikon finden,tcm zürich oerlikon,akupunktur zürich oerlikon,local,provider_selection,Zürich,,,,PRIMARY_OWNER,,,none,money,TCM Zürich Oerlikon | Akupunktur Zürich Oerlikon,Schmale City/Zentrum-Intent-Seite (kein Klinik-Standort): Zentrum-Standort in Vorbereitung, routet zu Oerlikon/Höngg + Hub. Vor endgültiger 301-Entscheidung Live-GSC-Daten prüfen.,high
/therapien/akupressur/,treatment,live,Akupressur,"Behandlungsmethode: Akupressur (Wirkung, Ablauf, Kosten)",akupressur,,commercial_investigation,treatment_research,,Akupressur,,,PRIMARY_OWNER,,,none,money,Akupressur,,high
/therapien/akupunktur/,treatment,live,Akupunktur,"Behandlungsmethode: Akupunktur (Wirkung, Ablauf, Kosten)",akupunktur,"akupunktur schweiz, was ist akupunktur, akupunktur behandlung",commercial_investigation,treatment_research,,Akupunktur,,,PRIMARY_OWNER,,,none,money,Akupunktur,"Therapy-Authority-Cleanup 23.09.2026: Head-Owner Akupunktur (~6600/mo, KD38; GSC Pos. ~52 = Chance). Title auf ""Akupunktur: Wirkung, Ablauf & Behandlung"" geschärft. Kinder-Methoden + Fragen-Seiten verlinken auf Parent (verifiziert).",high
/therapien/akupunktur/schwangerschaft/,treatment,live,Akupunktur in der Schwangerschaft,"Behandlungsmethode: Akupunktur in der Schwangerschaft (Wirkung, Ablauf, Kosten)",akupunktur in der schwangerschaft,,commercial_investigation,treatment_research,,Akupunktur in der Schwangerschaft,,,PRIMARY_OWNER,,,none,money,Akupunktur in der Schwangerschaft,,high
/therapien/dauernadeln/,treatment,live,Akupunktur mit Dauernadeln in der Schweiz,"Behandlungsmethode: Akupunktur mit Dauernadeln in der Schweiz (Wirkung, Ablauf, Kosten)",akupunktur mit dauernadeln in der schweiz,,commercial_investigation,treatment_research,,Akupunktur mit Dauernadeln in der Schweiz,,,PRIMARY_OWNER,,,none,money,Akupunktur mit Dauernadeln in der Schweiz,Support: /wissen/dauernadeln-akupunktur/ (Dauer-Query gehört /wissen/wie-lange-bleiben-akupunkturnadeln-drin/).,high
/therapien/ear-seeds/,treatment,live,Ear Seeds (Ohrsamen) in der Schweiz,"Behandlungsmethode: Ear Seeds (Ohrsamen) in der Schweiz (Wirkung, Ablauf, Kosten)",ear seeds,"ohrsamen, ear seeds akupressur",commercial_investigation,treatment_research,,Ear Seeds (Ohrsamen) in der Schweiz,,,PRIMARY_OWNER,,,none,money,Ear Seeds (Ohrsamen) in der Schweiz,Therapy-Authority-Cleanup 23.09.2026: Owner Ear Seeds/Ohrsamen; verlinkt neu kontextuell auf Ohrakupunktur (Nadel-Variante).,high
/therapien/elektroakupunktur/,treatment,live,Elektroakupunktur in der Schweiz,"Behandlungsmethode: Elektroakupunktur in der Schweiz (Wirkung, Ablauf, Kosten)",elektroakupunktur,elektroakupunktur schweiz,commercial_investigation,treatment_research,,Elektroakupunktur in der Schweiz,,,PRIMARY_OWNER,,/wissen/elektroakupunktur-wirkung/,low,money,Elektroakupunktur in der Schweiz,Therapy-Authority-Cleanup 23.09.2026: Head-Owner; /wissen/elektroakupunktur-wirkung/ auf Wirkungs-/Funktions-Intent begrenzt; SHARED aufgelöst. Titles bereits unterscheidbar.,high
/therapien/gesichtsakupunktur/,treatment,live,Gesichtsakupunktur,"Behandlungsmethode: Gesichtsakupunktur (Wirkung, Ablauf, Kosten)",gesichtsakupunktur,,commercial_investigation,treatment_research,,Gesichtsakupunktur,,,PRIMARY_OWNER,,,none,money,Gesichtsakupunktur,,high
/therapien/gua-sha/gesichts-gua-sha/,treatment,live,Gua Sha fürs Gesicht,"Behandlungsmethode: Gua Sha fürs Gesicht (Wirkung, Ablauf, Kosten)",gua sha fürs gesicht,"gesichts gua sha, gua sha gesicht",commercial_investigation,treatment_research,,Gua Sha fürs Gesicht,,,PRIMARY_OWNER,,,none,money,Gua Sha fürs Gesicht,Therapy-Authority-Cleanup 23.09.2026: Child-Owner kosmetischer Intent; konkurriert nicht um generisches Gua Sha (Title/H1 distinct).,high
/therapien/gua-sha/,treatment,live,Gua Sha,"Behandlungsmethode: Gua Sha (Wirkung, Ablauf, Kosten)",gua sha,gua sha therapie,commercial_investigation,treatment_research,,Gua Sha,,,PRIMARY_OWNER,,,none,money,Gua Sha,Therapy-Authority-Cleanup 23.09.2026: Head-Owner Gua Sha; Gesichts-Child klar getrennt.,high
/therapien/hanbang/,treatment,live,Hanbang,"Behandlungsmethode: Hanbang (Wirkung, Ablauf, Kosten)",hanbang,,commercial_investigation,treatment_research,,Hanbang,,,PRIMARY_OWNER,,,none,money,Hanbang,,high
/therapien/,category,live,TCM-Methoden Übersicht,Übersicht TCM-Behandlungsmethoden,tcm methoden,,mixed,consideration,,,,,PRIMARY_OWNER,,,,hub,Alle Therapien,"Therapy-Authority-Cleanup 23.09.2026: Bleibt HUB (verteilt Autorität, rankt nicht selbst auf Head-Terms).",high
/therapien/kraeutertherapie/,treatment,live,Kräutertherapie,"Behandlungsmethode: Kräutertherapie (Wirkung, Ablauf, Kosten)",chinesische kräutertherapie,"tcm kräutertherapie, chinesische kräutermedizin, kräutertherapie",commercial_investigation,treatment_research,,Kräutertherapie,,,PRIMARY_OWNER,,,none,money,Kräutertherapie,"Therapy-Authority-Cleanup 23.09.2026: Head-Owner. Title auf ""Chinesische Kräutertherapie: TCM-Kräutermedizin"". Lokale Kräuter-Inhalte bleiben Support.",high
/therapien/massage/bindegewebsmassage/,treatment,live,Bindegewebsmassage Winterthur & St. Gallen,"Behandlungsmethode: Bindegewebsmassage Winterthur & St. Gallen (Wirkung, Ablauf, Kosten)",bindegewebsmassage winterthur & st. gallen,,commercial_investigation,treatment_research,Winterthur / St. Gallen,Bindegewebsmassage Winterthur & St. Gallen,,,PRIMARY_OWNER,,,none,money,Bindegewebsmassage Winterthur & St. Gallen,Title bindet Winterthur/St. Gallen; überschneidet leicht die Massage-Stadtseiten (Methode vs. Stadt-Intent).,high
/therapien/massage/deep-tissue-massage/,treatment,live,Deep Tissue Massage Winterthur & St. Gallen,"Behandlungsmethode: Deep Tissue Massage Winterthur & St. Gallen (Wirkung, Ablauf, Kosten)",deep tissue massage winterthur & st. gallen,,commercial_investigation,treatment_research,Winterthur / St. Gallen,Deep Tissue Massage Winterthur & St. Gallen,,,PRIMARY_OWNER,,,none,money,Deep Tissue Massage Winterthur & St. Gallen,Title bindet Winterthur/St. Gallen; überschneidet leicht die Massage-Stadtseiten (Methode vs. Stadt-Intent).,high
/therapien/massage/fussreflexzonenmassage/,treatment,live,Fussreflexzonenmassage Winterthur & St. Gallen,"Behandlungsmethode: Fussreflexzonenmassage Winterthur & St. Gallen (Wirkung, Ablauf, Kosten)",fussreflexzonenmassage winterthur & st. gallen,,commercial_investigation,treatment_research,Winterthur / St. Gallen,Fussreflexzonenmassage Winterthur & St. Gallen,,,PRIMARY_OWNER,,,none,money,Fussreflexzonenmassage Winterthur & St. Gallen,Title bindet Winterthur/St. Gallen; überschneidet leicht die Massage-Stadtseiten (Methode vs. Stadt-Intent).,high
/therapien/massage/,treatment,live,Medizinische Massage,"Behandlungsmethode: Medizinische Massage (Wirkung, Ablauf, Kosten)",medizinische massage,,commercial_investigation,treatment_research,,Medizinische Massage,,,PRIMARY_OWNER,,,none,money,Medizinische Massage,,high
/therapien/massage/klassische-massage/,treatment,live,Klassische Massage Winterthur & St. Gallen,"Behandlungsmethode: Klassische Massage Winterthur & St. Gallen (Wirkung, Ablauf, Kosten)",klassische massage winterthur & st. gallen,,commercial_investigation,treatment_research,Winterthur / St. Gallen,Klassische Massage Winterthur & St. Gallen,,,PRIMARY_OWNER,,,none,money,Klassische Massage Winterthur & St. Gallen,Title bindet Winterthur/St. Gallen; überschneidet leicht die Massage-Stadtseiten (Methode vs. Stadt-Intent).,high
/therapien/massage/lymphdrainage/,treatment,live,Lymphdrainage Winterthur & St. Gallen | Manuelle Lymphdrainage,"Behandlungsmethode: Lymphdrainage Winterthur & St. Gallen | Manuelle Lymphdrainage (Wirkung, Ablauf, Kosten)",lymphdrainage winterthur & st. gallen | manuelle lymphdrainage,,commercial_investigation,treatment_research,Winterthur / St. Gallen,Lymphdrainage Winterthur & St. Gallen | Manuelle Lymphdrainage,,,PRIMARY_OWNER,,,none,money,Lymphdrainage Winterthur & St. Gallen | Manuelle Lymphdrainage,Title bindet Winterthur/St. Gallen; überschneidet leicht die Massage-Stadtseiten (Methode vs. Stadt-Intent).,high
/therapien/massage/medizinische-massage/,treatment,live,Medizinische Massage Winterthur & St. Gallen,"Behandlungsmethode: Medizinische Massage Winterthur & St. Gallen (Wirkung, Ablauf, Kosten)",medizinische massage winterthur & st. gallen,,commercial_investigation,treatment_research,Winterthur / St. Gallen,Medizinische Massage Winterthur & St. Gallen,,,PRIMARY_OWNER,,,none,money,Medizinische Massage Winterthur & St. Gallen,Title bindet Winterthur/St. Gallen; überschneidet leicht die Massage-Stadtseiten (Methode vs. Stadt-Intent).,high
/therapien/massage/schwangerschaftsmassage/,treatment,live,Schwangerschaftsmassage Winterthur & St. Gallen,"Behandlungsmethode: Schwangerschaftsmassage Winterthur & St. Gallen (Wirkung, Ablauf, Kosten)",schwangerschaftsmassage winterthur & st. gallen,,commercial_investigation,treatment_research,Winterthur / St. Gallen,Schwangerschaftsmassage Winterthur & St. Gallen,,,PRIMARY_OWNER,,,none,money,Schwangerschaftsmassage Winterthur & St. Gallen,Title bindet Winterthur/St. Gallen; überschneidet leicht die Massage-Stadtseiten (Methode vs. Stadt-Intent).,high
/therapien/massage/sportmassage/,treatment,live,Sportmassage Winterthur & St. Gallen,"Behandlungsmethode: Sportmassage Winterthur & St. Gallen (Wirkung, Ablauf, Kosten)",sportmassage winterthur & st. gallen,,commercial_investigation,treatment_research,Winterthur / St. Gallen,Sportmassage Winterthur & St. Gallen,,,PRIMARY_OWNER,,,none,money,Sportmassage Winterthur & St. Gallen,Title bindet Winterthur/St. Gallen; überschneidet leicht die Massage-Stadtseiten (Methode vs. Stadt-Intent).,high
/therapien/massage/triggerpunktmassage/,treatment,live,Triggerpunktmassage Winterthur & St. Gallen,"Behandlungsmethode: Triggerpunktmassage Winterthur & St. Gallen (Wirkung, Ablauf, Kosten)",triggerpunktmassage winterthur & st. gallen,,commercial_investigation,treatment_research,Winterthur / St. Gallen,Triggerpunktmassage Winterthur & St. Gallen,,,PRIMARY_OWNER,,,none,money,Triggerpunktmassage Winterthur & St. Gallen,Title bindet Winterthur/St. Gallen; überschneidet leicht die Massage-Stadtseiten (Methode vs. Stadt-Intent).,high
/therapien/moxibustion/,treatment,live,Moxibustion,"Behandlungsmethode: Moxibustion (Wirkung, Ablauf, Kosten)",moxibustion,"moxa therapie, moxa, moxibustion schweiz",commercial_investigation,treatment_research,,Moxibustion,,,PRIMARY_OWNER,,,none,money,Moxibustion,"Therapy-Authority-Cleanup 23.09.2026: Head-Owner (~720/mo). Title auf ""Moxibustion: Moxa-Therapie, Wirkung & Ablauf"". Keine konkurrierende Seite gefunden.",high
/therapien/ohrakupunktur/,treatment,live,Ohrakupunktur,"Behandlungsmethode: Ohrakupunktur (Wirkung, Ablauf, Kosten)",ohrakupunktur,aurikulotherapie,commercial_investigation,treatment_research,,Ohrakupunktur,,,PRIMARY_OWNER,,,none,money,Ohrakupunktur,"Therapy-Authority-Cleanup 23.09.2026: Owner Ohrakupunktur; Ear Seeds klar getrennt (Titles distinct), neuer Kontextlink Ear-Seeds -> Ohrakupunktur.",high
/therapien/physiotherapie/dry-needling/,treatment,live,Dry Needling,"Behandlungsmethode: Dry Needling (Wirkung, Ablauf, Kosten)",dry needling,,commercial_investigation,treatment_research,,Dry Needling,,,PRIMARY_OWNER,,,none,money,Dry Needling,,high
/therapien/physiotherapie/,treatment,live,Physiotherapie,"Behandlungsmethode: Physiotherapie (Wirkung, Ablauf, Kosten)",physiotherapie,,commercial_investigation,treatment_research,,Physiotherapie,,,PRIMARY_OWNER,,,none,money,Physiotherapie,,high
/therapien/physiotherapie/manuelle-therapie/,treatment,live,Manuelle Therapie,"Behandlungsmethode: Manuelle Therapie (Wirkung, Ablauf, Kosten)",manuelle therapie,,commercial_investigation,treatment_research,,Manuelle Therapie,,,PRIMARY_OWNER,,,none,money,Manuelle Therapie,,high
/therapien/schroepfen/blutiges-schroepfen/,treatment,live,Blutiges Schröpfen (Hijama) in der Schweiz,"Behandlungsmethode: Blutiges Schröpfen (Hijama) in der Schweiz (Wirkung, Ablauf, Kosten)",blutiges schröpfen,blutig schröpfen,commercial_investigation,treatment_research,,Blutiges Schröpfen (Hijama) in der Schweiz,,,PRIMARY_OWNER,,/therapien/schroepfen/hijama/,low,money,Blutiges Schröpfen (Hijama) in der Schweiz,Therapy-Authority-Cleanup 23.09.2026: Hijama aus dem Title entfernt (Owner des Hijama-Intents ist /therapien/schroepfen/hijama/); SHARED_INTENT_REVIEW aufgelöst.,high
/therapien/schroepfen/hijama/,treatment,live,Hijama in der Schweiz | Traditionelles Schröpfen bei TCM.ch,"Behandlungsmethode: Hijama in der Schweiz | Traditionelles Schröpfen bei TCM.ch (Wirkung, Ablauf, Kosten)",hijama,hijama schweiz,commercial_investigation,treatment_research,,Hijama in der Schweiz | Traditionelles Schröpfen bei TCM.ch,,,PRIMARY_OWNER,,/therapien/schroepfen/blutiges-schroepfen/,low,money,Hijama in der Schweiz | Traditionelles Schröpfen bei TCM.ch,Therapy-Authority-Cleanup 23.09.2026: Owner Hijama; Abgrenzung zu blutiges-schroepfen per Title/Keywords aufgelöst.,high
/therapien/schroepfen/,treatment,live,Schröpfen,"Behandlungsmethode: Schröpfen (Wirkung, Ablauf, Kosten)",schröpfen,"schröpftherapie, schröpfen behandlung, cupping",commercial_investigation,treatment_research,,Schröpfen,,,PRIMARY_OWNER,,/gesundheitsbibliothek/fragen/schroepfen-methoden/;/wissen/schroepfen-wirkung-flecken/,low,money,Schröpfen,"Therapy-Authority-Cleanup 23.09.2026: Head-Owner Schröpfen (~3600/mo, KD26). Title auf ""Schröpfen: Wirkung, Ablauf & Methoden""; Fragen-Hub und Wissen-Artikel auf Longtail repositioniert (GSC zeigte Fragen-Hub Pos. ~22 für generisches schröpfen).",high
/therapien/shiatsu/,treatment,live,Shiatsu,"Behandlungsmethode: Shiatsu (Wirkung, Ablauf, Kosten)",shiatsu,"shiatsu massage, shiatsu therapie, shiatsu schweiz",commercial_investigation,treatment_research,,Shiatsu,,,PRIMARY_OWNER,,/wissen/was-bringt-shiatsu-wirkung-ablauf-kosten/,low,money,Shiatsu,"Therapy-Authority-Cleanup 23.09.2026: Head-Owner Shiatsu (~4400/mo). Title auf ""Shiatsu: Behandlung, Wirkung & Ablauf""; Wissen-Artikel bleibt Frage-Intent.",high
/therapien/tuina/,treatment,live,Tuina Massage,"Behandlungsmethode: Tuina Massage (Wirkung, Ablauf, Kosten)",tuina massage,"tuina, chinesische massage, traditionelle chinesische massage",commercial_investigation,treatment_research,,Tuina Massage,,,PRIMARY_OWNER,,,none,money,Tuina Massage,"Therapy-Authority-Cleanup 23.09.2026: Head-Owner Tuina Massage (~1300/mo). Title auf ""Tuina Massage: Traditionelle chinesische Massage"".",high
/ueber-uns/,other,live,Über TCM.ch (Brand/Trust),Über TCM.ch (Brand/Trust),tcm.ch über uns,,navigational,consideration,,,,,PRIMARY_OWNER,,,none,brand,Über uns,,high
/wissen/akupressurmatte-was-bringt-sie/,knowledge,live,Akupressurmatte: Was bringt sie wirklich?,Produkteinordnung: Nutzen der Akupressurmatte,akupressurmatte sinnvoll,,informational,consideration,,,,,PRIMARY_OWNER,/therapien/akupressur/,,none,standalone,Was die Akupressurmatte wirklich bringt,,high
/wissen/akupunktur-bei-heuschnupfen/,knowledge,live,Akupunktur bei Heuschnupfen: Studienlage & Nutzen,Studienlage: Akupunktur bei Heuschnupfen,akupunktur heuschnupfen,akupunktur bei heuschnupfen,informational,awareness,,,,,PRIMARY_OWNER,/beschwerden/allergien-heuschnupfen/,,low,support,Akupunktur bei Heuschnupfen,"Treatment-Intent-Cleanup 23.09.2026: Treatment-Owner (~210/mo, KD 8, stärkste Treatment-Chance); Body-Link auf kanonische Beschwerdeseite korrigiert (statt Legacy-Duplikat).",high
/wissen/akupunktur-bei-kopfschmerzen/,knowledge,live,Akupunktur bei Spannungskopfschmerzen: Was die Studien zeigen,Studienlage: Akupunktur bei Spannungskopfschmerzen,akupunktur bei kopfschmerzen,"akupunktur kopfschmerzen, akupunktur spannungskopfschmerzen",informational,awareness,,,,,PRIMARY_OWNER,/beschwerden/spannungskopfschmerzen/,,low,support,Akupunktur bei Kopfschmerzen,Treatment-Intent-Cleanup 23.09.2026: Treatment-Owner generisch Kopfschmerzen. Title/H1 von Spannungskopfschmerzen auf generisch verbreitert; Inhalt behandelt Spannungskopfschmerz als Schwerpunkt.,high
/wissen/akupunktur-bei-nackenschmerzen/,knowledge,live,Akupunktur bei Nackenschmerzen: Studienlage,Studienlage: Akupunktur bei Nackenschmerzen,akupunktur bei nackenschmerzen,"akupunktur nackenschmerzen, akupunktur nackenbeschwerden",informational,awareness,,,,,PRIMARY_OWNER,/beschwerden/nackenschmerzen/,,low,support,Akupunktur bei Nackenschmerzen,"Treatment-Intent-Cleanup 23.09.2026: Treatment-Owner; Title bereits passend, keine Textänderung.",high
/wissen/akupunktur-bei-rueckenschmerzen/,knowledge,live,Akupunktur bei Rückenschmerzen: Was die Studienlage zeigt,Studienlage/Evidenz: Akupunktur bei Rückenschmerzen,akupunktur bei rückenschmerzen,"akupunktur rückenschmerzen, akupunktur rücken",informational,awareness,,,,,PRIMARY_OWNER,/beschwerden/rueckenschmerzen/,/wissen/schmerzen-unterer-ruecken/,low,support,Akupunktur bei Rückenschmerzen,"Treatment-Intent-Cleanup 23.09.2026: Treatment-Owner; Title bereits passend, keine Textänderung.",high
/wissen/akupunktur-geburtsvorbereitung-beckenendlage/,knowledge,live,Akupunktur zur Geburtsvorbereitung & Beckenendlage,Geburtsvorbereitende Akupunktur & Moxibustion bei Beckenendlage,akupunktur geburtsvorbereitung,,informational,awareness,,,,,SECONDARY_SUPPORT,/therapien/akupunktur/schwangerschaft/,,low,support,Akupunktur zur Geburtsvorbereitung,,high
/wissen/akupunktur-in-meiner-naehe-schweiz/,knowledge,canonicalized,Akupunktur in meiner Nähe: Alle Standorte in der Deutschschweiz,(kanonisiert) Standort-Verzeichnis,akupunktur in meiner nähe,,informational,awareness,,,,,REDUNDANT,/akupunktur-in-der-naehe/,/akupunktur-in-der-naehe/,none,canonicalized_duplicate,,Seit 09/2026 Canonical auf /akupunktur-in-der-naehe/; NICHT mehr als Owner behandeln oder intern pushen.,high
/wissen/akupunktur-schlafprobleme/,knowledge,live,Akupunktur bei Schlafproblemen: Studien & Ablauf,Studienlage & Ablauf: Akupunktur bei Schlafproblemen,akupunktur schlafstörungen,"akupunktur bei schlafproblemen, akupunktur schlaflosigkeit",informational,awareness,,,,,PRIMARY_OWNER,/beschwerden/schlafprobleme/,,low,support,Akupunktur bei Schlafproblemen,Treatment-Intent-Cleanup 23.09.2026: Treatment-Owner (GSC-Split zu /beschwerden/schlafprobleme/ aufgelöst); Title bereits passend.,high
/wissen/akupunktur-winterthur-kosten/,knowledge,live,"Akupunktur Winterthur: Kosten, Tarif 590 und Krankenkasse",Kosten einer Akupunktur in Winterthur (Tarif 590),akupunktur winterthur kosten,,informational,consideration,,,,,PRIMARY_OWNER,/standorte/winterthur-marktgasse/,,none,standalone,Akupunktur-Kosten in Winterthur,Es existiert keine /standorte/winterthur-*/kosten/-Seite; Artikel besitzt den lokalen Kosten-Intent.,high
/wissen/akupunktur-zum-abnehmen/,knowledge,live,Akupunktur zum Abnehmen: Was dran ist,Transparenz-Artikel: Akupunktur zum Abnehmen (Einordnung: bieten wir nicht an),akupunktur abnehmen,,informational,consideration,,,,,PRIMARY_OWNER,/beschwerden/gewichtsmanagement/,/beschwerden/gewichtsmanagement/,medium,standalone,Akupunktur zum Abnehmen: die Einordnung,"Artikel verneint Abnehm-Angebot, Beschwerdeseite Gewichtsmanagement existiert: Botschaften abgleichen. Siehe intent-conflicts.",high
/wissen/burnout-symptome-erkennen/,knowledge,live,Burnout-Symptome: Die Anzeichen erkennen,Früherkennung: Burnout-Symptome,burnout symptome,,informational,awareness,,,,,SECONDARY_SUPPORT,/beschwerden/stress-burnout/,,low,support,Burnout-Symptome erkennen,,high
/wissen/chinesische-kraeutertherapie-winterthur/,knowledge,live,"Chinesische Kräutertherapie in Winterthur: Ablauf, Kosten und Sicherheit","Kräutertherapie in Winterthur: Ablauf, Kosten, Sicherheit",chinesische kräutertherapie winterthur,,informational,consideration,,,,,PRIMARY_OWNER,/therapien/kraeutertherapie/,,none,standalone,Kräutertherapie in Winterthur,,high
/wissen/dauernadeln-akupunktur/,knowledge,live,"Dauernadeln & Akupunkturpflaster: Wirkung, Formen & Risiken","Formen, Wirkung & Risiken von Dauernadeln/Pflastern",dauernadeln wirkung risiken,,informational,awareness,,,,,SECONDARY_SUPPORT,/therapien/dauernadeln/,/wissen/wie-lange-bleiben-akupunkturnadeln-drin/,low,support,"Dauernadeln: Wirkung, Formen & Risiken",Retitled 09/2026; Dauer-Query gehört wie-lange-bleiben-akupunkturnadeln-drin.,high
/wissen/dry-needling-vs-akupunktur/,knowledge,live,Dry Needling vs. Akupunktur: Der Unterschied,Vergleich: Dry Needling vs. Akupunktur,dry needling akupunktur unterschied,,informational,consideration,,,,,PRIMARY_OWNER,/therapien/physiotherapie/dry-needling/,,none,standalone,Dry Needling vs. Akupunktur,,high
/wissen/elektroakupunktur-wirkung/,knowledge,live,Elektroakupunktur: Wirkung & Ablauf,Wirkmechanismus & Ablauf der Elektroakupunktur,elektroakupunktur wirkung,wie funktioniert elektroakupunktur,informational,awareness,,,,,SECONDARY_SUPPORT,/therapien/elektroakupunktur/,/therapien/elektroakupunktur/,low,standalone,Elektroakupunktur: Wirkung & Ablauf,Therapy-Authority-Cleanup 23.09.2026: Wirkungs-/Prozess-Intent; Head bleibt bei /therapien/elektroakupunktur/; 4 Parent-Links bestehen.,high
/wissen/faszien-verklebt-was-hilft/,knowledge,live,Verklebte Faszien: Was wirklich hilft,Erklärung: verklebte Faszien und was hilft,verklebte faszien,,informational,consideration,,,,,PRIMARY_OWNER,/therapien/massage/bindegewebsmassage/,,none,standalone,Verklebte Faszien: was wirklich hilft,,high
/wissen/haeufige-infekte-immunsystem/,knowledge,live,Häufige Infekte und Immunsystem: Was TCM leisten kann,Einordnung: TCM bei häufigen Infekten / Immunsystem,häufige infekte immunsystem stärken,,informational,awareness,,,,,SHARED_INTENT_REVIEW,/beschwerden/immunschwaeche/,/beschwerden/immunschwaeche/,medium,standalone,Häufige Infekte: Was TCM leisten kann,Nah an der Beschwerdeseite Immunschwäche; Artikel ist ehrliche Studieneinordnung. Siehe intent-conflicts.,high
/wissen/hexenschuss-was-tun/,knowledge,live,Hexenschuss: Was jetzt sofort hilft,"Soforthilfe: Hexenschuss, was jetzt tun",hexenschuss was tun,,informational,awareness,,,,,SECONDARY_SUPPORT,/beschwerden/hexenschuss/,,low,support,Hexenschuss: was sofort hilft,,high
/wissen/,category,live,Wissen/Magazin-Übersicht,TCM-Wissensartikel Übersicht,tcm wissen,,informational,awareness,,,,,PRIMARY_OWNER,,,,hub,Wissen & Magazin,,high
/wissen/kinderwunsch-akupunktur-tcm/,knowledge,live,"Kinderwunsch und TCM: Akupunktur, Zyklus und IVF-Begleitung","IVF-Begleitung, Zyklus, Studienlage bei Kinderwunsch",akupunktur ivf,"akupunktur embryotransfer, akupunktur kinderwunschbehandlung, akupunktur icsi",informational,awareness,,,,,SECONDARY_SUPPORT,/beschwerden/kinderwunsch/,/beschwerden/kinderwunsch/,low,standalone,Akupunktur bei IVF und Kinderwunschbehandlung,Treatment-Intent-Cleanup 23.09.2026: Auf IVF-/Behandlungsbegleitung verengt (Title/H1/Meta); keine Fruchtbarkeitsversprechen; verlinkt auf /beschwerden/kinderwunsch/ als Owner.,high
/wissen/krankenkasse-tcm-was-wirklich-uebernommen-wird-2026/,knowledge,live,Krankenkasse und TCM: Was wirklich übernommen wird (Stand 2026),Editorialer Deep-Dive: was Krankenkassen bei TCM wirklich übernehmen,krankenkasse tcm übernahme,,informational,awareness,,,,,SHARED_INTENT_REVIEW,/krankenkassen/,"/krankenkassen/,/krankenkassen/akupunktur/",medium,standalone,Was die Krankenkasse wirklich übernimmt,Intent überschneidet /krankenkassen/-Hub; ohne GSC-Daten keine Konsolidierung. Siehe intent-conflicts.,high
/wissen/migraene-tcm-warum-akupunktur-nicht-fuer-jeden/,knowledge,live,Migräne und TCM: Warum Akupunktur nicht für jeden funktioniert,Kritische Einordnung: Für wen Akupunktur bei Migräne (nicht) funktioniert,akupunktur bei migräne,"akupunktur migräne, hilft akupunktur bei migräne, akupunktur migräne wirkung, tcm migräne",informational,awareness,,,,,PRIMARY_OWNER,/beschwerden/migraene/,/beschwerden/migraene/,low,support,Akupunktur bei Migräne,"Treatment-Intent-Cleanup 23.09.2026: Treatment-Owner. SEO-Title auf ""Akupunktur bei Migräne: Wirkung, Evidenz & Grenzen"" geschärft, H1 bleibt editorial/ehrlich.",high
/wissen/pcos-akupunktur-tcm/,knowledge,live,"PCOS und TCM: Akupunktur, Zyklus und Kinderwunsch",Realistische Einordnung: Akupunktur/TCM bei PCOS,akupunktur bei pcos,"pcos akupunktur, pcos tcm evidenz",informational,awareness,,,,,SECONDARY_SUPPORT,/beschwerden/pcos/,/beschwerden/pcos/,low,standalone,Akupunktur bei PCOS,"Treatment-Intent-Cleanup 23.09.2026: Title/H1 auf ""Akupunktur bei PCOS: Wirkung, Evidenz und Grenzen"" umgestellt; Link auf /beschwerden/pcos/ ergänzt.",high
/wissen/schmerzen-unterer-ruecken/,knowledge,live,Schmerzen im unteren Rücken: Ursachen & Hilfe,Ursachen-Ratgeber: Schmerzen im unteren Rücken,schmerzen unterer rücken,,informational,awareness,,,,,SECONDARY_SUPPORT,/beschwerden/rueckenschmerzen/,"/beschwerden/rueckenschmerzen/,/beschwerden/ischias/",medium,support,Schmerzen im unteren Rücken: Ursachen,Symptom-Lokalisations-Variante des Rückenschmerz-Intents; beobachten (GSC).,high
/wissen/schroepfen-wirkung-flecken/,knowledge,live,Schröpfen: Wirkung und warum die Flecken entstehen,Erklärung: Schröpfen-Wirkung und die Flecken,schröpfen wirkung,"schröpfen flecken, wie lange bleiben schröpf-flecken",informational,awareness,,,,,SECONDARY_SUPPORT,/therapien/schroepfen/,/therapien/schroepfen/,low,support,Schröpfen: Wirkung und Flecken,"Therapy-Authority-Cleanup 23.09.2026: Title von ""Schröpfen: Wirkung..."" auf ""Schröpfen-Wirkung: ..."" verengt (kein generischer Schröpfen-Head mehr); 4 Parent-Links bestehen.",high
/wissen/tcm-basel-erfahrungen-ablauf/,knowledge,live,"TCM in Basel: Ablauf, Erfahrungen & was dich erwartet",Erfahrungen & Ablauf einer TCM-Behandlung in Basel,tcm basel erfahrungen,,informational,awareness,,,,,SECONDARY_SUPPORT,/standorte/basel/,,low,support,Ablauf & Erfahrungen in Basel,Kosten-Frame 09/2026 entfernt.,high
/wissen/tcm-frauenfeld-erfahrungen-ablauf/,knowledge,live,"TCM in Frauenfeld: Ablauf, Erfahrungen & was dich erwartet",Erfahrungen & Ablauf einer TCM-Behandlung in Frauenfeld,tcm frauenfeld erfahrungen,,informational,awareness,,,,,SECONDARY_SUPPORT,/standorte/frauenfeld/,,low,support,Ablauf & Erfahrungen in Frauenfeld,Kosten-Frame 09/2026 entfernt.,high
/wissen/tcm-kreuzlingen-erfahrungen-ablauf/,knowledge,live,"TCM in Kreuzlingen: Ablauf, Erfahrungen & was dich erwartet",Erfahrungen & Ablauf einer TCM-Behandlung in Kreuzlingen,tcm kreuzlingen erfahrungen,,informational,awareness,,,,,SECONDARY_SUPPORT,/standorte/kreuzlingen/,,low,support,Ablauf & Erfahrungen in Kreuzlingen,Kosten-Frame 09/2026 entfernt.,high
/wissen/tcm-luzern-erfahrungen-ablauf/,knowledge,live,"TCM in Luzern: Ablauf, Erfahrungen & was dich erwartet",Erfahrungen & Ablauf einer TCM-Behandlung in Luzern,tcm luzern erfahrungen,,informational,awareness,,,,,SECONDARY_SUPPORT,/standorte/luzern/,,low,support,Ablauf & Erfahrungen in Luzern,Kosten-Frame 09/2026 entfernt; Kosten-Intent gehört /standorte/luzern/kosten/.,high
/wissen/tcm-naturheilpraktiker-schweiz/,knowledge,live,TCM-Heilpraktiker oder Naturheilpraktiker?,Begriffsklärung: TCM-Heilpraktiker vs. Naturheilpraktiker in der Schweiz,tcm naturheilpraktiker unterschied,,informational,consideration,,,,,PRIMARY_OWNER,,,none,standalone,TCM-Heilpraktiker oder Naturheilpraktiker?,,high
/wissen/tcm-st-gallen-erfahrungen-ablauf/,knowledge,live,"TCM in St. Gallen: Ablauf, Erfahrungen und was dich erwartet",Erfahrungen & Ablauf einer TCM-Behandlung in St. Gallen,tcm st. gallen erfahrungen,,informational,awareness,,,,,SECONDARY_SUPPORT,/standorte/st-gallen/,/akupunktur-tcm-st-gallen/,low,support,Erfahrungen & Ablauf in St. Gallen,,high
/wissen/tcm-stress-burnout/,knowledge,live,Stress & Burnout: Was Akupunktur realistisch bringt,Realistische Einordnung: Was Akupunktur bei Stress/Burnout bringt,was bringt akupunktur bei stress,,informational,awareness,,,,,SECONDARY_SUPPORT,/beschwerden/stress-burnout/,,low,support,Was Akupunktur bei Stress realistisch bringt,"Title 09/2026 vom Head-Term ""TCM Stress & Burnout"" befreit.",high
/wissen/tcm-winterthur-erfahrungen-ablauf/,knowledge,live,"Akupunktur in Winterthur: Ablauf, Erfahrungen und was dich erwartet",Erfahrungen & Ablauf einer Akupunktur-Behandlung in Winterthur,akupunktur winterthur erfahrungen,,informational,awareness,,,,,SECONDARY_SUPPORT,/standorte/winterthur-marktgasse/,,low,support,Ablauf & Erfahrungen in Winterthur,,high
/wissen/triggerpunkte-verstehen-loesen/,knowledge,live,Triggerpunkte: Verstehen und lösen,Erklärung: Triggerpunkte verstehen und lösen,triggerpunkte lösen,,informational,consideration,,,,,PRIMARY_OWNER,/therapien/massage/triggerpunktmassage/,,none,standalone,Triggerpunkte verstehen und lösen,,high
/wissen/was-bringt-shiatsu-wirkung-ablauf-kosten/,knowledge,live,"Was bringt Shiatsu? Wirkung, Ablauf und Kosten ehrlich erklärt",Nutzen-Frage: Was bringt Shiatsu wirklich?,was bringt shiatsu,"shiatsu wirkung, shiatsu ablauf, shiatsu kosten",informational,awareness,,,,,SECONDARY_SUPPORT,/therapien/shiatsu/,/therapien/shiatsu/,low,support,Was bringt Shiatsu?,Therapy-Authority-Cleanup 23.09.2026: Frage-/Commercial-Investigation-Intent; Head bleibt bei /therapien/shiatsu/; 4 Parent-Links bestehen. Keine Textänderung.,high
/wissen/was-hilft-gegen-kopfschmerzen/,knowledge,live,Was hilft gegen Kopfschmerzen? Ehrlicher Überblick,Genereller Ratgeber: was gegen Kopfschmerzen hilft,was hilft gegen kopfschmerzen,,informational,consideration,,,,,PRIMARY_OWNER,/beschwerden/kopfschmerzen/,/beschwerden/kopfschmerzen/,low,standalone,Was gegen Kopfschmerzen hilft,"Breiter Ratgeber-Intent (Hausmittel/Sofortmassnahmen), nicht der Behandlungs-Intent der Beschwerdeseite.",high
/wissen/wie-lange-bleiben-akupunkturnadeln-drin/,knowledge,live,Wie lange bleiben Akupunkturnadeln drin? 20 bis 30 Minuten,Dauer der Nadel-Liegezeit in einer Akupunktursitzung,wie lange bleiben akupunkturnadeln drin,,informational,consideration,,,,,PRIMARY_OWNER,/therapien/akupunktur/,/wissen/dauernadeln-akupunktur/,low,standalone,Wie lange die Nadeln drin bleiben,"Besitzt die explizite Dauer-Query; Dauernadeln-Artikel wurde 09/2026 vom ""wie lange""-Frame befreit.",high
/zuweisen/,other,live,Online-Zuweisung für Ärzt:innen,Online-Zuweisung für Ärzt:innen,tcm zuweisung,,navigational,booking,,,,,PRIMARY_OWNER,,,none,b2b,Online zuweisen,,high
/koerpersignale/,category,live,Körpersignale (Symptom-Discovery-Hub),"Symptommuster einordnen, bevor eine Diagnose feststeht",körpersignale,,informational,awareness,,,,,PRIMARY_OWNER,,,,hub,Körpersignale,"Neue Awareness-Ebene 09/2026; Kategorien nur als Hub-Gruppen, keine Kategorie-URLs.",high
/koerpersignale/schwindel-beim-umdrehen-im-bett/,knowledge,live,Lagerungsabhängiger Drehschwindel beim Umdrehen im Bett,Lagerungsabhängiger Drehschwindel beim Umdrehen im Bett (BPLS-Muster),schwindel beim umdrehen im bett,,informational,awareness,,,,,PRIMARY_OWNER,/beschwerden/schwindel/,,low,koerpersignal,Schwindel beim umdrehen im bett,"Körpersignal-Leaf 09/2026, Funnel: /beschwerden/schwindel/.",high
/koerpersignale/herzschlag-im-ohr/,knowledge,live,Pulssynchrones Ohrgeräusch / Herzschlag im Ohr hören,Pulssynchrones Ohrgeräusch / Herzschlag im Ohr hören,herzschlag im ohr,,informational,awareness,,,,,PRIMARY_OWNER,/beschwerden/tinnitus/,,low,koerpersignal,Herzschlag im ohr,"Körpersignal-Leaf 09/2026, Funnel: /beschwerden/tinnitus/. Red-Flag-lastig; Seite priorisiert ärztliche Abklärung.",high
/koerpersignale/schwindel-beim-aufstehen/,knowledge,live,Orthostatischer Schwindel beim Aufstehen,Orthostatischer Schwindel beim Aufstehen,schwindel beim aufstehen,,informational,awareness,,,,,PRIMARY_OWNER,/beschwerden/schwindel/,,low,koerpersignal,Schwindel beim aufstehen,"Körpersignal-Leaf 09/2026, Funnel: /beschwerden/schwindel/.",high
/koerpersignale/finger-schlafen-ein/,knowledge,live,Vorübergehend einschlafende Finger,Vorübergehend einschlafende Finger (positionsabhängig),finger schlafen ein,,informational,awareness,,,,,PRIMARY_OWNER,/beschwerden/karpaltunnelsyndrom/,/beschwerden/karpaltunnelsyndrom/,medium,koerpersignal,Finger schlafen ein,"Körpersignal-Leaf 09/2026, Funnel: /beschwerden/karpaltunnelsyndrom/. Bewusst als Vor-Diagnose-Discovery abgegrenzt: KTS-Seite besitzt Diagnose- und Behandlungs-Intent, diese Seite das Alltagsmuster. In GSC auf Rotation beobachten.",high
/koerpersignale/einzelne-finger-taub/,knowledge,live,Taubheit einzelner Finger: was die Nervenverteilung verrät,Taubheit einzelner Finger: was die Nervenverteilung verrät,einzelne finger taub,,informational,awareness,,,,,PRIMARY_OWNER,/beschwerden/karpaltunnelsyndrom/,/beschwerden/karpaltunnelsyndrom/,medium,koerpersignal,Einzelne finger taub,"Körpersignal-Leaf 09/2026, Funnel: /beschwerden/karpaltunnelsyndrom/. Differential-Seite (Medianus/Ulnaris/HWS/PNP); KTS-Seite bleibt Owner des Krankheitsbilds.",high
/koerpersignale/kalte-haende-einseitig/,knowledge,live,Eine Hand kälter als die andere,Eine Hand kälter als die andere (einseitige Kälte),eine hand kälter als die andere,,informational,awareness,,,,,PRIMARY_OWNER,/beschwerden/raynaud-syndrom/,,low,koerpersignal,Eine hand kälter als die andere,"Körpersignal-Leaf 09/2026, Funnel: /beschwerden/raynaud-syndrom/.",high
/koerpersignale/klossgefuehl-im-hals/,knowledge,live,Klossgefühl im Hals ohne Erkältung,Klossgefühl im Hals ohne Erkältung (Globusgefühl),klossgefühl im hals,,informational,awareness,,,,,PRIMARY_OWNER,/beschwerden/stress-burnout/,,none,koerpersignal,Klossgefühl im hals,"Körpersignal-Leaf 09/2026, Funnel: /beschwerden/stress-burnout/.",high
/koerpersignale/staendiger-raeusperzwang/,knowledge,live,Ständiger Räusperzwang / Schleimgefühl ohne Erkältung,Ständiger Räusperzwang / Schleimgefühl ohne Erkältung,ständiger räusperzwang,,informational,awareness,,,,,PRIMARY_OWNER,/beschwerden/sodbrennen/,,none,koerpersignal,Ständiger räusperzwang,"Körpersignal-Leaf 09/2026, Funnel: /beschwerden/sodbrennen/.",high
/koerpersignale/zungenbrennen/,knowledge,live,Zungenbrennen / Burning-Mouth-Muster,Zungenbrennen / Burning-Mouth-Muster,zungenbrennen,,informational,awareness,,,,,PRIMARY_OWNER,/beschwerden/wechseljahre/,,none,koerpersignal,Zungenbrennen,"Körpersignal-Leaf 09/2026, Funnel: /beschwerden/wechseljahre/.",high
/koerpersignale/hitzegefuehl-ohne-fieber/,knowledge,live,Hitzegefühl / Hitzewellen ohne Fieber,Hitzegefühl / Hitzewellen ohne Fieber,hitzegefühl ohne fieber,,informational,awareness,,,,,PRIMARY_OWNER,/beschwerden/hitzewallungen/,,low,koerpersignal,Hitzegefühl ohne fieber,"Körpersignal-Leaf 09/2026, Funnel: /beschwerden/hitzewallungen/. Hitzewallungen-Leaf bleibt Owner des Wechseljahres-Intents; diese Seite ordnet ursachenoffen ein.",high
/koerpersignale/starkes-schwitzen-ohne-sport/,knowledge,live,Starkes Schwitzen ohne Anstrengung,Starkes Schwitzen ohne Anstrengung (Muster-Einordnung),starkes schwitzen ohne grund,,informational,awareness,,,,,PRIMARY_OWNER,/beschwerden/hyperhidrose/,/beschwerden/hyperhidrose/,medium,koerpersignal,Starkes schwitzen ohne grund,"Körpersignal-Leaf 09/2026, Funnel: /beschwerden/hyperhidrose/. Bewusst als Einordnungs-Seite gebaut, Hyperhidrose-Leaf bleibt Owner von Krankheitsbild + Behandlung; Seite verweist prominent dorthin. In GSC beobachten.",high
/koerpersignale/wadenkraempfe-nachts/,knowledge,live,Nächtliche Wadenkrämpfe,Nächtliche Wadenkrämpfe,wadenkrämpfe nachts,,informational,awareness,,,,,PRIMARY_OWNER,/beschwerden/restless-legs/,,none,koerpersignal,Wadenkrämpfe nachts,"Körpersignal-Leaf 09/2026, Funnel: /beschwerden/restless-legs/. RLS nur als Abgrenzung erwähnt (klinisch verschieden).",high
/koerpersignale/augenlid-zuckt/,knowledge,live,Zuckendes Augenlid (Lidmyokymie),Zuckendes Augenlid (Lidmyokymie),augenlid zuckt,,informational,awareness,,,,,PRIMARY_OWNER,/beschwerden/stress-burnout/,,none,koerpersignal,Augenlid zuckt,"Körpersignal-Leaf Welle 2 (09/2026), Funnel: /beschwerden/stress-burnout/.",high
/koerpersignale/ohr-einseitig-verstopft/,knowledge,live,Einseitig verstopftes Ohrgefühl ohne Erkältung,Einseitig verstopftes Ohrgefühl ohne Erkältung,ohr einseitig verstopft,,informational,awareness,,,,,PRIMARY_OWNER,/beschwerden/hoersturz/,/beschwerden/hoersturz/,medium,koerpersignal,Ohr einseitig verstopft,"Körpersignal-Leaf Welle 2 (09/2026), Funnel: /beschwerden/hoersturz/. Monitoring (GSC): vs. hoersturz/tinnitus/kieferschmerzen.",high
/koerpersignale/immer-zur-gleichen-uhrzeit-aufwachen/,knowledge,live,Nächtliches Aufwachen zur immer gleichen Uhrzeit,Nächtliches Aufwachen zur immer gleichen Uhrzeit,immer zur gleichen uhrzeit aufwachen,,informational,awareness,,,,,PRIMARY_OWNER,/beschwerden/schlafprobleme/,,low,koerpersignal,Immer zur gleichen uhrzeit aufwachen,"Körpersignal-Leaf Welle 2 (09/2026), Funnel: /beschwerden/schlafprobleme/.",high
/koerpersignale/nachtschweiss-ohne-fieber/,knowledge,live,Nachtschweiss ohne Fieber,Nachtschweiss ohne Fieber,nachtschweiss ohne fieber,,informational,awareness,,,,,PRIMARY_OWNER,/beschwerden/wechseljahre/,/beschwerden/wechseljahre/,medium,koerpersignal,Nachtschweiss ohne fieber,"Körpersignal-Leaf Welle 2 (09/2026), Funnel: /beschwerden/wechseljahre/. Monitoring (GSC): vs. hyperhidrose/wechseljahre + koerpersignale/starkes-schwitzen-ohne-sport (bewusst getrennt: nachts vs. generell).",high
/koerpersignale/rueckenschmerzen-beim-husten/,knowledge,live,Rückenschmerzen beim Husten oder Niesen,Rückenschmerzen beim Husten oder Niesen,rückenschmerzen beim husten,,informational,awareness,,,,,PRIMARY_OWNER,/beschwerden/rueckenschmerzen/,/beschwerden/rueckenschmerzen/,medium,koerpersignal,Rückenschmerzen beim husten,"Körpersignal-Leaf Welle 2 (09/2026), Funnel: /beschwerden/rueckenschmerzen/. Monitoring (GSC): vs. rueckenschmerzen/bandscheibenvorfall.",high
/koerpersignale/bein-wird-beim-sitzen-taub/,knowledge,live,Taubes Bein beim Sitzen,Taubes Bein beim Sitzen,bein wird beim sitzen taub,,informational,awareness,,,,,PRIMARY_OWNER,/beschwerden/ischias/,/beschwerden/ischias/,medium,koerpersignal,Bein wird beim sitzen taub,"Körpersignal-Leaf Welle 2 (09/2026), Funnel: /beschwerden/ischias/. Monitoring (GSC): vs. ischias/polyneuropathie.",high
/koerpersignale/finger-morgens-steif/,knowledge,live,Morgendliche Fingersteifigkeit,Morgendliche Fingersteifigkeit,finger morgens steif,,informational,awareness,,,,,PRIMARY_OWNER,/beschwerden/arthrose/,/beschwerden/arthrose/,medium,koerpersignal,Finger morgens steif,"Körpersignal-Leaf Welle 2 (09/2026), Funnel: /beschwerden/arthrose/. Monitoring (GSC): vs. arthrose/rheuma (Situations-Seite, keine Krankheits-Owner-Übernahme).",high
/koerpersignale/hand-kribbelt-beim-velofahren/,knowledge,live,Kribbelnde Hand beim Velofahren (Ulnaris-Muster),Kribbelnde Hand beim Velofahren (Ulnaris-Muster),hand kribbelt beim velofahren,,informational,awareness,,,,,PRIMARY_OWNER,/beschwerden/karpaltunnelsyndrom/,/beschwerden/karpaltunnelsyndrom/,medium,koerpersignal,Hand kribbelt beim velofahren,"Körpersignal-Leaf Welle 2 (09/2026), Funnel: /beschwerden/karpaltunnelsyndrom/. Monitoring (GSC): vs. karpaltunnelsyndrom + koerpersignale/finger-schlafen-ein (Velo-Vertiefung, cross-verlinkt).",high
/koerpersignale/nacken-knackt-beim-drehen/,knowledge,live,Knackgeräusche im Nacken beim Kopfdrehen,Knackgeräusche im Nacken beim Kopfdrehen,nacken knackt beim drehen,,informational,awareness,,,,,PRIMARY_OWNER,/beschwerden/nackenschmerzen/,,low,koerpersignal,Nacken knackt beim drehen,"Körpersignal-Leaf 09/2026 (Welle 3), Funnel: /beschwerden/nackenschmerzen/.",high
/koerpersignale/knie-knackt-ohne-schmerzen/,knowledge,live,Schmerzfreies Knieknacken,Schmerzfreies Knieknacken,knie knackt ohne schmerzen,,informational,awareness,,,,,PRIMARY_OWNER,/beschwerden/knieschmerzen/,,low,koerpersignal,Knie knackt ohne schmerzen,"Körpersignal-Leaf 09/2026 (Welle 3), Funnel: /beschwerden/knieschmerzen/. Grenzt bewusst gegen Arthrose-Angst ab.",high
/koerpersignale/ohr-knackt-beim-schlucken/,knowledge,live,Ohrknacken beim Schlucken / Druckausgleich,Ohrknacken beim Schlucken / Druckausgleich,ohr knackt beim schlucken,,informational,awareness,,,,,PRIMARY_OWNER,/beschwerden/tinnitus/,,low,koerpersignal,Ohr knackt beim schlucken,"Körpersignal-Leaf 09/2026 (Welle 3), Funnel: /beschwerden/tinnitus/ + Kiefer.",high
/koerpersignale/trockener-mund-nachts/,knowledge,live,Nächtliche Mundtrockenheit,Nächtliche Mundtrockenheit,trockener mund nachts,,informational,awareness,,,,,PRIMARY_OWNER,/beschwerden/schlafprobleme/,,low,koerpersignal,Trockener mund nachts,"Körpersignal-Leaf 09/2026 (Welle 3), Funnel: /beschwerden/schlafprobleme/.",high
/koerpersignale/bitterer-geschmack-morgens/,knowledge,live,Bitterer Geschmack im Mund am Morgen,Bitterer Geschmack im Mund am Morgen,bitterer geschmack im mund morgens,,informational,awareness,,,,,PRIMARY_OWNER,/beschwerden/sodbrennen/,,low,koerpersignal,Bitterer geschmack im mund morgens,"Körpersignal-Leaf 09/2026 (Welle 3), Funnel: /beschwerden/sodbrennen/. Kein Leber-Framing, keine TCM-Diagnose aus Einzelsymptom.",high
/koerpersignale/schwere-beine-abends/,knowledge,live,Schwere müde Beine am Abend (Tagesmuster),Schwere müde Beine am Abend (Tagesmuster),schwere beine abends,,informational,awareness,,,,,PRIMARY_OWNER,/beschwerden/durchblutungsstoerungen/,,low,koerpersignal,Schwere beine abends,Körpersignal-Leaf 09/2026 (Welle 3). Besitzt das ZEIT-Muster; Gefässkrankheits-Intent bleibt bei /beschwerden/durchblutungsstoerungen/.,high
/koerpersignale/brennende-fuesse-nachts/,knowledge,live,Brennende Füsse/Fusssohlen nachts,Brennende Füsse/Fusssohlen nachts,brennende füsse nachts,,informational,awareness,,,,,PRIMARY_OWNER,/beschwerden/polyneuropathie/,,low,koerpersignal,Brennende füsse nachts,"Körpersignal-Leaf 09/2026 (Welle 3), Funnel: /beschwerden/polyneuropathie/. Explizit: nicht automatisch PNP.",high
/koerpersignale/ein-fuss-kaelter-als-der-andere/,knowledge,live,Einseitig kälterer Fuss (Seitenvergleich),Einseitig kälterer Fuss (Seitenvergleich),ein fuss kälter als der andere,,informational,awareness,,,,,PRIMARY_OWNER,/beschwerden/raynaud-syndrom/,,low,koerpersignal,Ein fuss kälter als der andere,Körpersignal-Leaf 09/2026 (Welle 3). Red-Flag-lastig (akute Ischämie/144); Raynaud + Durchblutung bleiben Owner der Krankheits-Intents.,high
/koerpersignale/rueckenschmerzen-beim-langen-stehen/,knowledge,live,Rückenschmerzen ausgelöst durch langes Stehen,Rückenschmerzen ausgelöst durch langes Stehen,rückenschmerzen beim langen stehen,,informational,awareness,,,,,PRIMARY_OWNER,/beschwerden/rueckenschmerzen/,,low,koerpersignal,Rückenschmerzen beim langen stehen,Körpersignal-Leaf 09/2026 (Welle 3). Besitzt NUR das Stehen-Muster; generischer Rückenschmerz-Intent bleibt bei /beschwerden/rueckenschmerzen/.,high
/koerpersignale/druck-im-kopf-ohne-kopfschmerzen/,knowledge,live,Druckgefühl im Kopf ohne eigentlichen Kopfschmerz,Druckgefühl im Kopf ohne eigentlichen Kopfschmerz,druck im kopf ohne kopfschmerzen,,informational,awareness,,,,,PRIMARY_OWNER,/beschwerden/kopfschmerzen/,,low,koerpersignal,Druck im kopf ohne kopfschmerzen,Körpersignal-Leaf 09/2026 (Welle 3). Kein Blutdruck-Framing; Kopfschmerz/Spannungskopfschmerz/Sinusitis bleiben Owner ihrer Intents.,high
/koerpersignale/kribbeln-im-gesicht/,knowledge,live,Kribbeln im Gesicht,Kribbeln im Gesicht,kribbeln im gesicht,,informational,awareness,,,,,PRIMARY_OWNER,/beschwerden/trigeminusneuralgie/;/beschwerden/migraene/,,low,koerpersignal,Kribbeln im gesicht,Körpersignal-Leaf 21.09.2026 (Welle 4). Schlaganfall-Red-Flag (144) prominent; Trigeminusneuralgie/Migräne bleiben Owner der Krankheits-Intents.,high
/koerpersignale/schwindel-nach-dem-essen/,knowledge,live,Schwindel ausgelöst nach dem Essen,Schwindel ausgelöst nach dem Essen,schwindel nach dem essen,,informational,awareness,,,,,PRIMARY_OWNER,/beschwerden/schwindel/,/koerpersignale/schwindel-beim-aufstehen/,low,koerpersignal,Schwindel nach dem essen,Körpersignal-Leaf 21.09.2026 (Welle 4). Besitzt NUR das Essen-Muster; Aufstehen/Umdrehen-Muster und generischer Schwindel bleiben bei ihren Ownern.,high
/koerpersignale/druck-im-oberbauch/,knowledge,live,Druckgefühl im Oberbauch,Druckgefühl im Oberbauch,druck im oberbauch,,informational,awareness,,,,,PRIMARY_OWNER,/beschwerden/gastritis/;/beschwerden/sodbrennen/,/koerpersignale/magendruck-im-liegen/;/koerpersignale/voellegefuehl-nach-dem-essen/,low,koerpersignal,Druck im oberbauch,Körpersignal-Leaf 21.09.2026 (Welle 4). Abgrenzung im Text: Liegen-Muster + Völlegefühl + Blähbauch sind eigene Owner; hier lageunabhängiger Oberbauchdruck.,high
/koerpersignale/kribbeln-an-der-lippe/,knowledge,live,Kribbeln an der Lippe,Kribbeln an der Lippe,kribbeln an der lippe,,informational,awareness,,,,,PRIMARY_OWNER,/beschwerden/lippenherpes/,/koerpersignale/kribbeln-im-gesicht/,low,koerpersignal,Kribbeln an der lippe,Körpersignal-Leaf 21.09.2026 (Welle 4). Lippen-spezifisch (Herpes-Prodrom als häufigste Erklärung); Gesichts-Kribbeln ist eigener Owner.,high
/koerpersignale/beine-kribbeln-nachts/,knowledge,live,Kribbeln in den Beinen nachts,Kribbeln in den Beinen nachts,beine kribbeln nachts,,informational,awareness,,,,,PRIMARY_OWNER,/beschwerden/restless-legs/;/beschwerden/polyneuropathie/,/beschwerden/restless-legs/,low,koerpersignal,Beine kribbeln nachts,"Körpersignal-Leaf 21.09.2026 (Welle 4). Expliziter Abschnitt ""Kribbeln ist nicht gleich Restless Legs""; RLS-Erkrankungs-Intent bleibt bei /beschwerden/restless-legs/.",high
/koerpersignale/druck-hinter-den-augen/,knowledge,live,Druckgefühl hinter den Augen,Druckgefühl hinter den Augen,druck hinter den augen,,informational,awareness,,,,,PRIMARY_OWNER,/beschwerden/sinusitis/,/koerpersignale/druck-im-kopf-ohne-kopfschmerzen/;/koerpersignale/kopfdruck-beim-buecken/,low,koerpersignal,Druck hinter den augen,Körpersignal-Leaf 21.09.2026 (Welle 4). Augen-lokalisiert; Kopfdruck-Signale und Sinusitis bleiben Owner ihrer Muster; Augen-Red-Flags enthalten.,high
/koerpersignale/fuss-schlaeft-staendig-ein/,knowledge,live,Fuss schläft wiederholt ein,Fuss schläft wiederholt ein,fuss schläft ständig ein,fuß schläft ständig ein,informational,awareness,,,,,PRIMARY_OWNER,/beschwerden/ischias/;/beschwerden/polyneuropathie/,/koerpersignale/bein-wird-beim-sitzen-taub/;/koerpersignale/zehen-kribbeln/,low,koerpersignal,Fuss schläft ständig ein,Körpersignal-Leaf 21.09.2026 (Welle 4). Wiederholungs-Muster Fuss; Sitz-Taubheit und Zehen-Kribbeln sind eigene Owner; fuß/fuss-Varianten in Suche abgedeckt.,high
/gesundheitsbibliothek/befunde-werte/tsh-erhoeht/,knowledge,live,Einordnung Laborwert TSH erhöht,Einordnung Laborwert TSH erhöht,tsh erhöht,tsh zu hoch;tsh erhöht ft4 normal,informational,awareness,,,,,PRIMARY_OWNER,,,low,befund,Tsh erhöht,Befunde-Leaf 21.09.2026 (Welle 4). Kein Erkrankungs-Owner vorhanden (keine Schilddrüsen-Seite); Konstellation fT4-normal als Abschnitt; Slug umbenannt von tsh-erhoeht-ft4-normal (nie live).,high
/gesundheitsbibliothek/befunde-werte/cholesterin-erhoeht/,knowledge,live,Einordnung Laborwert Cholesterin erhöht,Einordnung Laborwert Cholesterin erhöht,cholesterin erhöht,cholesterin zu hoch;cholesterin erhöht trotz gesunder ernährung,informational,awareness,,,,,PRIMARY_OWNER,,,low,befund,Cholesterin erhöht,"Befunde-Leaf 21.09.2026 (Welle 4). Kein Erkrankungs-Owner vorhanden (keine Herz-Kreislauf-Seite); ""trotz gesunder Ernährung"" als Abschnitt; Slug umbenannt (nie live).",high
/koerpersignale/kalte-fuesse/,knowledge,live,Beidseitig kalte Füsse,Beidseitig kalte Füsse,kalte füße,kalte füsse;füsse immer kalt,informational,awareness,,,,,PRIMARY_OWNER,/koerpersignale/ein-fuss-kaelter-als-der-andere/;/beschwerden/raynaud-syndrom/,/koerpersignale/ein-fuss-kaelter-als-der-andere/,low,koerpersignal,Kalte füsse,Körpersignal-Leaf 22.09.2026 (Welle 5). Besitzt das beidseitige Muster; einseitiges Muster und Raynaud-Erkrankung bleiben eigene Owner.,high
/koerpersignale/kribbeln-im-koerper/,knowledge,live,Kribbeln an mehreren Körperstellen,Kribbeln an mehreren Körperstellen,kribbeln im körper,kribbeln am ganzen körper,informational,awareness,,,,,PRIMARY_OWNER,/beschwerden/polyneuropathie/,/koerpersignale/kribbeln-im-gesicht/;/koerpersignale/beine-kribbeln-nachts/,low,koerpersignal,Kribbeln im körper,Körpersignal-Leaf 22.09.2026 (Welle 5). Generalisiertes Muster; regionale Kribbeln-Signale (Gesicht/Beine/Zehen/Lippe) bleiben eigene Owner.,high
/koerpersignale/metallischer-geschmack-im-mund/,knowledge,live,Metallischer Geschmack im Mund,Metallischer Geschmack im Mund,metallischer geschmack im mund,metallgeschmack,informational,awareness,,,,,PRIMARY_OWNER,/koerpersignale/bitterer-geschmack-morgens/,/koerpersignale/bitterer-geschmack-morgens/,low,koerpersignal,Metallischer geschmack im mund,Körpersignal-Leaf 22.09.2026 (Welle 5). Bitter-morgens bleibt eigener Owner; Abgrenzung im Text.,high
/koerpersignale/druck-auf-den-ohren/,knowledge,live,Druckgefühl auf den Ohren,Druckgefühl auf den Ohren,druck auf den ohren,ohrendruck,informational,awareness,,,,,PRIMARY_OWNER,/beschwerden/tinnitus/;/beschwerden/sinusitis/,/koerpersignale/ohr-einseitig-verstopft/;/koerpersignale/ohr-knackt-beim-schlucken/,low,koerpersignal,Druck auf den ohren,Körpersignal-Leaf 22.09.2026 (Welle 5). Allgemeines Druckgefühl; einseitig-verstopft und Knacken-beim-Schlucken bleiben eigene Owner.,high
/koerpersignale/kribbeln-im-kopf/,knowledge,live,Kribbeln im Kopf oder auf der Kopfhaut,Kribbeln im Kopf oder auf der Kopfhaut,kribbeln im kopf,kribbeln kopfhaut;kribbeln auf der kopfhaut,informational,awareness,,,,,PRIMARY_OWNER,/beschwerden/migraene/,/koerpersignale/druck-im-kopf-ohne-kopfschmerzen/;/koerpersignale/kribbeln-im-gesicht/,low,koerpersignal,Kribbeln im kopf,Körpersignal-Leaf 22.09.2026 (Welle 5). Eine URL besitzt Kopf+Kopfhaut-Varianten; Kopfdruck und Gesichtskribbeln bleiben eigene Owner.,high
/koerpersignale/zittern-am-ganzen-koerper/,knowledge,live,Zittern am ganzen Körper,Zittern am ganzen Körper,zittern am ganzen körper,inneres zittern,informational,awareness,,,,,PRIMARY_OWNER,/beschwerden/stress-burnout/,,low,koerpersignal,Zittern am ganzen körper,Körpersignal-Leaf 22.09.2026 (Welle 5). Kein bestehender Owner; inkl. inneres vs. sichtbares Zittern.,high
/gesundheitsbibliothek/befunde-werte/leberwerte-erhoeht/,knowledge,live,Einordnung Befund Leberwerte erhöht,Einordnung Befund Leberwerte erhöht,leberwerte erhöht,leberwerte zu hoch;erhöhte leberwerte,informational,awareness,,,,,PRIMARY_OWNER,/beschwerden/fettleber/,,low,befund,Leberwerte erhöht,Befunde-Leaf 22.09.2026 (Welle 5). Grösste Befunde-Chance (~720/mo); Fettleber bleibt Erkrankungs-Owner; kein Leber-Qi-Framing.,high
/gesundheitsbibliothek/befunde-werte/ferritin-zu-niedrig/,knowledge,live,Einordnung Laborwert Ferritin zu niedrig,Einordnung Laborwert Ferritin zu niedrig,ferritin zu niedrig,ferritin niedrig,informational,awareness,,,,,PRIMARY_OWNER,/beschwerden/eisenmangel/,/beschwerden/eisenmangel/,low,befund,Ferritin zu niedrig,Befunde-Leaf 22.09.2026 (Welle 5). Eisenmangel-Erkrankung bleibt Owner; Slug umbenannt von ferritin-niedrig-haemoglobin-normal (nie live).,high
/gesundheitsbibliothek/befunde-werte/blutdruck-140-90/,knowledge,live,Einordnung Messwert Blutdruck 140/90,Einordnung Messwert Blutdruck 140/90,blutdruck 140 90,140/90;blutdruck 140 zu 90,informational,awareness,,,,,PRIMARY_OWNER,/beschwerden/bluthochdruck/,/beschwerden/bluthochdruck/,low,befund,Blutdruck 140 90,Befunde-Leaf 22.09.2026 (Welle 5). Bluthochdruck-Erkrankung bleibt Owner; Seite erklärt nur den Messwert.,high
/gesundheitsbibliothek/befunde-werte/blutzucker-erhoeht/,knowledge,live,Einordnung Messwert Blutzucker erhöht,Einordnung Messwert Blutzucker erhöht,blutzucker erhöht,blutzucker zu hoch,informational,awareness,,,,,PRIMARY_OWNER,,,low,befund,Blutzucker erhöht,Befunde-Leaf 22.09.2026 (Welle 5). Kein Erkrankungs-Owner (keine Diabetes-Seite); Slug umbenannt von nuechternblutzucker-erhoeht (nie live); Nüchtern-Frage als Abschnitt.,high
/gesundheitsbibliothek/fragen/schroepfen-methoden/,knowledge,live,Häufige Fragen zu Schröpfen-Methoden & weiteren Anwendungen,Fragen zu Schröpf-/TCM-Methoden,schröpfen methoden,"welche arten von schröpfen gibt es, trockenes vs. blutiges schröpfen",informational,consideration,,,,,SECONDARY_SUPPORT,/therapien/schroepfen/,/therapien/schroepfen/,low,question_hub,Schröpfen-Methoden: häufige Fragen,"Therapy-Authority-Cleanup 23.09.2026: Rankte per GSC Pos. ~22 für generisches ""schröpfen""; Title/H1 von ""Schröpfen & weitere Methoden"" auf ""Schröpfen-Methoden & weitere Anwendungen"" repositioniert; Parent-Links auf /therapien/schroepfen/ bestehen (2).",high
/gesundheitsbibliothek/tcm-verstehen/grundlagen/organuhr/,knowledge,live,TCM-Organuhr (traditionelles 24h-Modell),TCM-Organuhr (traditionelles 24h-Modell),tcm organuhr,organuhr tcm; chinesische organuhr,informational,awareness,,,,,PRIMARY_OWNER,/gesundheitsbibliothek/tcm-verstehen/grundlagen/,/beschwerden/schlafprobleme/;/koerpersignale/immer-zur-gleichen-uhrzeit-aufwachen/,low,tcm_concept,TCM-Organuhr,Foundation 4A 23.09.2026 (~320/mo KD22-28). Besitzt NUR das TCM-Konzept; Schlaf-/Nachtaufwach-Intents bleiben bei Körpersignalen/Beschwerden. Kein deterministisches Symptom-Chart.,high
/gesundheitsbibliothek/tcm-verstehen/grundlagen/qi/,knowledge,live,Qi (TCM-Begriff),Qi (TCM-Begriff),was ist qi,qi bedeutung; qi tcm; chi,informational,awareness,,,,,PRIMARY_OWNER,/gesundheitsbibliothek/tcm-verstehen/grundlagen/,,low,tcm_concept,Qi in der TCM,Foundation 4A 23.09.2026. Qi als traditionelles Konzept; keine messbare Energie-Behauptung.,high
/gesundheitsbibliothek/tcm-verstehen/grundlagen/yin-und-yang/,knowledge,live,Yin und Yang (TCM),Yin und Yang (TCM),yin und yang bedeutung,yin yang tcm; yin und yang tcm,informational,awareness,,,,,PRIMARY_OWNER,/gesundheitsbibliothek/tcm-verstehen/grundlagen/,,low,tcm_concept,Yin und Yang,Foundation 4A 23.09.2026 (~170/mo KD26). Konkurriert nicht mit künftigen Muster-Seiten (4B).,high
/gesundheitsbibliothek/tcm-verstehen/grundlagen/fuenf-elemente/,knowledge,live,Fünf Elemente / Wandlungsphasen (TCM),Fünf Elemente / Wandlungsphasen (TCM),fünf elemente tcm,5 elemente tcm; fünf wandlungsphasen,informational,awareness,,,,,PRIMARY_OWNER,/gesundheitsbibliothek/tcm-verstehen/grundlagen/,,low,tcm_concept,Fünf Elemente der TCM,Foundation 4A 23.09.2026. Keine Einzel-Organ-Muster-Seiten (4B).,high
/gesundheitsbibliothek/tcm-verstehen/meridiane-punkte/meridiane/,knowledge,live,Meridiane / Leitbahnen-Modell (TCM),Meridiane / Leitbahnen-Modell (TCM),meridiane tcm,tcm meridiane; leitbahnen tcm,informational,awareness,,,,,PRIMARY_OWNER,/gesundheitsbibliothek/tcm-verstehen/meridiane-punkte/,/therapien/akupunktur/,low,tcm_concept,Meridiane in der TCM,Foundation 4A 23.09.2026. Informational; /therapien/akupunktur/ bleibt Therapie-Owner (Phase 3 LOCKED). GSC zeigte Hub-Impressionen für meridiane tcm -> Leaf übernimmt.,high
/gesundheitsbibliothek/tcm-verstehen/diagnostik/zungendiagnostik/,knowledge,live,Zungendiagnostik (TCM),Zungendiagnostik (TCM),zungendiagnostik tcm,tcm zunge; zungendiagnose tcm,informational,awareness,,,,,PRIMARY_OWNER,/gesundheitsbibliothek/tcm-verstehen/diagnostik/,/koerpersignale/zungenbrennen/,low,tcm_concept,Zungendiagnostik,Foundation 4A 23.09.2026. Besitzt NICHT den Zungenbrennen-Intent; keine Selbstdiagnose-Tabellen.,high
/gesundheitsbibliothek/tcm-verstehen/diagnostik/pulsdiagnostik/,knowledge,live,Pulsdiagnostik (TCM),Pulsdiagnostik (TCM),pulsdiagnostik tcm,tcm puls; pulsdiagnose tcm,informational,awareness,,,,,PRIMARY_OWNER,/gesundheitsbibliothek/tcm-verstehen/diagnostik/,,low,tcm_concept,Pulsdiagnostik,Foundation 4A 23.09.2026. Ersetzt keine Kreislauf-Diagnostik; Herzklopfen-Intents bleiben bei Körpersignalen.,high
/gesundheitsbibliothek/fragen/starke-reaktion-nach-akupunktur/,knowledge,live,Starke Reaktion nach Akupunktur,Starke Reaktion nach Akupunktur,starke reaktion nach akupunktur,heftige reaktion nach akupunktur,informational,consideration,,,,,PRIMARY_OWNER,/gesundheitsbibliothek/fragen/akupunktur-nebenwirkungen/,/gesundheitsbibliothek/fragen/nach-der-behandlung/,low,question,Starke Reaktion nach Akupunktur,Daily-Cohort 23.09.2026-b. Besitzt das "starke/ungewöhnliche Reaktion"-Muster; Erstverschlimmerungs-Kurzantwort bleibt im nach-der-behandlung-Hub; keine Heilkrise-Behauptung.,high
/gesundheitsbibliothek/fragen/akupunktur-nerv-getroffen/,knowledge,live,Nerv bei Akupunktur getroffen,Nerv bei Akupunktur getroffen,akupunktur nerv getroffen,nerv bei akupunktur getroffen; stromschlaggefühl bei akupunktur; akupunktur nervenschädigung,informational,consideration,,,,,PRIMARY_OWNER,/gesundheitsbibliothek/fragen/akupunktur-nebenwirkungen/,,low,question,Nerv getroffen bei Akupunktur,Daily-Cohort 23.09.2026-b. YMYL-Sicherheitsseite; keine Beschwichtigung anhaltender neurologischer Symptome.,high
/gesundheitsbibliothek/fragen/akupunktur-nebenwirkungen/,knowledge,live,Nebenwirkungen der Akupunktur (Übersicht),Nebenwirkungen der Akupunktur (Übersicht),akupunktur nebenwirkungen,nebenwirkungen akupunktur,informational,consideration,,,,,PRIMARY_OWNER,/gesundheitsbibliothek/fragen/blaue-flecken-nach-akupunktur/;/gesundheitsbibliothek/fragen/muedigkeit-nach-akupunktur/;/gesundheitsbibliothek/fragen/akupunktur-nerv-getroffen/;/gesundheitsbibliothek/fragen/starke-reaktion-nach-akupunktur/,/gesundheitsbibliothek/fragen/sicherheit-nebenwirkungen/,low,question,Akupunktur: Nebenwirkungen,Daily-Cohort 23.09.2026-b. Umbrella-Seite; verlinkt auf engere Seiten statt zu duplizieren; Hub-Antwort im sicherheit-nebenwirkungen-Hub verlinkt hierher; inkl. seltener ernster Komplikationen (Pneumothorax) ehrlich benannt.,high
/gesundheitsbibliothek/befunde-werte/gamma-gt-erhoeht/,knowledge,live,Einordnung Laborwert Gamma-GT erhöht,Einordnung Laborwert Gamma-GT erhöht,gamma gt erhöht,ggt erhöht; gamma gt zu hoch; gamma gt wert erhöht,informational,awareness,,,,,PRIMARY_OWNER,/gesundheitsbibliothek/befunde-werte/leberwerte-erhoeht/,/gesundheitsbibliothek/befunde-werte/leberwerte-erhoeht/,low,befund,Gamma-GT erhöht,Daily-Cohort 23.09.2026-b. Besitzt NUR den GGT-Einzelwert; generisches "Leberwerte erhöht" bleibt bei leberwerte-erhoeht (dort GGT als Listenpunkt); beidseitig verlinkt.,high
/gesundheitsbibliothek/befunde-werte/nierenwerte-erhoeht/,knowledge,live,Einordnung Befund Nierenwerte erhöht,Einordnung Befund Nierenwerte erhöht,nierenwerte erhöht,erhöhte nierenwerte; nierenwerte zu hoch,informational,awareness,,,,,PRIMARY_OWNER,,,low,befund,Nierenwerte erhöht,Daily-Cohort 23.09.2026-b. Kein bestehender Owner (keine Nieren-Seite); Kreatinin/eGFR-Einordnung ohne Diagnose aus Einzelwert.,high
/gesundheitsbibliothek/befunde-werte/hba1c-erhoeht/,knowledge,live,Einordnung Laborwert HbA1c erhöht,Einordnung Laborwert HbA1c erhöht,hba1c erhöht,hba1c zu hoch; langzeitblutzucker erhöht,informational,awareness,,,,,PRIMARY_OWNER,/gesundheitsbibliothek/befunde-werte/blutzucker-erhoeht/,/gesundheitsbibliothek/befunde-werte/blutzucker-erhoeht/,low,befund,HbA1c erhöht,Daily-Cohort 23.09.2026-b. Langzeitwert-Intent; Momentaufnahme bleibt bei blutzucker-erhoeht (beidseitig verlinkt); Slug umbenannt von hba1c-leicht-erhoeht (nie live).,high
/gesundheitsbibliothek/befunde-werte/bilirubin-erhoeht/,knowledge,live,Einordnung Laborwert Bilirubin erhöht,Einordnung Laborwert Bilirubin erhöht,bilirubin erhöht,bilirubin zu hoch; bilirubin wert erhöht,informational,awareness,,,,,PRIMARY_OWNER,/gesundheitsbibliothek/befunde-werte/leberwerte-erhoeht/,/gesundheitsbibliothek/befunde-werte/leberwerte-erhoeht/;/gesundheitsbibliothek/befunde-werte/gamma-gt-erhoeht/,low,befund,Bilirubin erhöht,Replacement-Cohort 23.09.2026-b. Besitzt NUR den Bilirubin-Einzelwert; generische Leberwerte bleiben beim Umbrella-Owner (dort Listenpunkt jetzt verlinkt); Gamma-GT eigener Owner; keine Lebererkrankungs-Seite.,high
/gesundheitsbibliothek/befunde-werte/lymphozyten-erhoeht/,knowledge,live,Einordnung Laborwert Lymphozyten erhöht,Einordnung Laborwert Lymphozyten erhöht,lymphozyten erhöht,lymphozyten zu hoch; erhöhte lymphozyten,informational,awareness,,,,,PRIMARY_OWNER,/gesundheitsbibliothek/befunde-werte/leukozyten-erhoeht/,/gesundheitsbibliothek/befunde-werte/leukozyten-erhoeht/,low,befund,Lymphozyten erhöht,Replacement-Cohort 23.09.2026-b. Leukozyten-SUBTYP-Owner; generisches "Leukozyten erhöht" bleibt beim Umbrella-Owner (Zugehörigkeit im Text explizit); relative vs. absolute Werte erklärt; keine Leukämie-Diagnostik aus Einzelwert.,high
/gesundheitsbibliothek/befunde-werte/neutrophile-erhoeht/,knowledge,live,Einordnung Laborwert Neutrophile erhöht,Einordnung Laborwert Neutrophile erhöht,neutrophile erhöht,neutrophile zu hoch; erhöhte neutrophile; neutrophile granulozyten erhöht,informational,awareness,,,,,PRIMARY_OWNER,/gesundheitsbibliothek/befunde-werte/leukozyten-erhoeht/,/gesundheitsbibliothek/befunde-werte/leukozyten-erhoeht/;/gesundheitsbibliothek/befunde-werte/lymphozyten-erhoeht/,low,befund,Neutrophile erhöht,Replacement-Cohort 23.09.2026-b. Leukozyten-SUBTYP-Owner; Umbrella bleibt leukozyten-erhoeht; Schwester-Seite lymphozyten-erhoeht kreuzverlinkt.,high
/gesundheitsbibliothek/befunde-werte/thrombozyten-erhoeht/,knowledge,live,Einordnung Laborwert Thrombozyten erhöht,Einordnung Laborwert Thrombozyten erhöht,thrombozyten erhöht,thrombozyten zu hoch; erhöhte thrombozyten; thrombozytose,informational,awareness,,,,,PRIMARY_OWNER,/gesundheitsbibliothek/befunde-werte/leukozyten-erhoeht/;/beschwerden/eisenmangel/,,low,befund,Thrombozyten erhöht,Replacement-Cohort 23.09.2026-b. Eigenständiger Blutplättchen-Intent; reaktive Ursachen im Vordergrund; nicht alarmierend; Eisenmangel-/Ferritin-Bezug vorsichtig formuliert.,high
/gesundheitsbibliothek/befunde-werte/harnsaeure-erhoeht/,knowledge,live,Einordnung Laborwert Harnsäure erhöht,Einordnung Laborwert Harnsäure erhöht,harnsäure erhöht,harnsäure zu hoch; erhöhte harnsäure; hoher harnsäurewert,informational,awareness,,,,,PRIMARY_OWNER,/beschwerden/gicht/,/beschwerden/gicht/,low,befund,Harnsäure erhöht,Daily-Cohort 24.09.2026 (~210/mo KD18). Laborwert-Owner; Gicht-Erkrankung/Anfall/Behandlung bleibt bei /beschwerden/gicht/ (canonicalIntentOwner gesetzt); erhöhter Wert ausdrücklich nicht mit Gicht gleichgesetzt.,high
/gesundheitsbibliothek/befunde-werte/ferritin-erhoeht/,knowledge,live,Einordnung Laborwert Ferritin erhöht,Einordnung Laborwert Ferritin erhöht,ferritin erhöht,ferritin zu hoch; hoher ferritinwert,informational,awareness,,,,,PRIMARY_OWNER,/gesundheitsbibliothek/befunde-werte/ferritin-zu-niedrig/,/gesundheitsbibliothek/befunde-werte/ferritin-zu-niedrig/,low,befund,Ferritin erhöht,Daily-Cohort 24.09.2026 (~110/mo KD16). Getrennt vom Low-Owner (leere Speicher) und beidseitig kreuzverlinkt; Entzündungs-/Leber-Kontext vor Eisenüberladung; Transferrinsättigung als Schlüsselwert.,high
/gesundheitsbibliothek/befunde-werte/kalium-zu-hoch/,knowledge,live,Einordnung Laborwert Kalium zu hoch,Einordnung Laborwert Kalium zu hoch,kalium zu hoch,kalium erhöht; erhöhter kaliumwert; hyperkaliämie,informational,awareness,,,,,PRIMARY_OWNER,/gesundheitsbibliothek/befunde-werte/nierenwerte-erhoeht/,,low,befund,Kalium zu hoch,Daily-Cohort 24.09.2026 (~390/mo KD32). Sicherheitsseite: Probenartefakt (Hämolyse) prominent; keine individuellen Grenzwerte; keine Eigen-Manipulation von Elektrolyten; Dringlichkeits-Konstellationen klar.,high
/gesundheitsbibliothek/befunde-werte/alkalische-phosphatase-erhoeht/,knowledge,live,Einordnung Laborwert alkalische Phosphatase erhöht,Einordnung Laborwert alkalische Phosphatase erhöht,alkalische phosphatase erhöht,ap erhöht; alkalische phosphatase zu hoch,informational,awareness,,,,,PRIMARY_OWNER,/gesundheitsbibliothek/befunde-werte/leberwerte-erhoeht/;/gesundheitsbibliothek/befunde-werte/gamma-gt-erhoeht/,/gesundheitsbibliothek/befunde-werte/leberwerte-erhoeht/,low,befund,Alkalische Phosphatase erhöht,Daily-Cohort 24.09.2026 (~210/mo KD21). Einzelwert-Owner (Leber/Galle vs. Knochen; Gamma-GT als Schlüssel); Umbrella bleibt leberwerte-erhoeht (Listenpunkt verlinkt).,high
/gesundheitsbibliothek/befunde-werte/gpt-alt-erhoeht/,knowledge,live,Einordnung Laborwert GPT/ALT erhöht,Einordnung Laborwert GPT/ALT erhöht,gpt erhöht,alt erhöht; gpt zu hoch; alt zu hoch,informational,awareness,,,,,PRIMARY_OWNER,/gesundheitsbibliothek/befunde-werte/leberwerte-erhoeht/,/gesundheitsbibliothek/befunde-werte/got-ast-erhoeht/,low,befund,GPT (ALT) erhöht,Daily-Cohort 24.09.2026. GPT+ALT bewusst EIN Owner (Synonyme); Umbrella bleibt leberwerte-erhoeht (Listenpunkt verlinkt); Schwester got-ast-erhoeht kreuzverlinkt.,high
/gesundheitsbibliothek/befunde-werte/got-ast-erhoeht/,knowledge,live,Einordnung Laborwert GOT/AST erhöht,Einordnung Laborwert GOT/AST erhöht,got erhöht,ast erhöht; got zu hoch; ast zu hoch,informational,awareness,,,,,PRIMARY_OWNER,/gesundheitsbibliothek/befunde-werte/gpt-alt-erhoeht/;/gesundheitsbibliothek/befunde-werte/leberwerte-erhoeht/,/gesundheitsbibliothek/befunde-werte/gpt-alt-erhoeht/,low,befund,GOT (AST) erhöht,Daily-Cohort 24.09.2026. GOT+AST bewusst EIN Owner; weniger leberspezifisch (Muskel-Kontext); De-Ritis nur als Konzept ohne Selbstdiagnose-Formel; eng mit GPT/ALT verzahnt.,high
/gesundheitsbibliothek/befunde-werte/vitamin-d-zu-niedrig/,knowledge,live,Einordnung Laborwert Vitamin D zu niedrig,Einordnung Laborwert Vitamin D zu niedrig,vitamin d zu niedrig,vitamin d wert niedrig; vitamin d mangel blutwert; 25-oh-vitamin-d niedrig,informational,awareness,,,,,PRIMARY_OWNER,,,low,befund,Vitamin D zu niedrig,Daily-Cohort 24.09.2026. Kein bestehender Owner; keine Dosierungsempfehlungen (Substitution = ärztliche Entscheidung); Jahreszeit/Sonne-Kontext.,high
/gesundheitsbibliothek/befunde-werte/vitamin-b12-zu-niedrig/,knowledge,live,Einordnung Laborwert Vitamin B12 zu niedrig,Einordnung Laborwert Vitamin B12 zu niedrig,vitamin b12 zu niedrig,vitamin b12 wert niedrig; b12 mangel blutwert,informational,awareness,,,,,PRIMARY_OWNER,/gesundheitsbibliothek/befunde-werte/ferritin-zu-niedrig/,,low,befund,Vitamin B12 zu niedrig,Daily-Cohort 24.09.2026. Kein bestehender Owner (B12 nur Nebenerwähnung in KS-Texten); Serumwert-Grauzone + Zusatzwerte erklärt; neurologische Relevanz ehrlich; keine Dosierungen.,high
/wissen/schroepfmassage/,knowledge,live,Schröpfmassage (bewegtes Schröpfen),Schröpfmassage (bewegtes Schröpfen),schröpfmassage,cupping massage,informational,consideration,,schroepfen,,,PRIMARY_OWNER,/therapien/schroepfen/;/wissen/schroepfen-wirkung-flecken/,/therapien/schroepfen/,low,article,Schröpfmassage,Daily-Cohort 24.09.2026 (~140/mo KD13; GSC zeigt bereits Impressionen). Besitzt NUR den Schröpfmassage-Intent; generisches Schröpfen bleibt Therapie-Owner (Phase 3), Wirkung/Flecken beim bestehenden Artikel; als Schröpf-Variante ehrlich deklariert; beidseitig verlinkt.,high
/wissen/shiatsu-selbstbehandlung/,knowledge,live,Shiatsu-Selbstbehandlung zu Hause,Shiatsu-Selbstbehandlung zu Hause,shiatsu selbstbehandlung,shiatsu selber machen,informational,consideration,,shiatsu,,,PRIMARY_OWNER,/therapien/shiatsu/;/wissen/was-bringt-shiatsu-wirkung-ablauf-kosten/,/therapien/shiatsu/,low,article,Shiatsu-Selbstbehandlung,Daily-Cohort 24.09.2026 (~20/mo; GSC-Query vorhanden). Self-Care-Intent; generisches Shiatsu bleibt Therapie-Owner (Phase 3), Wirkung/Kosten beim bestehenden Artikel; klare Tabuzonen + Abklärungs-Grenzen; kein Übungskatalog.,high
/gesundheitsbibliothek/befunde-werte/haemoglobin-zu-niedrig/,knowledge,live,Einordnung Laborwert Hämoglobin zu niedrig,Einordnung Laborwert Hämoglobin zu niedrig,hämoglobin zu niedrig,hämoglobin niedrig; hb wert zu niedrig; niedriger hämoglobinwert,informational,awareness,,,,,PRIMARY_OWNER,/gesundheitsbibliothek/befunde-werte/ferritin-zu-niedrig/;/beschwerden/eisenmangel/,/beschwerden/eisenmangel/,low,befund,Hämoglobin zu niedrig,Daily-Cohort 24.09.2026 Teil 2 (~590/mo KD20). Labor-Einordnung; Eisenmangel-Erkrankung bleibt Owner; Gegen-Intent haemoglobin-zu-hoch eigene Seite (beidseitig verlinkt).,high
/gesundheitsbibliothek/befunde-werte/haemoglobin-zu-hoch/,knowledge,live,Einordnung Laborwert Hämoglobin zu hoch,Einordnung Laborwert Hämoglobin zu hoch,hämoglobin zu hoch,hämoglobin erhöht; hb wert zu hoch; hoher hämoglobinwert,informational,awareness,,,,,PRIMARY_OWNER,/gesundheitsbibliothek/befunde-werte/haemoglobin-zu-niedrig/,/gesundheitsbibliothek/befunde-werte/haemoglobin-zu-niedrig/,low,befund,Hämoglobin zu hoch,Daily-Cohort 24.09.2026 Teil 2 (~210/mo KD23). Eindickung vs. echte Mehrproduktion; High/Low klar getrennt und kreuzverlinkt.,high
/gesundheitsbibliothek/befunde-werte/monozyten-erhoeht/,knowledge,live,Einordnung Laborwert Monozyten erhöht,Einordnung Laborwert Monozyten erhöht,monozyten erhöht,monozyten zu hoch; erhöhte monozyten,informational,awareness,,,,,PRIMARY_OWNER,/gesundheitsbibliothek/befunde-werte/leukozyten-erhoeht/,/gesundheitsbibliothek/befunde-werte/leukozyten-erhoeht/,low,befund,Monozyten erhöht,Daily-Cohort 24.09.2026 Teil 2 (~480/mo KD21). Leukozyten-SUBTYP; Umbrella bleibt leukozyten-erhoeht; Geschwister Lymphozyten/Neutrophile/Eosinophile/Basophile verlinkt.,high
/gesundheitsbibliothek/befunde-werte/eosinophile-erhoeht/,knowledge,live,Einordnung Laborwert Eosinophile erhöht,Einordnung Laborwert Eosinophile erhöht,eosinophile erhöht,eosinophile zu hoch; erhöhte eosinophile,informational,awareness,,,,,PRIMARY_OWNER,/gesundheitsbibliothek/befunde-werte/leukozyten-erhoeht/,/beschwerden/allergien-heuschnupfen/,low,befund,Eosinophile erhöht,Daily-Cohort 24.09.2026 Teil 2 (~170/mo KD44). SUBTYP-Owner; Allergie nicht als Automatismus; Heuschnupfen-Erkrankung bleibt Owner.,high
/gesundheitsbibliothek/befunde-werte/basophile-erhoeht/,knowledge,live,Einordnung Laborwert Basophile erhöht,Einordnung Laborwert Basophile erhöht,basophile erhöht,basophile zu hoch; erhöhte basophile,informational,awareness,,,,,PRIMARY_OWNER,/gesundheitsbibliothek/befunde-werte/leukozyten-erhoeht/,,low,befund,Basophile erhöht,Daily-Cohort 24.09.2026 Teil 2 (~90/mo KD24). Kleinste Zellgruppe: bewusst nicht alarmistisch; prozentuale Ausreisser eingeordnet.,high
/gesundheitsbibliothek/befunde-werte/ldh-erhoeht/,knowledge,live,Einordnung Laborwert LDH erhöht,Einordnung Laborwert LDH erhöht,ldh erhöht,ldh zu hoch; laktatdehydrogenase erhöht,informational,awareness,,,,,PRIMARY_OWNER,/gesundheitsbibliothek/befunde-werte/leberwerte-erhoeht/;/gesundheitsbibliothek/befunde-werte/got-ast-erhoeht/,,low,befund,LDH erhöht,Daily-Cohort 24.09.2026 Teil 2 (~110/mo KD16). Maximal unspezifischer Marker; NICHT organspezifisch gerahmt; Hämolyse-Artefakt prominent.,high
/gesundheitsbibliothek/befunde-werte/lipase-erhoeht/,knowledge,live,Einordnung Laborwert Lipase erhöht,Einordnung Laborwert Lipase erhöht,lipase erhöht,lipase zu hoch; lipase wert erhöht,informational,awareness,,,,,PRIMARY_OWNER,/gesundheitsbibliothek/befunde-werte/amylase-erhoeht/,,low,befund,Lipase erhöht,Daily-Cohort 24.09.2026 Teil 2 (~210/mo KD21). Sicherheitsseite: Wert+Symptome dringlich vs. asymptomatischer Zufallsbefund; keine Pankreatitis-Selbstdiagnose; Schwester Amylase kreuzverlinkt.,high
/gesundheitsbibliothek/befunde-werte/amylase-erhoeht/,knowledge,live,Einordnung Laborwert Amylase erhöht,Einordnung Laborwert Amylase erhöht,amylase erhöht,amylase zu hoch; amylase wert erhöht,informational,awareness,,,,,PRIMARY_OWNER,/gesundheitsbibliothek/befunde-werte/lipase-erhoeht/,/gesundheitsbibliothek/befunde-werte/lipase-erhoeht/,low,befund,Amylase erhöht,Daily-Cohort 24.09.2026 Teil 2 (~90/mo KD22). Doppelquelle Pankreas+Speicheldrüsen; Lipase als aussagekräftigerer Pankreas-Wert; eng kreuzverlinkt.,high
/gesundheitsbibliothek/befunde-werte/natrium-zu-hoch/,knowledge,live,Einordnung Laborwert Natrium zu hoch,Einordnung Laborwert Natrium zu hoch,natrium zu hoch,natrium erhöht; erhöhter natriumwert; hypernatriämie,informational,awareness,,,,,PRIMARY_OWNER,/gesundheitsbibliothek/befunde-werte/kalium-zu-hoch/,,low,befund,Natrium zu hoch,Daily-Cohort 24.09.2026 Teil 2 (~20/mo; Cluster-Wert). Wasserbilanz statt Salzkonsum; keine DIY-Korrektur; Elektrolyt-Schwester Kalium kreuzverlinkt.,high
/gesundheitsbibliothek/befunde-werte/calcium-zu-hoch/,knowledge,live,Einordnung Laborwert Calcium zu hoch,Einordnung Laborwert Calcium zu hoch,calcium zu hoch,calcium erhöht; kalzium zu hoch; kalzium erhöht; hyperkalzämie,informational,awareness,,,,,PRIMARY_OWNER,/gesundheitsbibliothek/befunde-werte/kalium-zu-hoch/;/gesundheitsbibliothek/befunde-werte/vitamin-d-zu-niedrig/,,low,befund,Calcium zu hoch,Daily-Cohort 24.09.2026 Teil 2 (~10/mo Head; Standalone über Kalzium-/Hyperkalzämie-Varianten + distinkten Inhalt Albumin-Korrektur/Nebenschilddrüse bestätigt). Keine Behandlungsempfehlungen.,high
/gesundheitsbibliothek/fragen/sport-nach-akupunktur/,knowledge,live,Sport nach Akupunktur,Sport nach Akupunktur,sport nach akupunktur,darf man nach akupunktur sport machen;training nach akupunktur;fitness nach akupunktur,informational,consideration,,,,,PRIMARY_OWNER,/gesundheitsbibliothek/fragen/muedigkeit-nach-akupunktur/;/gesundheitsbibliothek/fragen/starke-reaktion-nach-akupunktur/,/gesundheitsbibliothek/fragen/nach-der-behandlung/,low,question,Sport nach Akupunktur,Daily-Cohort 24.09.2026-c. Besitzt Sport/Training NACH Akupunktur; Hub-Kurzantwort (id sport) bleibt und verlinkt hierher; keine Ueberschneidung mit Nebenwirkungen/Muedigkeit.,high
/gesundheitsbibliothek/fragen/schwimmen-nach-akupunktur/,knowledge,live,Schwimmen nach Akupunktur,Schwimmen nach Akupunktur,schwimmen nach akupunktur,darf man nach akupunktur schwimmen;baden nach akupunktur;pool nach akupunktur,informational,consideration,,,,,PRIMARY_OWNER,/gesundheitsbibliothek/fragen/sport-nach-akupunktur/;/therapien/dauernadeln/;/therapien/ear-seeds/,/gesundheitsbibliothek/fragen/nach-der-behandlung/,low,question,Schwimmen nach Akupunktur,Daily-Cohort 24.09.2026-c. Besitzt Schwimmen/Baden/Sauna nach Akupunktur; Hub-Kurzantwort (id sauna) bleibt und verlinkt hierher; Dauernadeln/Ear-Seeds-Pflege bleibt bei deren Seiten.,high
/gesundheitsbibliothek/fragen/alkohol-nach-akupunktur/,knowledge,live,Alkohol nach Akupunktur,Alkohol nach Akupunktur,alkohol nach akupunktur,darf man nach akupunktur alkohol trinken;wein nach akupunktur,informational,consideration,,,,,PRIMARY_OWNER,/gesundheitsbibliothek/fragen/muedigkeit-nach-akupunktur/;/gesundheitsbibliothek/fragen/tcm-kraeuter-nebenwirkungen/,/gesundheitsbibliothek/fragen/nach-der-behandlung/,low,question,Alkohol nach Akupunktur,Daily-Cohort 24.09.2026-c. Besitzt Alkohol nach Akupunktur; Hub-Kurzantwort (id alkohol) bleibt und verlinkt hierher; Kraeuter-Wechselwirkungen bei tcm-kraeuter-nebenwirkungen.,high
/gesundheitsbibliothek/fragen/schmerzen-nach-akupunktur-schlimmer/,knowledge,live,Staerkere Schmerzen nach Akupunktur,Staerkere Schmerzen nach Akupunktur,schmerzen nach akupunktur schlimmer,nach akupunktur mehr schmerzen;nach akupunktur staerkere schmerzen;verschlimmerung nach akupunktur,informational,consideration,,,,,PRIMARY_OWNER,/gesundheitsbibliothek/fragen/starke-reaktion-nach-akupunktur/;/gesundheitsbibliothek/fragen/akupunktur-nerv-getroffen/,/gesundheitsbibliothek/fragen/starke-reaktion-nach-akupunktur/,low,question,Nach Akupunktur mehr Schmerzen,Daily-Cohort 24.09.2026-c. Besitzt NUR verstaerkten SCHMERZ nach Behandlung; starke-reaktion bleibt Umbrella fuer das breite Reaktionsmuster (beidseitig verlinkt); keine Heilkrise-Behauptung.,high
/gesundheitsbibliothek/fragen/schroepfen-nebenwirkungen/,knowledge,live,Schroepfen Nebenwirkungen,Schroepfen Nebenwirkungen,schröpfen nebenwirkungen,nebenwirkungen schröpfen;schröpfen gefährlich,informational,consideration,,,,,PRIMARY_OWNER,/therapien/schroepfen/;/wissen/schroepfen-wirkung-flecken/;/therapien/schroepfen/blutiges-schroepfen/,/wissen/schroepfen-wirkung-flecken/,low,question,Schroepfen: Nebenwirkungen,Daily-Cohort 24.09.2026-c. Semrush CH ~110 KD~26. Besitzt Safety/Nebenwirkungs-Intent; Head-Term bleibt /therapien/schroepfen/ (Phase 3 LOCKED); Flecken-Deutung bleibt beim Wissen-Artikel (beidseitig verlinkt).,high
/gesundheitsbibliothek/fragen/tut-schroepfen-weh/,knowledge,live,Tut Schroepfen weh,Tut Schroepfen weh,tut schröpfen weh,ist schröpfen schmerzhaft;schmerzen beim schröpfen,informational,consideration,,,,,PRIMARY_OWNER,/gesundheitsbibliothek/fragen/schroepfen-nebenwirkungen/;/wissen/schroepfmassage/,/gesundheitsbibliothek/fragen/schroepfen-methoden/,low,question,Tut Schroepfen weh?,Daily-Cohort 24.09.2026-c. Besitzt Schmerz WAEHREND der Behandlung; Nebenwirkungen DANACH bei schroepfen-nebenwirkungen; Hub-Kurzantwort (id schroepfen-schmerz) bleibt und verlinkt hierher.,high
/gesundheitsbibliothek/fragen/tuina-nebenwirkungen/,knowledge,live,Tuina Nebenwirkungen,Tuina Nebenwirkungen,tuina nebenwirkungen,tuina massage nebenwirkungen;schmerzen nach tuina,informational,consideration,,,,,PRIMARY_OWNER,/therapien/tuina/;/gesundheitsbibliothek/fragen/nach-der-behandlung/,/therapien/tuina/,low,question,Tuina: Nebenwirkungen,Daily-Cohort 24.09.2026-c. Besitzt Safety-Intent zu Tuina; Therapie-Head bleibt /therapien/tuina/ (unveraendert); Chip-Link von der Therapieseite hierher.,high
/gesundheitsbibliothek/fragen/tcm-kraeuter-nebenwirkungen/,knowledge,live,TCM-Kraeuter Nebenwirkungen,TCM-Kraeuter Nebenwirkungen,tcm kräuter nebenwirkungen,chinesische kräuter nebenwirkungen;tcm arzneimittel nebenwirkungen,informational,consideration,,,,,PRIMARY_OWNER,/therapien/kraeutertherapie/;/gesundheitsbibliothek/fragen/akupunktur-blutverduenner/;/gesundheitsbibliothek/fragen/tcm-kraeuter-erstverschlimmerung/,/therapien/kraeutertherapie/,low,question,TCM-Kraeuter: Nebenwirkungen,Daily-Cohort 24.09.2026-c. Besitzt Arzneimittel-Safety-Intent (Nebenwirkungen+Wechselwirkungen); Therapie-Head bleibt /therapien/kraeutertherapie/; keine erfundene Interaktionsliste; keine Selbstmedikations-Empfehlung.,high
/gesundheitsbibliothek/fragen/tcm-kraeuter-erstverschlimmerung/,knowledge,live,Erstverschlimmerung durch TCM-Kraeuter,Erstverschlimmerung durch TCM-Kraeuter,tcm kräuter erstverschlimmerung,verschlimmerung nach tcm kräutern;tcm kräuter verschlimmerung,informational,consideration,,,,,PRIMARY_OWNER,/gesundheitsbibliothek/fragen/tcm-kraeuter-nebenwirkungen/;/therapien/kraeutertherapie/,/gesundheitsbibliothek/fragen/tcm-kraeuter-nebenwirkungen/,low,question,Erstverschlimmerung durch TCM-Kraeuter,Daily-Cohort 24.09.2026-c. Semrush CH ~20. Besitzt Verschlechterung nach KRAEUTERN; starke-reaktion bleibt Akupunktur-Owner (nur konzeptueller Verweis); keine Weiternahme-/Absetz-Anweisung.,high
/gesundheitsbibliothek/fragen/essen-vor-akupunktur/,knowledge,live,Essen vor Akupunktur,Essen vor Akupunktur,essen vor akupunktur,nüchtern zur akupunktur;vor akupunktur essen;darf man vor akupunktur essen,informational,pre-booking,,,,,PRIMARY_OWNER,/gesundheitsbibliothek/fragen/was-passiert-beim-ersten-termin/;/gesundheitsbibliothek/fragen/kleidung-akupunktur/,/gesundheitsbibliothek/fragen/erster-termin/,low,question,Essen vor Akupunktur,Pre-Treatment-Cohort 24.09.2026-d. Besitzt Essen/Nuechtern-Frage VOR der Behandlung; Hub-Kurzantwort (id essen) bleibt und verlinkt hierher.,high
/gesundheitsbibliothek/fragen/kleidung-akupunktur/,knowledge,live,Kleidung bei Akupunktur,Kleidung bei Akupunktur,was anziehen akupunktur,kleidung akupunktur;was trägt man bei akupunktur;muss man sich bei akupunktur ausziehen,informational,pre-booking,,,,,PRIMARY_OWNER,/gesundheitsbibliothek/fragen/was-passiert-beim-ersten-termin/;/gesundheitsbibliothek/fragen/essen-vor-akupunktur/,/gesundheitsbibliothek/fragen/erster-termin/,low,question,Was zur Akupunktur anziehen,Pre-Treatment-Cohort 24.09.2026-d. Besitzt Kleidungs-/Zugangs-Frage; Hub-Kurzantwort (id kleidung) bleibt und verlinkt hierher.,high
/gesundheitsbibliothek/fragen/wie-lange-dauert-akupunktur/,knowledge,live,Dauer einer Akupunkturbehandlung,Dauer einer Akupunkturbehandlung,wie lange dauert akupunktur,dauer akupunktur;wie lange dauert eine akupunkturbehandlung;akupunktur termin dauer,informational,pre-booking,,,,,PRIMARY_OWNER,/gesundheitsbibliothek/fragen/was-passiert-beim-ersten-termin/;/wissen/wie-lange-bleiben-akupunkturnadeln-drin/,/gesundheitsbibliothek/fragen/erster-termin/,low,question,Wie lange dauert Akupunktur,Pre-Treatment-Cohort 24.09.2026-d. Semrush CH ~20 KD~0. Besitzt GESAMTE Termindauer; Nadel-Liegezeit bleibt bei /wissen/wie-lange-bleiben-akupunkturnadeln-drin/ (prominent verlinkt); Hub-Kurzantwort (id dauer) bleibt.,high
/gesundheitsbibliothek/fragen/wie-viele-akupunkturnadeln/,knowledge,live,Anzahl Akupunkturnadeln,Anzahl Akupunkturnadeln,wie viele nadeln akupunktur,wie viele akupunkturnadeln;anzahl nadeln akupunktur,informational,pre-booking,,,,,PRIMARY_OWNER,/gesundheitsbibliothek/fragen/angst-vor-akupunktur-nadeln/;/gesundheitsbibliothek/fragen/wie-tief-akupunkturnadeln/;/gesundheitsbibliothek/fragen/tut-akupunktur-weh/,,low,question,Wie viele Nadeln bei Akupunktur,Pre-Treatment-Cohort 24.09.2026-d. Besitzt Nadelanzahl-Erwartung; keine Standardzahl versprochen; mehr ist nicht besser.,high
/gesundheitsbibliothek/fragen/wie-tief-akupunkturnadeln/,knowledge,live,Einstichtiefe Akupunkturnadeln,Einstichtiefe Akupunkturnadeln,wie tief akupunkturnadeln,wie tief akupunktur;wie tief werden akupunkturnadeln gestochen,informational,pre-booking,,,,,PRIMARY_OWNER,/gesundheitsbibliothek/fragen/akupunktur-nerv-getroffen/;/gesundheitsbibliothek/fragen/tut-akupunktur-weh/,,low,question,Wie tief werden Akupunkturnadeln gesetzt,Pre-Treatment-Cohort 24.09.2026-d. Besitzt Einstichtiefen-Erwartung; Nervensymptome bleiben bei akupunktur-nerv-getroffen (verlinkt).,high
/gesundheitsbibliothek/fragen/angst-vor-akupunktur-nadeln/,knowledge,live,Angst vor Akupunkturnadeln,Angst vor Akupunkturnadeln,angst vor akupunktur,angst vor nadeln akupunktur;nadelangst akupunktur;akupunktur trotz nadelangst,informational,pre-booking,,,,,PRIMARY_OWNER,/gesundheitsbibliothek/fragen/tut-akupunktur-weh/;/therapien/akupressur/;/therapien/akupunktur/laserakupunktur/,,low,question,Angst vor Nadeln bei Akupunktur,Pre-Treatment-Cohort 24.09.2026-d. Besitzt Nadelangst-Intent; nadelfreie Alternativen verlinken auf bestehende Owner (Akupressur/Laserakupunktur), KEINE eigene Ohne-Nadeln-Seite (blocked 24.09-c).,high
/gesundheitsbibliothek/fragen/ueberweisung-akupunktur/,knowledge,live,Ueberweisung fuer Akupunktur,Ueberweisung fuer Akupunktur,überweisung akupunktur,brauche ich überweisung für akupunktur;akupunktur ohne überweisung;rezept für akupunktur,informational,pre-booking,,,,,PRIMARY_OWNER,/krankenkassen/akupunktur/;/gesundheitsbibliothek/fragen/was-passiert-beim-ersten-termin/,/krankenkassen/akupunktur/,low,question,Braucht man eine Ueberweisung,Pre-Treatment-Cohort 24.09.2026-d. Besitzt praktische Zugangs-Frage; Kostenuebernahme bleibt bei /krankenkassen/akupunktur/ (prominent verlinkt, kein Coverage-Versprechen); Hub-Kurzantwort (id ueberweisung) bleibt.,high
/gesundheitsbibliothek/fragen/wie-oft-akupunktur/,knowledge,live,Frequenz der Akupunktur,Frequenz der Akupunktur,wie oft akupunktur,wie oft sollte man akupunktur machen;akupunktur abstände;wie häufig akupunktur,informational,pre-booking,,,,,PRIMARY_OWNER,/gesundheitsbibliothek/fragen/wann-wirkt-akupunktur/;/gesundheitsbibliothek/fragen/akupunktur/,/gesundheitsbibliothek/fragen/akupunktur/,low,question,Wie oft Akupunktur,Pre-Treatment-Cohort 24.09.2026-d. Besitzt Behandlungsfrequenz/Rhythmus; Sitzungs-ANZAHL bleibt Hub-Kurzantwort akupunktur#sitzungen, Abstaende-Kurzantwort bleibt nach-der-behandlung#abstaende (beide verlinken hierher); kein universeller Behandlungsplan.,high
/gesundheitsbibliothek/fragen/wann-wirkt-akupunktur/,knowledge,live,Wirkungseintritt Akupunktur,Wirkungseintritt Akupunktur,wann wirkt akupunktur,wann hilft akupunktur;wie schnell wirkt akupunktur;wann merkt man akupunktur,informational,pre-booking,,,,,PRIMARY_OWNER,/gesundheitsbibliothek/fragen/wie-oft-akupunktur/;/gesundheitsbibliothek/fragen/was-passiert-beim-ersten-termin/,,low,question,Wann merkt man eine Wirkung,Pre-Treatment-Cohort 24.09.2026-d. Semrush CH ~20+~10. Besitzt Time-to-notice-Intent, KEINE generische Wirksamkeitsseite; ehrlich inkl. Kann-auch-nicht-helfen; Wissens-FAQ-Antworten bleiben kontextgebunden.,high
